Nome TFC,GC Original,QC Original,GC Otimizado,QC Otimizado,Diff GC,Diff QC,Observações
circuito_aleatorio_0000.tfc,650,227774,650,227710,0,64,
circuito_aleatorio_0001.tfc,650,294639,650,294639,0,0,
circuito_aleatorio_0002.tfc,650,238379,650,238379,0,0,
circuito_aleatorio_0003.tfc,650,232834,650,232834,0,0,
circuito_aleatorio_0004.tfc,650,202306,650,202306,0,0,
circuito_aleatorio_0005.tfc,650,229556,650,229556,0,0,
circuito_aleatorio_0006.tfc,650,235709,650,235705,0,4,
circuito_aleatorio_0007.tfc,650,244562,650,244562,0,0,
circuito_aleatorio_0008.tfc,650,233793,650,233793,0,0,
circuito_aleatorio_0009.tfc,650,250742,650,250582,0,160,
