Nome TFC,GC Original,QC Original,GC Otimizado,QC Otimizado,Diff GC,Diff QC,Observações
circuito_aleatorio_0000.tfc,750,189760,750,189760,0,0,
circuito_aleatorio_0001.tfc,750,211172,750,211172,0,0,
circuito_aleatorio_0002.tfc,750,198235,750,198219,0,16,
circuito_aleatorio_0003.tfc,750,180751,750,180751,0,0,
circuito_aleatorio_0004.tfc,750,159860,750,159860,0,0,
circuito_aleatorio_0005.tfc,750,174950,750,174950,0,0,
circuito_aleatorio_0006.tfc,750,180848,750,180848,0,0,
circuito_aleatorio_0007.tfc,750,197825,749,197794,1,31,
circuito_aleatorio_0008.tfc,750,190236,750,190236,0,0,
circuito_aleatorio_0009.tfc,750,186606,750,186606,0,0,
