Nome TFC,GC Original,QC Original,GC Otimizado,QC Otimizado,Diff GC,Diff QC,Observações
circuito_aleatorio_0000.tfc,200,61266,200,61266,0,0,
circuito_aleatorio_0001.tfc,200,84249,200,84249,0,0,
circuito_aleatorio_0002.tfc,200,60562,200,60562,0,0,
circuito_aleatorio_0003.tfc,200,105206,200,105142,0,64,
circuito_aleatorio_0004.tfc,200,89516,200,89516,0,0,
circuito_aleatorio_0005.tfc,200,78182,200,78182,0,0,
circuito_aleatorio_0006.tfc,200,71097,200,71097,0,0,
circuito_aleatorio_0007.tfc,200,68307,200,68307,0,0,
circuito_aleatorio_0008.tfc,200,75459,200,75459,0,0,
circuito_aleatorio_0009.tfc,200,87202,200,87202,0,0,
