Nome TFC,GC Original,QC Original,GC Otimizado,QC Otimizado,Diff GC,Diff QC,Observações
circuito_aleatorio_0000.tfc,750,76760,748,76426,2,334,
circuito_aleatorio_0001.tfc,750,97516,749,97505,1,11,
circuito_aleatorio_0002.tfc,750,85237,750,85185,0,52,
circuito_aleatorio_0003.tfc,750,87860,750,87860,0,0,
circuito_aleatorio_0004.tfc,750,75512,750,75496,0,16,
circuito_aleatorio_0005.tfc,750,71246,750,71103,0,143,
circuito_aleatorio_0006.tfc,750,72539,749,72515,1,24,
circuito_aleatorio_0007.tfc,750,81208,749,81155,1,53,
circuito_aleatorio_0008.tfc,750,85718,749,85651,1,67,
circuito_aleatorio_0009.tfc,750,86198,746,86086,4,112,
