Nome TFC,GC Original,QC Original,GC Otimizado,QC Otimizado,Diff GC,Diff QC,Observações
circuito_aleatorio_0000.tfc,400,18017,398,17990,2,27,
circuito_aleatorio_0001.tfc,400,20166,395,20114,5,52,
circuito_aleatorio_0002.tfc,400,19131,399,19112,1,19,
circuito_aleatorio_0003.tfc,400,20709,396,20608,4,101,
circuito_aleatorio_0004.tfc,400,20275,396,20040,4,235,
circuito_aleatorio_0005.tfc,400,17964,393,17646,7,318,
circuito_aleatorio_0006.tfc,400,19005,400,18847,0,158,
circuito_aleatorio_0007.tfc,400,20150,399,20117,1,33,
circuito_aleatorio_0008.tfc,400,18274,398,18234,2,40,
circuito_aleatorio_0009.tfc,400,21151,399,21069,1,82,
