Nome TFC,GC Original,QC Original,GC Otimizado,QC Otimizado,Diff GC,Diff QC,Observações
circuito_aleatorio_0000.tfc,700,113976,699,113947,1,29,
circuito_aleatorio_0001.tfc,700,136579,699,136553,1,26,
circuito_aleatorio_0002.tfc,700,114972,700,114844,0,128,
circuito_aleatorio_0003.tfc,700,123111,700,123111,0,0,
circuito_aleatorio_0004.tfc,700,111422,699,111409,1,13,
circuito_aleatorio_0005.tfc,700,95261,699,95248,1,13,
circuito_aleatorio_0006.tfc,700,105919,700,105903,0,16,
circuito_aleatorio_0007.tfc,700,118216,699,118195,1,21,
circuito_aleatorio_0008.tfc,700,123974,700,123958,0,16,
circuito_aleatorio_0009.tfc,700,116208,699,116187,1,21,
