Nome TFC,Qtd. Portas,Qtd. Subcircuitos,Tamanho Médio das Janelas,Maior Janela,Menor Janela,Observacao
benchmark_aleatorio_otimos_regras/n12_p700/2024-07-26/benchmark_2024-07-26_circuito_aleatorio_0000.tfc,699,1,699.0,699,699,
benchmark_aleatorio_otimos_regras/n12_p700/2024-07-26/benchmark_2024-07-26_circuito_aleatorio_0001.tfc,699,1,699.0,699,699,
benchmark_aleatorio_otimos_regras/n12_p700/2024-07-26/benchmark_2024-07-26_circuito_aleatorio_0002.tfc,700,1,700.0,700,700,
benchmark_aleatorio_otimos_regras/n12_p700/2024-07-26/benchmark_2024-07-26_circuito_aleatorio_0003.tfc,700,1,700.0,700,700,
benchmark_aleatorio_otimos_regras/n12_p700/2024-07-26/benchmark_2024-07-26_circuito_aleatorio_0004.tfc,699,1,699.0,699,699,
benchmark_aleatorio_otimos_regras/n12_p700/2024-07-26/benchmark_2024-07-26_circuito_aleatorio_0005.tfc,699,1,699.0,699,699,
benchmark_aleatorio_otimos_regras/n12_p700/2024-07-26/benchmark_2024-07-26_circuito_aleatorio_0006.tfc,700,1,700.0,700,700,
benchmark_aleatorio_otimos_regras/n12_p700/2024-07-26/benchmark_2024-07-26_circuito_aleatorio_0007.tfc,699,1,699.0,699,699,
benchmark_aleatorio_otimos_regras/n12_p700/2024-07-26/benchmark_2024-07-26_circuito_aleatorio_0008.tfc,700,1,700.0,700,700,
benchmark_aleatorio_otimos_regras/n12_p700/2024-07-26/benchmark_2024-07-26_circuito_aleatorio_0009.tfc,699,1,699.0,699,699,
