Nome TFC,GC Original,QC Original,GC Otimizado,QC Otimizado,Diff GC,Diff QC,Observações
circuito_aleatorio_0000.tfc,200,13576,199,13559,1,17,
circuito_aleatorio_0001.tfc,200,13081,198,12971,2,110,
circuito_aleatorio_0002.tfc,200,16024,200,15960,0,64,
circuito_aleatorio_0003.tfc,200,12882,200,12882,0,0,
circuito_aleatorio_0004.tfc,200,13912,200,13872,0,40,
circuito_aleatorio_0005.tfc,200,18177,198,18175,2,2,
circuito_aleatorio_0006.tfc,200,17066,200,17038,0,28,
circuito_aleatorio_0007.tfc,200,17785,200,17753,0,32,
circuito_aleatorio_0008.tfc,200,14988,200,14952,0,36,
circuito_aleatorio_0009.tfc,200,12075,200,12043,0,32,
