Nome TFC,GC Original,QC Original,GC Otimizado,QC Otimizado,Diff GC,Diff QC,Observações
circuito_aleatorio_0000.tfc,150,19154,150,19154,0,0,
circuito_aleatorio_0001.tfc,150,23519,150,23519,0,0,
circuito_aleatorio_0002.tfc,150,31212,150,31212,0,0,
circuito_aleatorio_0003.tfc,150,26892,149,26863,1,29,
circuito_aleatorio_0004.tfc,150,21941,150,21941,0,0,
circuito_aleatorio_0005.tfc,150,31321,149,31320,1,1,
circuito_aleatorio_0006.tfc,150,29285,150,29285,0,0,
circuito_aleatorio_0007.tfc,150,29674,150,29674,0,0,
circuito_aleatorio_0008.tfc,150,28081,150,28065,0,16,
circuito_aleatorio_0009.tfc,150,26911,150,26774,0,137,
