Nome TFC,GC Original,QC Original,GC Otimizado,QC Otimizado,Diff GC,Diff QC,Observações
circuito_aleatorio_0000.tfc,10,1922,10,1922,0,0,
circuito_aleatorio_0001.tfc,10,2770,10,2770,0,0,
circuito_aleatorio_0002.tfc,10,4002,10,4002,0,0,
circuito_aleatorio_0003.tfc,10,1650,10,1650,0,0,
circuito_aleatorio_0004.tfc,10,3970,10,3970,0,0,
circuito_aleatorio_0005.tfc,10,3138,10,3138,0,0,
circuito_aleatorio_0006.tfc,10,6226,10,6226,0,0,
circuito_aleatorio_0007.tfc,10,2418,10,2418,0,0,
circuito_aleatorio_0008.tfc,10,1634,10,1634,0,0,
circuito_aleatorio_0009.tfc,10,1866,10,1866,0,0,
