Nome TFC,GC Original,QC Original,GC Otimizado,QC Otimizado,Diff GC,Diff QC,Observações
circuito_aleatorio_0000.tfc,600,28609,596,28568,4,41,
circuito_aleatorio_0001.tfc,600,28705,596,28648,4,57,
circuito_aleatorio_0002.tfc,600,31514,593,31275,7,239,
circuito_aleatorio_0003.tfc,600,27434,592,27019,8,415,
circuito_aleatorio_0004.tfc,600,29032,600,28854,0,178,
circuito_aleatorio_0005.tfc,600,28397,597,28344,3,53,
circuito_aleatorio_0006.tfc,600,29434,596,29331,4,103,
circuito_aleatorio_0007.tfc,600,27528,595,27307,5,221,
circuito_aleatorio_0008.tfc,600,25665,596,25504,4,161,
circuito_aleatorio_0009.tfc,600,27345,597,27289,3,56,
