Nome TFC,Qtd. Portas,Qtd. Subcircuitos,Tamanho Médio das Janelas,Maior Janela,Menor Janela,Observacao
benchmark_aleatorio_otimos_regras/n9_p600/2024-07-26/benchmark_2024-07-26_circuito_aleatorio_0000.tfc,596,1,596.0,596,596,
benchmark_aleatorio_otimos_regras/n9_p600/2024-07-26/benchmark_2024-07-26_circuito_aleatorio_0001.tfc,596,1,596.0,596,596,
benchmark_aleatorio_otimos_regras/n9_p600/2024-07-26/benchmark_2024-07-26_circuito_aleatorio_0002.tfc,593,1,593.0,593,593,
benchmark_aleatorio_otimos_regras/n9_p600/2024-07-26/benchmark_2024-07-26_circuito_aleatorio_0003.tfc,592,1,592.0,592,592,
benchmark_aleatorio_otimos_regras/n9_p600/2024-07-26/benchmark_2024-07-26_circuito_aleatorio_0004.tfc,600,1,600.0,600,600,
benchmark_aleatorio_otimos_regras/n9_p600/2024-07-26/benchmark_2024-07-26_circuito_aleatorio_0005.tfc,597,1,597.0,597,597,
benchmark_aleatorio_otimos_regras/n9_p600/2024-07-26/benchmark_2024-07-26_circuito_aleatorio_0006.tfc,596,1,596.0,596,596,
benchmark_aleatorio_otimos_regras/n9_p600/2024-07-26/benchmark_2024-07-26_circuito_aleatorio_0007.tfc,595,1,595.0,595,595,
benchmark_aleatorio_otimos_regras/n9_p600/2024-07-26/benchmark_2024-07-26_circuito_aleatorio_0008.tfc,596,1,596.0,596,596,
benchmark_aleatorio_otimos_regras/n9_p600/2024-07-26/benchmark_2024-07-26_circuito_aleatorio_0009.tfc,597,1,597.0,597,597,
