N,P,Nome TFC,GC Original,QC Original,GC Otimizado,QC Otimizado,Diff GC,Diff QC
3,500,circuito_aleatorio_0000.tfc,500,1216,1,1,499,1215,
3,500,circuito_aleatorio_0001.tfc,500,1263,0,0,500,1263,
3,500,circuito_aleatorio_0002.tfc,500,1267,2,4,498,1263,
3,500,circuito_aleatorio_0003.tfc,500,1319,1,1,499,1318,
3,500,circuito_aleatorio_0004.tfc,500,1296,1,3,499,1293,
3,500,circuito_aleatorio_0005.tfc,500,1264,1,1,499,1263,
3,500,circuito_aleatorio_0006.tfc,500,1236,1,5,499,1231,
3,500,circuito_aleatorio_0007.tfc,500,1252,1,6,499,1246,
3,500,circuito_aleatorio_0008.tfc,500,1307,2,6,498,1301,
3,500,circuito_aleatorio_0009.tfc,500,1366,1,5,499,1361,
3,1000,circuito_aleatorio_0000.tfc,1000,2479,1,1,999,2478,
3,1000,circuito_aleatorio_0001.tfc,1000,2586,2,6,998,2580,
3,1000,circuito_aleatorio_0002.tfc,1000,2560,1,1,999,2559,
3,1000,circuito_aleatorio_0003.tfc,1000,2488,1,3,999,2485,
3,1000,circuito_aleatorio_0004.tfc,1000,2673,1,3,999,2670,
3,1000,circuito_aleatorio_0005.tfc,1000,2598,1,5,999,2593,
3,1000,circuito_aleatorio_0006.tfc,1000,2682,2,7,998,2675,
3,1000,circuito_aleatorio_0007.tfc,1000,2592,2,4,998,2588,
3,1000,circuito_aleatorio_0008.tfc,1000,2487,1,1,999,2486,
3,1000,circuito_aleatorio_0009.tfc,1000,2592,2,6,998,2586,
3,1500,circuito_aleatorio_0000.tfc,1500,3746,1,3,1499,3743,
3,1500,circuito_aleatorio_0001.tfc,1500,3879,0,0,1500,3879,
3,1500,circuito_aleatorio_0002.tfc,1500,3795,2,7,1498,3788,
3,1500,circuito_aleatorio_0003.tfc,1500,3964,1,1,1499,3963,
3,1500,circuito_aleatorio_0004.tfc,1500,3981,2,6,1498,3975,
3,1500,circuito_aleatorio_0005.tfc,1500,3780,1,1,1499,3779,
3,1500,circuito_aleatorio_0006.tfc,1500,3824,0,0,1500,3824,
3,1500,circuito_aleatorio_0007.tfc,1500,3868,1,3,1499,3865,
3,1500,circuito_aleatorio_0008.tfc,1500,3834,1,5,1499,3829,
3,1500,circuito_aleatorio_0009.tfc,1500,3903,1,6,1499,3897,
3,2000,circuito_aleatorio_0000.tfc,2000,5065,1,1,1999,5064,
3,2000,circuito_aleatorio_0001.tfc,2000,5048,1,1,1999,5047,
3,2000,circuito_aleatorio_0002.tfc,2000,5271,1,6,1999,5265,
3,2000,circuito_aleatorio_0003.tfc,2000,5274,2,6,1998,5268,
3,2000,circuito_aleatorio_0004.tfc,2000,5079,1,5,1999,5074,
3,2000,circuito_aleatorio_0005.tfc,2000,5100,1,5,1999,5095,
3,2000,circuito_aleatorio_0006.tfc,2000,5100,1,5,1999,5095,
3,2000,circuito_aleatorio_0007.tfc,2000,5210,1,1,1999,5209,
3,2000,circuito_aleatorio_0008.tfc,2000,4947,1,5,1999,4942,
3,2000,circuito_aleatorio_0009.tfc,2000,4947,1,3,1999,4944,
3,2500,circuito_aleatorio_0000.tfc,2500,6361,1,1,2499,6360,
3,2500,circuito_aleatorio_0001.tfc,2500,6425,1,1,2499,6424,
3,2500,circuito_aleatorio_0002.tfc,2500,6579,1,3,2499,6576,
3,2500,circuito_aleatorio_0003.tfc,2500,6372,1,5,2499,6367,
3,2500,circuito_aleatorio_0004.tfc,2500,6425,1,3,2499,6422,
3,2500,circuito_aleatorio_0005.tfc,2500,6412,1,5,2499,6407,
3,2500,circuito_aleatorio_0006.tfc,2500,6228,2,4,2498,6224,
3,2500,circuito_aleatorio_0007.tfc,2500,6239,1,3,2499,6236,
3,2500,circuito_aleatorio_0008.tfc,2500,6162,1,1,2499,6161,
3,2500,circuito_aleatorio_0009.tfc,2500,6284,2,6,2498,6278,
3,3000,circuito_aleatorio_0000.tfc,3000,7625,1,3,2999,7622,
3,3000,circuito_aleatorio_0001.tfc,3000,7759,1,5,2999,7754,
3,3000,circuito_aleatorio_0002.tfc,3000,7761,1,5,2999,7756,
3,3000,circuito_aleatorio_0003.tfc,3000,7692,1,3,2999,7689,
3,3000,circuito_aleatorio_0004.tfc,3000,7737,2,4,2998,7733,
3,3000,circuito_aleatorio_0005.tfc,3000,7520,1,1,2999,7519,
3,3000,circuito_aleatorio_0006.tfc,3000,7394,1,5,2999,7389,
3,3000,circuito_aleatorio_0007.tfc,3000,7516,1,1,2999,7515,
3,3000,circuito_aleatorio_0008.tfc,3000,7430,1,6,2999,7424,
3,3000,circuito_aleatorio_0009.tfc,3000,7569,2,6,2998,7563,
3,3500,circuito_aleatorio_0000.tfc,3500,8861,1,6,3499,8855,
3,3500,circuito_aleatorio_0001.tfc,3500,9205,2,7,3498,9198,
3,3500,circuito_aleatorio_0002.tfc,3500,8903,2,6,3498,8897,
3,3500,circuito_aleatorio_0003.tfc,3500,8968,2,6,3498,8962,
3,3500,circuito_aleatorio_0004.tfc,3500,8865,1,5,3499,8860,
3,3500,circuito_aleatorio_0005.tfc,3500,8686,1,5,3499,8681,
3,3500,circuito_aleatorio_0006.tfc,3500,8787,1,6,3499,8781,
3,3500,circuito_aleatorio_0007.tfc,3500,8674,1,3,3499,8671,
3,3500,circuito_aleatorio_0008.tfc,3500,8971,1,6,3499,8965,
3,3500,circuito_aleatorio_0009.tfc,3500,8951,1,6,3499,8945,
3,4000,circuito_aleatorio_0000.tfc,4000,10113,0,0,4000,10113,
3,4000,circuito_aleatorio_0001.tfc,4000,10545,2,6,3998,10539,
3,4000,circuito_aleatorio_0002.tfc,4000,10179,1,1,3999,10178,
3,4000,circuito_aleatorio_0003.tfc,4000,10310,1,5,3999,10305,
3,4000,circuito_aleatorio_0004.tfc,4000,9894,1,6,3999,9888,
3,4000,circuito_aleatorio_0005.tfc,4000,9963,2,6,3998,9957,
3,4000,circuito_aleatorio_0006.tfc,4000,9945,1,5,3999,9940,
3,4000,circuito_aleatorio_0007.tfc,4000,10290,2,4,3998,10286,
3,4000,circuito_aleatorio_0008.tfc,4000,10135,1,3,3999,10132,
3,4000,circuito_aleatorio_0009.tfc,4000,10254,1,5,3999,10249,
3,4500,circuito_aleatorio_0000.tfc,4500,11420,2,6,4498,11414,
3,4500,circuito_aleatorio_0001.tfc,4500,11725,1,5,4499,11720,
3,4500,circuito_aleatorio_0002.tfc,4500,11526,2,6,4498,11520,
3,4500,circuito_aleatorio_0003.tfc,4500,11423,2,7,4498,11416,
3,4500,circuito_aleatorio_0004.tfc,4500,11109,1,1,4499,11108,
3,4500,circuito_aleatorio_0005.tfc,4500,11231,0,0,4500,11231,
3,4500,circuito_aleatorio_0006.tfc,4500,11486,1,5,4499,11481,
3,4500,circuito_aleatorio_0007.tfc,4500,11454,2,6,4498,11448,
3,4500,circuito_aleatorio_0008.tfc,4500,11553,2,6,4498,11547,
3,4500,circuito_aleatorio_0009.tfc,4500,11617,2,7,4498,11610,
3,5000,circuito_aleatorio_0000.tfc,5000,12786,1,3,4999,12783,
3,5000,circuito_aleatorio_0001.tfc,5000,12951,1,6,4999,12945,
3,5000,circuito_aleatorio_0002.tfc,5000,12837,1,6,4999,12831,
3,5000,circuito_aleatorio_0003.tfc,5000,12467,1,1,4999,12466,
3,5000,circuito_aleatorio_0004.tfc,5000,12446,1,6,4999,12440,
3,5000,circuito_aleatorio_0005.tfc,5000,12516,2,6,4998,12510,
3,5000,circuito_aleatorio_0006.tfc,5000,12868,1,1,4999,12867,
3,5000,circuito_aleatorio_0007.tfc,5000,12757,2,7,4998,12750,
3,5000,circuito_aleatorio_0008.tfc,5000,12916,2,6,4998,12910,
3,5000,circuito_aleatorio_0009.tfc,5000,12834,0,0,5000,12834,
4,500,circuito_aleatorio_0000.tfc,500,2018,274,1322,226,696,
4,500,circuito_aleatorio_0001.tfc,500,2232,286,1523,214,709,
4,500,circuito_aleatorio_0002.tfc,500,2264,292,1506,208,758,
4,500,circuito_aleatorio_0003.tfc,500,2296,277,1483,223,813,
4,500,circuito_aleatorio_0004.tfc,500,2090,298,1420,202,670,
4,500,circuito_aleatorio_0005.tfc,500,2301,320,1694,180,607,
4,500,circuito_aleatorio_0006.tfc,500,2447,281,1532,219,915,
4,500,circuito_aleatorio_0007.tfc,500,2300,296,1504,204,796,
4,500,circuito_aleatorio_0008.tfc,500,2438,283,1576,217,862,
4,500,circuito_aleatorio_0009.tfc,500,2335,321,1676,179,659,
4,1000,circuito_aleatorio_0000.tfc,1000,4250,557,2839,443,1411,
4,1000,circuito_aleatorio_0001.tfc,1000,4560,568,2985,432,1575,
4,1000,circuito_aleatorio_0002.tfc,1000,4391,618,3120,382,1271,
4,1000,circuito_aleatorio_0003.tfc,1000,4747,578,3039,422,1708,
4,1000,circuito_aleatorio_0004.tfc,1000,4773,606,3257,394,1516,
4,1000,circuito_aleatorio_0005.tfc,1000,4381,600,3022,400,1359,
4,1000,circuito_aleatorio_0006.tfc,1000,4512,613,3249,387,1263,
4,1000,circuito_aleatorio_0007.tfc,1000,4629,612,3276,388,1353,
4,1000,circuito_aleatorio_0008.tfc,1000,4523,599,3024,401,1499,
4,1000,circuito_aleatorio_0009.tfc,1000,4616,587,3017,413,1599,
4,1500,circuito_aleatorio_0000.tfc,1500,6514,849,4345,651,2169,
4,1500,circuito_aleatorio_0001.tfc,1500,6687,893,4597,607,2090,
4,1500,circuito_aleatorio_0002.tfc,1500,7185,861,4615,639,2570,
4,1500,circuito_aleatorio_0003.tfc,1500,6716,919,4696,581,2020,
4,1500,circuito_aleatorio_0004.tfc,1500,6751,925,4845,575,1906,
4,1500,circuito_aleatorio_0005.tfc,1500,6913,895,4664,605,2249,
4,1500,circuito_aleatorio_0006.tfc,1500,6848,890,4587,610,2261,
4,1500,circuito_aleatorio_0007.tfc,1500,6525,855,4317,645,2208,
4,1500,circuito_aleatorio_0008.tfc,1500,6500,845,4378,655,2122,
4,1500,circuito_aleatorio_0009.tfc,1500,6358,875,4448,625,1910,
4,2000,circuito_aleatorio_0000.tfc,2000,8810,1125,5824,875,2986,
4,2000,circuito_aleatorio_0001.tfc,2000,9138,1197,6177,803,2961,
4,2000,circuito_aleatorio_0002.tfc,2000,9154,1204,6277,796,2877,
4,2000,circuito_aleatorio_0003.tfc,2000,9141,1224,6518,776,2623,
4,2000,circuito_aleatorio_0004.tfc,2000,9139,1186,6041,814,3098,
4,2000,circuito_aleatorio_0005.tfc,2000,8757,1158,5888,842,2869,
4,2000,circuito_aleatorio_0006.tfc,2000,8572,1124,5795,876,2777,
4,2000,circuito_aleatorio_0007.tfc,2000,8706,1170,6058,830,2648,
4,2000,circuito_aleatorio_0008.tfc,2000,8540,1170,5808,830,2732,
4,2000,circuito_aleatorio_0009.tfc,2000,8759,1154,5893,846,2866,
4,2500,circuito_aleatorio_0000.tfc,2500,10900,1421,7238,1079,3662,
4,2500,circuito_aleatorio_0001.tfc,2500,11821,1505,8008,995,3813,
4,2500,circuito_aleatorio_0002.tfc,2500,11132,1519,7845,981,3287,
4,2500,circuito_aleatorio_0003.tfc,2500,11529,1482,7681,1018,3848,
4,2500,circuito_aleatorio_0004.tfc,2500,10978,1444,7400,1056,3578,
4,2500,circuito_aleatorio_0005.tfc,2500,10637,1430,7305,1070,3332,
4,2500,circuito_aleatorio_0006.tfc,2500,10754,1430,7279,1070,3475,
4,2500,circuito_aleatorio_0007.tfc,2500,10965,1471,7476,1029,3489,
4,2500,circuito_aleatorio_0008.tfc,2500,11387,1490,7772,1010,3615,
4,2500,circuito_aleatorio_0009.tfc,2500,11156,1486,7485,1014,3671,
4,3000,circuito_aleatorio_0000.tfc,3000,13201,1741,8938,1259,4263,
4,3000,circuito_aleatorio_0001.tfc,3000,13901,1782,9316,1218,4585,
4,3000,circuito_aleatorio_0002.tfc,3000,13664,1819,9510,1181,4154,
4,3000,circuito_aleatorio_0003.tfc,3000,13373,1745,8906,1255,4467,
4,3000,circuito_aleatorio_0004.tfc,3000,12858,1718,8822,1282,4036,
4,3000,circuito_aleatorio_0005.tfc,3000,12960,1748,8864,1252,4096,
4,3000,circuito_aleatorio_0006.tfc,3000,13360,1758,9098,1242,4262,
4,3000,circuito_aleatorio_0007.tfc,3000,13376,1779,9072,1221,4304,
4,3000,circuito_aleatorio_0008.tfc,3000,13482,1791,9142,1209,4340,
4,3000,circuito_aleatorio_0009.tfc,3000,13607,1755,9215,1245,4392,
4,3500,circuito_aleatorio_0000.tfc,3500,15648,2023,10488,1477,5160,
4,3500,circuito_aleatorio_0001.tfc,3500,15966,2107,11008,1393,4958,
4,3500,circuito_aleatorio_0002.tfc,3500,16000,2097,10855,1403,5145,
4,3500,circuito_aleatorio_0003.tfc,3500,15097,1977,10109,1523,4988,
4,3500,circuito_aleatorio_0004.tfc,3500,15040,2023,10291,1477,4749,
4,3500,circuito_aleatorio_0005.tfc,3500,15566,2075,10681,1425,4885,
4,3500,circuito_aleatorio_0006.tfc,3500,15628,2062,10489,1438,5139,
4,3500,circuito_aleatorio_0007.tfc,3500,15790,2100,10925,1400,4865,
4,3500,circuito_aleatorio_0008.tfc,3500,15930,2059,10600,1441,5330,
4,3500,circuito_aleatorio_0009.tfc,3500,15595,2052,10433,1448,5162,
4,4000,circuito_aleatorio_0000.tfc,4000,17948,2320,11995,1680,5953,
4,4000,circuito_aleatorio_0001.tfc,4000,18295,2422,12773,1578,5522,
4,4000,circuito_aleatorio_0002.tfc,4000,17896,2344,11930,1656,5966,
4,4000,circuito_aleatorio_0003.tfc,4000,17278,2294,11853,1706,5425,
4,4000,circuito_aleatorio_0004.tfc,4000,17299,2323,11699,1677,5600,
4,4000,circuito_aleatorio_0005.tfc,4000,17977,2383,12273,1617,5704,
4,4000,circuito_aleatorio_0006.tfc,4000,18042,2385,12342,1615,5700,
4,4000,circuito_aleatorio_0007.tfc,4000,18112,2355,12080,1645,6032,
4,4000,circuito_aleatorio_0008.tfc,4000,17951,2381,12268,1619,5683,
4,4000,circuito_aleatorio_0009.tfc,4000,17919,2303,12022,1697,5897,
4,4500,circuito_aleatorio_0000.tfc,4500,20386,2603,13571,1897,6815,
4,4500,circuito_aleatorio_0001.tfc,4500,20380,2732,14184,1768,6196,
4,4500,circuito_aleatorio_0002.tfc,4500,19873,2588,13281,1912,6592,
4,4500,circuito_aleatorio_0003.tfc,4500,19318,2622,13297,1878,6021,
4,4500,circuito_aleatorio_0004.tfc,4500,20146,2644,13669,1856,6477,
4,4500,circuito_aleatorio_0005.tfc,4500,20072,2682,13634,1818,6438,
4,4500,circuito_aleatorio_0006.tfc,4500,20490,2653,13808,1847,6682,
4,4500,circuito_aleatorio_0007.tfc,4500,20133,2676,13749,1824,6384,
4,4500,circuito_aleatorio_0008.tfc,4500,20196,2589,13447,1911,6749,
4,4500,circuito_aleatorio_0009.tfc,4500,20068,2606,13477,1894,6591,
4,5000,circuito_aleatorio_0000.tfc,5000,22721,2926,15252,2074,7469,
4,5000,circuito_aleatorio_0001.tfc,5000,22661,3000,15527,2000,7134,
4,5000,circuito_aleatorio_0002.tfc,5000,21615,2874,14707,2126,6908,
4,5000,circuito_aleatorio_0003.tfc,5000,21719,2901,14755,2099,6964,
4,5000,circuito_aleatorio_0004.tfc,5000,22543,2975,15258,2025,7285,
4,5000,circuito_aleatorio_0005.tfc,5000,22523,2953,15355,2047,7168,
4,5000,circuito_aleatorio_0006.tfc,5000,22478,2949,15025,2051,7453,
4,5000,circuito_aleatorio_0007.tfc,5000,22457,2927,15340,2073,7117,
4,5000,circuito_aleatorio_0008.tfc,5000,22345,2894,14918,2106,7427,
4,5000,circuito_aleatorio_0009.tfc,5000,22923,2944,15510,2056,7413,
5,500,circuito_aleatorio_0000.tfc,500,3630,377,3121,123,509,
5,500,circuito_aleatorio_0001.tfc,500,3895,369,3139,131,756,
5,500,circuito_aleatorio_0002.tfc,500,3839,383,3273,117,566,
5,500,circuito_aleatorio_0003.tfc,500,3615,368,2998,132,617,
5,500,circuito_aleatorio_0004.tfc,500,4093,375,3483,125,610,
5,500,circuito_aleatorio_0005.tfc,500,3992,374,3331,126,661,
5,500,circuito_aleatorio_0006.tfc,500,4128,392,3475,108,653,
5,500,circuito_aleatorio_0007.tfc,500,3836,386,3153,114,683,
5,500,circuito_aleatorio_0008.tfc,500,3532,376,2959,124,573,
5,500,circuito_aleatorio_0009.tfc,500,3792,372,3135,128,657,
5,1000,circuito_aleatorio_0000.tfc,1000,7525,746,6260,254,1265,
5,1000,circuito_aleatorio_0001.tfc,1000,7454,750,6269,250,1185,
5,1000,circuito_aleatorio_0002.tfc,1000,8085,749,6814,251,1271,
5,1000,circuito_aleatorio_0003.tfc,1000,7964,776,6630,224,1334,
5,1000,circuito_aleatorio_0004.tfc,1000,7324,750,6096,250,1228,
5,1000,circuito_aleatorio_0005.tfc,1000,7732,771,6653,229,1079,
5,1000,circuito_aleatorio_0006.tfc,1000,7588,756,6380,244,1208,
5,1000,circuito_aleatorio_0007.tfc,1000,7819,780,6651,220,1168,
5,1000,circuito_aleatorio_0008.tfc,1000,7321,763,6176,237,1145,
5,1000,circuito_aleatorio_0009.tfc,1000,7246,764,6296,236,950,
5,1500,circuito_aleatorio_0000.tfc,1500,11364,1129,9533,371,1831,
5,1500,circuito_aleatorio_0001.tfc,1500,11700,1117,9812,383,1888,
5,1500,circuito_aleatorio_0002.tfc,1500,11496,1152,9589,348,1907,
5,1500,circuito_aleatorio_0003.tfc,1500,11524,1143,9788,357,1736,
5,1500,circuito_aleatorio_0004.tfc,1500,11674,1145,9927,355,1747,
5,1500,circuito_aleatorio_0005.tfc,1500,11054,1153,9271,347,1783,
5,1500,circuito_aleatorio_0006.tfc,1500,10740,1140,9246,360,1494,
5,1500,circuito_aleatorio_0007.tfc,1500,11072,1160,9500,340,1572,
5,1500,circuito_aleatorio_0008.tfc,1500,10729,1127,9079,373,1650,
5,1500,circuito_aleatorio_0009.tfc,1500,11292,1142,9568,358,1724,
5,2000,circuito_aleatorio_0000.tfc,2000,14979,1496,12529,504,2450,
5,2000,circuito_aleatorio_0001.tfc,2000,16049,1524,13441,476,2608,
5,2000,circuito_aleatorio_0002.tfc,2000,15056,1521,12749,479,2307,
5,2000,circuito_aleatorio_0003.tfc,2000,15407,1536,13031,464,2376,
5,2000,circuito_aleatorio_0004.tfc,2000,14567,1526,12469,474,2098,
5,2000,circuito_aleatorio_0005.tfc,2000,14566,1536,12451,464,2115,
5,2000,circuito_aleatorio_0006.tfc,2000,14457,1515,12304,485,2153,
5,2000,circuito_aleatorio_0007.tfc,2000,15577,1529,13189,471,2388,
5,2000,circuito_aleatorio_0008.tfc,2000,15233,1521,12798,479,2435,
5,2000,circuito_aleatorio_0009.tfc,2000,15063,1525,12879,475,2184,
5,2500,circuito_aleatorio_0000.tfc,2500,19072,1871,16012,629,3060,
5,2500,circuito_aleatorio_0001.tfc,2500,19280,1899,16054,601,3226,
5,2500,circuito_aleatorio_0002.tfc,2500,19406,1915,16579,585,2827,
5,2500,circuito_aleatorio_0003.tfc,2500,18300,1916,15564,584,2736,
5,2500,circuito_aleatorio_0004.tfc,2500,18141,1918,15517,582,2624,
5,2500,circuito_aleatorio_0005.tfc,2500,18446,1885,15568,615,2878,
5,2500,circuito_aleatorio_0006.tfc,2500,19486,1933,16502,567,2984,
5,2500,circuito_aleatorio_0007.tfc,2500,18823,1889,16010,611,2813,
5,2500,circuito_aleatorio_0008.tfc,2500,19270,1942,16206,558,3064,
5,2500,circuito_aleatorio_0009.tfc,2500,19094,1878,15966,622,3128,
5,3000,circuito_aleatorio_0000.tfc,3000,23064,2245,19343,755,3721,
5,3000,circuito_aleatorio_0001.tfc,3000,23020,2297,19379,703,3641,
5,3000,circuito_aleatorio_0002.tfc,3000,22728,2297,19197,703,3531,
5,3000,circuito_aleatorio_0003.tfc,3000,21812,2299,18738,701,3074,
5,3000,circuito_aleatorio_0004.tfc,3000,22021,2269,18647,731,3374,
5,3000,circuito_aleatorio_0005.tfc,3000,23246,2296,19648,704,3598,
5,3000,circuito_aleatorio_0006.tfc,3000,22771,2310,19276,690,3495,
5,3000,circuito_aleatorio_0007.tfc,3000,23154,2319,19675,681,3479,
5,3000,circuito_aleatorio_0008.tfc,3000,22961,2231,19070,769,3891,
5,3000,circuito_aleatorio_0009.tfc,3000,23181,2313,19999,687,3182,
5,3500,circuito_aleatorio_0000.tfc,3500,27192,2636,22815,864,4377,
5,3500,circuito_aleatorio_0001.tfc,3500,26480,2662,22281,838,4199,
5,3500,circuito_aleatorio_0002.tfc,3500,25880,2680,22060,820,3820,
5,3500,circuito_aleatorio_0003.tfc,3500,25529,2673,21791,827,3738,
5,3500,circuito_aleatorio_0004.tfc,3500,27050,2687,22845,813,4205,
5,3500,circuito_aleatorio_0005.tfc,3500,26531,2674,22407,826,4124,
5,3500,circuito_aleatorio_0006.tfc,3500,26880,2680,22778,820,4102,
5,3500,circuito_aleatorio_0007.tfc,3500,26788,2635,22510,865,4278,
5,3500,circuito_aleatorio_0008.tfc,3500,27155,2704,23329,796,3826,
5,3500,circuito_aleatorio_0009.tfc,3500,26957,2671,22817,829,4140,
5,4000,circuito_aleatorio_0000.tfc,4000,31028,3020,25970,980,5058,
5,4000,circuito_aleatorio_0001.tfc,4000,30463,3056,25779,944,4684,
5,4000,circuito_aleatorio_0002.tfc,4000,29133,3061,24911,939,4222,
5,4000,circuito_aleatorio_0003.tfc,4000,30034,3044,25493,956,4541,
5,4000,circuito_aleatorio_0004.tfc,4000,30296,3048,25680,952,4616,
5,4000,circuito_aleatorio_0005.tfc,4000,30862,3104,26080,896,4782,
5,4000,circuito_aleatorio_0006.tfc,4000,30514,2995,25598,1005,4916,
5,4000,circuito_aleatorio_0007.tfc,4000,30971,3082,26474,918,4497,
5,4000,circuito_aleatorio_0008.tfc,4000,30751,3057,26059,943,4692,
5,4000,circuito_aleatorio_0009.tfc,4000,30316,3006,25196,994,5120,
5,4500,circuito_aleatorio_0000.tfc,4500,34560,3396,28929,1104,5631,
5,4500,circuito_aleatorio_0001.tfc,4500,34252,3439,28984,1061,5268,
5,4500,circuito_aleatorio_0002.tfc,4500,32541,3424,27804,1076,4737,
5,4500,circuito_aleatorio_0003.tfc,4500,34538,3438,29216,1062,5322,
5,4500,circuito_aleatorio_0004.tfc,4500,34333,3467,29077,1033,5256,
5,4500,circuito_aleatorio_0005.tfc,4500,34553,3390,28941,1110,5612,
5,4500,circuito_aleatorio_0006.tfc,4500,34708,3470,29859,1030,4849,
5,4500,circuito_aleatorio_0007.tfc,4500,34567,3435,29204,1065,5363,
5,4500,circuito_aleatorio_0008.tfc,4500,33956,3400,28378,1100,5578,
5,4500,circuito_aleatorio_0009.tfc,4500,34577,3388,28729,1112,5848,
5,5000,circuito_aleatorio_0000.tfc,5000,38352,3770,32066,1230,6286,
5,5000,circuito_aleatorio_0001.tfc,5000,37706,3830,32142,1170,5564,
5,5000,circuito_aleatorio_0002.tfc,5000,36587,3803,31085,1197,5502,
5,5000,circuito_aleatorio_0003.tfc,5000,38309,3823,32530,1177,5779,
5,5000,circuito_aleatorio_0004.tfc,5000,38364,3821,32173,1179,6191,
5,5000,circuito_aleatorio_0005.tfc,5000,38640,3822,32951,1178,5689,
5,5000,circuito_aleatorio_0006.tfc,5000,38484,3828,32677,1172,5807,
5,5000,circuito_aleatorio_0007.tfc,5000,37926,3768,31581,1232,6345,
5,5000,circuito_aleatorio_0008.tfc,5000,38217,3784,31917,1216,6300,
5,5000,circuito_aleatorio_0009.tfc,5000,38197,3799,32184,1201,6013,
6,500,circuito_aleatorio_0000.tfc,500,5778,426,5373,74,405,
6,500,circuito_aleatorio_0001.tfc,500,6475,449,6113,51,362,
6,500,circuito_aleatorio_0002.tfc,500,6171,435,5754,65,417,
6,500,circuito_aleatorio_0003.tfc,500,6732,437,6230,63,502,
6,500,circuito_aleatorio_0004.tfc,500,6701,429,6132,71,569,
6,500,circuito_aleatorio_0005.tfc,500,6717,460,6380,40,337,
6,500,circuito_aleatorio_0006.tfc,500,6020,441,5637,59,383,
6,500,circuito_aleatorio_0007.tfc,500,6203,449,5609,51,594,
6,500,circuito_aleatorio_0008.tfc,500,6238,443,5726,57,512,
6,500,circuito_aleatorio_0009.tfc,500,6819,450,6376,50,443,
6,1000,circuito_aleatorio_0000.tfc,1000,12253,873,11483,127,770,
6,1000,circuito_aleatorio_0001.tfc,1000,12903,873,11988,127,915,
6,1000,circuito_aleatorio_0002.tfc,1000,13418,889,12512,111,906,
6,1000,circuito_aleatorio_0003.tfc,1000,12223,891,11247,109,976,
6,1000,circuito_aleatorio_0004.tfc,1000,13057,892,12102,108,955,
6,1000,circuito_aleatorio_0005.tfc,1000,12446,883,11721,117,725,
6,1000,circuito_aleatorio_0006.tfc,1000,11972,886,11235,114,737,
6,1000,circuito_aleatorio_0007.tfc,1000,11907,868,11088,132,819,
6,1000,circuito_aleatorio_0008.tfc,1000,11768,870,10966,130,802,
6,1000,circuito_aleatorio_0009.tfc,1000,11756,865,10826,135,930,
6,1500,circuito_aleatorio_0000.tfc,1500,18424,1308,17237,192,1187,
6,1500,circuito_aleatorio_0001.tfc,1500,20150,1326,18742,174,1408,
6,1500,circuito_aleatorio_0002.tfc,1500,18461,1334,16972,166,1489,
6,1500,circuito_aleatorio_0003.tfc,1500,19265,1332,18087,168,1178,
6,1500,circuito_aleatorio_0004.tfc,1500,18199,1325,17045,175,1154,
6,1500,circuito_aleatorio_0005.tfc,1500,17448,1299,16244,201,1204,
6,1500,circuito_aleatorio_0006.tfc,1500,17470,1287,15920,213,1550,
6,1500,circuito_aleatorio_0007.tfc,1500,18144,1332,16830,168,1314,
6,1500,circuito_aleatorio_0008.tfc,1500,19249,1329,17967,171,1282,
6,1500,circuito_aleatorio_0009.tfc,1500,18698,1334,17484,166,1214,
6,2000,circuito_aleatorio_0000.tfc,2000,25156,1746,23471,254,1685,
6,2000,circuito_aleatorio_0001.tfc,2000,25641,1780,23759,220,1882,
6,2000,circuito_aleatorio_0002.tfc,2000,25503,1774,23813,226,1690,
6,2000,circuito_aleatorio_0003.tfc,2000,23879,1754,22323,246,1556,
6,2000,circuito_aleatorio_0004.tfc,2000,23524,1735,21794,265,1730,
6,2000,circuito_aleatorio_0005.tfc,2000,23858,1754,21922,246,1936,
6,2000,circuito_aleatorio_0006.tfc,2000,25634,1775,23903,225,1731,
6,2000,circuito_aleatorio_0007.tfc,2000,24457,1778,22892,222,1565,
6,2000,circuito_aleatorio_0008.tfc,2000,25165,1771,23408,229,1757,
6,2000,circuito_aleatorio_0009.tfc,2000,25276,1754,23562,246,1714,
6,2500,circuito_aleatorio_0000.tfc,2500,31857,2175,29603,325,2254,
6,2500,circuito_aleatorio_0001.tfc,2500,31997,2243,29728,257,2269,
6,2500,circuito_aleatorio_0002.tfc,2500,30645,2208,28766,292,1879,
6,2500,circuito_aleatorio_0003.tfc,2500,29204,2164,27072,336,2132,
6,2500,circuito_aleatorio_0004.tfc,2500,30361,2199,28009,301,2352,
6,2500,circuito_aleatorio_0005.tfc,2500,31444,2218,29379,282,2065,
6,2500,circuito_aleatorio_0006.tfc,2500,31184,2223,28991,277,2193,
6,2500,circuito_aleatorio_0007.tfc,2500,31401,2192,29312,308,2089,
6,2500,circuito_aleatorio_0008.tfc,2500,31367,2239,29480,261,1887,
6,2500,circuito_aleatorio_0009.tfc,2500,31817,2218,29521,282,2296,
6,3000,circuito_aleatorio_0000.tfc,3000,38574,2635,35983,365,2591,
6,3000,circuito_aleatorio_0001.tfc,3000,37726,2665,35059,335,2667,
6,3000,circuito_aleatorio_0002.tfc,3000,35647,2624,33289,376,2358,
6,3000,circuito_aleatorio_0003.tfc,3000,35614,2619,32750,381,2864,
6,3000,circuito_aleatorio_0004.tfc,3000,37947,2663,35466,337,2481,
6,3000,circuito_aleatorio_0005.tfc,3000,37309,2661,34741,339,2568,
6,3000,circuito_aleatorio_0006.tfc,3000,37923,2647,35494,353,2429,
6,3000,circuito_aleatorio_0007.tfc,3000,37815,2687,35193,313,2622,
6,3000,circuito_aleatorio_0008.tfc,3000,37551,2650,34713,350,2838,
6,3000,circuito_aleatorio_0009.tfc,3000,38492,2634,35773,366,2719,
6,3500,circuito_aleatorio_0000.tfc,3500,44594,3076,41620,424,2974,
6,3500,circuito_aleatorio_0001.tfc,3500,43678,3109,40656,391,3022,
6,3500,circuito_aleatorio_0002.tfc,3500,41145,3025,37976,475,3169,
6,3500,circuito_aleatorio_0003.tfc,3500,43778,3107,40733,393,3045,
6,3500,circuito_aleatorio_0004.tfc,3500,43497,3111,40550,389,2947,
6,3500,circuito_aleatorio_0005.tfc,3500,44048,3085,41244,415,2804,
6,3500,circuito_aleatorio_0006.tfc,3500,44273,3124,41231,376,3042,
6,3500,circuito_aleatorio_0007.tfc,3500,44125,3074,40644,426,3481,
6,3500,circuito_aleatorio_0008.tfc,3500,43902,3089,40703,411,3199,
6,3500,circuito_aleatorio_0009.tfc,3500,44204,3108,41355,392,2849,
6,4000,circuito_aleatorio_0000.tfc,4000,50797,3526,47230,474,3567,
6,4000,circuito_aleatorio_0001.tfc,4000,49382,3528,46136,472,3246,
6,4000,circuito_aleatorio_0002.tfc,4000,47382,3489,43718,511,3664,
6,4000,circuito_aleatorio_0003.tfc,4000,50091,3553,46795,447,3296,
6,4000,circuito_aleatorio_0004.tfc,4000,50441,3525,46970,475,3471,
6,4000,circuito_aleatorio_0005.tfc,4000,50462,3580,47125,420,3337,
6,4000,circuito_aleatorio_0006.tfc,4000,50583,3512,46685,488,3898,
6,4000,circuito_aleatorio_0007.tfc,4000,50350,3531,46741,469,3609,
6,4000,circuito_aleatorio_0008.tfc,4000,49824,3550,46652,450,3172,
6,4000,circuito_aleatorio_0009.tfc,4000,50112,3569,47248,431,2864,
6,4500,circuito_aleatorio_0000.tfc,4500,57035,3969,52955,531,4080,
6,4500,circuito_aleatorio_0001.tfc,4500,54912,3956,51376,544,3536,
6,4500,circuito_aleatorio_0002.tfc,4500,54863,3948,50717,552,4146,
6,4500,circuito_aleatorio_0003.tfc,4500,56007,3995,52221,505,3786,
6,4500,circuito_aleatorio_0004.tfc,4500,56643,3993,53042,507,3601,
6,4500,circuito_aleatorio_0005.tfc,4500,56646,3991,52358,509,4288,
6,4500,circuito_aleatorio_0006.tfc,4500,56934,3952,52676,548,4258,
6,4500,circuito_aleatorio_0007.tfc,4500,56272,3992,52686,508,3586,
6,4500,circuito_aleatorio_0008.tfc,4500,56647,4004,53378,496,3269,
6,4500,circuito_aleatorio_0009.tfc,4500,57280,3989,53692,511,3588,
6,5000,circuito_aleatorio_0000.tfc,5000,63854,4418,59331,582,4523,
6,5000,circuito_aleatorio_0001.tfc,5000,59849,4372,55838,628,4011,
6,5000,circuito_aleatorio_0002.tfc,5000,61805,4417,57388,583,4417,
6,5000,circuito_aleatorio_0003.tfc,5000,62585,4415,58303,585,4282,
6,5000,circuito_aleatorio_0004.tfc,5000,63184,4457,59001,543,4183,
6,5000,circuito_aleatorio_0005.tfc,5000,63321,4407,58612,593,4709,
6,5000,circuito_aleatorio_0006.tfc,5000,62646,4426,58262,574,4384,
6,5000,circuito_aleatorio_0007.tfc,5000,62180,4453,58579,547,3601,
6,5000,circuito_aleatorio_0008.tfc,5000,63815,4424,59822,576,3993,
6,5000,circuito_aleatorio_0009.tfc,5000,62845,4422,58708,578,4137,
7,500,circuito_aleatorio_0000.tfc,500,9362,476,9157,24,205,
7,500,circuito_aleatorio_0001.tfc,500,10574,481,10330,19,244,
7,500,circuito_aleatorio_0002.tfc,500,9746,478,9549,22,197,
7,500,circuito_aleatorio_0003.tfc,500,11002,468,10534,32,468,
7,500,circuito_aleatorio_0004.tfc,500,10867,465,10479,35,388,
7,500,circuito_aleatorio_0005.tfc,500,9503,466,9015,34,488,
7,500,circuito_aleatorio_0006.tfc,500,10028,473,9852,27,176,
7,500,circuito_aleatorio_0007.tfc,500,10532,474,10234,26,298,
7,500,circuito_aleatorio_0008.tfc,500,10216,468,9785,32,431,
7,500,circuito_aleatorio_0009.tfc,500,10217,478,9984,22,233,
7,1000,circuito_aleatorio_0000.tfc,1000,19936,957,19487,43,449,
7,1000,circuito_aleatorio_0001.tfc,1000,20748,946,20083,54,665,
7,1000,circuito_aleatorio_0002.tfc,1000,20370,931,19494,69,876,
7,1000,circuito_aleatorio_0003.tfc,1000,20560,947,20086,53,474,
7,1000,circuito_aleatorio_0004.tfc,1000,20433,946,19757,54,676,
7,1000,circuito_aleatorio_0005.tfc,1000,19076,962,18669,38,407,
7,1000,circuito_aleatorio_0006.tfc,1000,18310,960,17761,40,549,
7,1000,circuito_aleatorio_0007.tfc,1000,19228,958,18859,42,369,
7,1000,circuito_aleatorio_0008.tfc,1000,18483,946,17906,54,577,
7,1000,circuito_aleatorio_0009.tfc,1000,19469,950,19048,50,421,
7,1500,circuito_aleatorio_0000.tfc,1500,29682,1435,29036,65,646,
7,1500,circuito_aleatorio_0001.tfc,1500,31372,1399,30028,101,1344,
7,1500,circuito_aleatorio_0002.tfc,1500,30776,1415,29871,85,905,
7,1500,circuito_aleatorio_0003.tfc,1500,29293,1440,28653,60,640,
7,1500,circuito_aleatorio_0004.tfc,1500,27760,1433,27027,67,733,
7,1500,circuito_aleatorio_0005.tfc,1500,28261,1431,27499,69,762,
7,1500,circuito_aleatorio_0006.tfc,1500,29760,1427,29063,73,697,
7,1500,circuito_aleatorio_0007.tfc,1500,30330,1410,29388,90,942,
7,1500,circuito_aleatorio_0008.tfc,1500,29331,1435,28554,65,777,
7,1500,circuito_aleatorio_0009.tfc,1500,30163,1432,29387,68,776,
7,2000,circuito_aleatorio_0000.tfc,2000,40684,1903,39570,97,1114,
7,2000,circuito_aleatorio_0001.tfc,2000,40930,1878,39580,122,1350,
7,2000,circuito_aleatorio_0002.tfc,2000,39509,1908,38426,92,1083,
7,2000,circuito_aleatorio_0003.tfc,2000,37538,1918,36620,82,918,
7,2000,circuito_aleatorio_0004.tfc,2000,37952,1896,36954,104,998,
7,2000,circuito_aleatorio_0005.tfc,2000,40621,1887,39403,113,1218,
7,2000,circuito_aleatorio_0006.tfc,2000,39305,1912,38289,88,1016,
7,2000,circuito_aleatorio_0007.tfc,2000,40312,1911,39235,89,1077,
7,2000,circuito_aleatorio_0008.tfc,2000,40088,1922,39052,78,1036,
7,2000,circuito_aleatorio_0009.tfc,2000,40884,1895,39732,105,1152,
7,2500,circuito_aleatorio_0000.tfc,2500,51551,2368,50049,132,1502,
7,2500,circuito_aleatorio_0001.tfc,2500,50496,2359,48858,141,1638,
7,2500,circuito_aleatorio_0002.tfc,2500,46836,2394,45691,106,1145,
7,2500,circuito_aleatorio_0003.tfc,2500,47730,2381,46547,119,1183,
7,2500,circuito_aleatorio_0004.tfc,2500,50676,2365,49123,135,1553,
7,2500,circuito_aleatorio_0005.tfc,2500,49439,2389,48221,111,1218,
7,2500,circuito_aleatorio_0006.tfc,2500,50031,2402,48686,98,1345,
7,2500,circuito_aleatorio_0007.tfc,2500,51064,2372,49682,128,1382,
7,2500,circuito_aleatorio_0008.tfc,2500,50528,2359,49039,141,1489,
7,2500,circuito_aleatorio_0009.tfc,2500,51605,2372,50118,128,1487,
7,3000,circuito_aleatorio_0000.tfc,3000,61054,2834,59064,166,1990,
7,3000,circuito_aleatorio_0001.tfc,3000,60069,2855,58512,145,1557,
7,3000,circuito_aleatorio_0002.tfc,3000,56021,2864,54526,136,1495,
7,3000,circuito_aleatorio_0003.tfc,3000,60090,2837,58451,163,1639,
7,3000,circuito_aleatorio_0004.tfc,3000,59494,2867,57941,133,1553,
7,3000,circuito_aleatorio_0005.tfc,3000,60211,2879,58636,121,1575,
7,3000,circuito_aleatorio_0006.tfc,3000,61305,2844,59508,156,1797,
7,3000,circuito_aleatorio_0007.tfc,3000,61119,2834,59342,166,1777,
7,3000,circuito_aleatorio_0008.tfc,3000,59594,2851,57478,149,2116,
7,3000,circuito_aleatorio_0009.tfc,3000,59774,2846,57866,154,1908,
7,3500,circuito_aleatorio_0000.tfc,3500,71082,3307,68916,193,2166,
7,3500,circuito_aleatorio_0001.tfc,3500,68351,3341,66416,159,1935,
7,3500,circuito_aleatorio_0002.tfc,3500,67471,3331,65828,169,1643,
7,3500,circuito_aleatorio_0003.tfc,3500,69635,3322,67677,178,1958,
7,3500,circuito_aleatorio_0004.tfc,3500,70220,3356,68337,144,1883,
7,3500,circuito_aleatorio_0005.tfc,3500,71485,3321,69458,179,2027,
7,3500,circuito_aleatorio_0006.tfc,3500,71822,3307,69807,193,2015,
7,3500,circuito_aleatorio_0007.tfc,3500,67888,3322,65432,178,2456,
7,3500,circuito_aleatorio_0008.tfc,3500,70877,3334,68732,166,2145,
7,3500,circuito_aleatorio_0009.tfc,3500,71936,3332,69551,168,2385,
7,4000,circuito_aleatorio_0000.tfc,4000,81614,3781,79150,219,2464,
7,4000,circuito_aleatorio_0001.tfc,4000,77047,3825,75041,175,2006,
7,4000,circuito_aleatorio_0002.tfc,4000,78573,3783,76357,217,2216,
7,4000,circuito_aleatorio_0003.tfc,4000,79617,3823,77524,177,2093,
7,4000,circuito_aleatorio_0004.tfc,4000,80972,3817,78784,183,2188,
7,4000,circuito_aleatorio_0005.tfc,4000,81540,3782,79113,218,2427,
7,4000,circuito_aleatorio_0006.tfc,4000,78591,3795,75897,205,2694,
7,4000,circuito_aleatorio_0007.tfc,4000,80969,3806,78228,194,2741,
7,4000,circuito_aleatorio_0008.tfc,4000,81096,3809,78753,191,2343,
7,4000,circuito_aleatorio_0009.tfc,4000,81301,3791,78731,209,2570,
7,4500,circuito_aleatorio_0000.tfc,4500,91830,4249,88935,251,2895,
7,4500,circuito_aleatorio_0001.tfc,4500,85314,4303,83174,197,2140,
7,4500,circuito_aleatorio_0002.tfc,4500,89421,4272,87005,228,2416,
7,4500,circuito_aleatorio_0003.tfc,4500,90374,4310,88022,190,2352,
7,4500,circuito_aleatorio_0004.tfc,4500,91412,4254,88771,246,2641,
7,4500,circuito_aleatorio_0005.tfc,4500,90606,4274,87552,226,3054,
7,4500,circuito_aleatorio_0006.tfc,4500,89874,4278,87151,222,2723,
7,4500,circuito_aleatorio_0007.tfc,4500,91188,4282,88254,218,2934,
7,4500,circuito_aleatorio_0008.tfc,4500,91028,4266,88238,234,2790,
7,4500,circuito_aleatorio_0009.tfc,4500,88672,4278,85991,222,2681,
7,5000,circuito_aleatorio_0000.tfc,5000,102047,4727,98907,273,3140,
7,5000,circuito_aleatorio_0001.tfc,5000,94566,4775,92238,225,2328,
7,5000,circuito_aleatorio_0002.tfc,5000,100115,4754,97344,246,2771,
7,5000,circuito_aleatorio_0003.tfc,5000,101095,4774,98368,226,2727,
7,5000,circuito_aleatorio_0004.tfc,5000,102133,4731,99157,269,2976,
7,5000,circuito_aleatorio_0005.tfc,5000,98775,4748,95304,252,3471,
7,5000,circuito_aleatorio_0006.tfc,5000,102036,4763,98831,237,3205,
7,5000,circuito_aleatorio_0007.tfc,5000,100553,4741,97434,259,3119,
7,5000,circuito_aleatorio_0008.tfc,5000,98399,4751,95492,249,2907,
7,5000,circuito_aleatorio_0009.tfc,5000,97962,4730,94912,270,3050,
8,500,circuito_aleatorio_0000.tfc,500,14729,492,14667,8,62,
8,500,circuito_aleatorio_0001.tfc,500,15539,487,15406,13,133,
8,500,circuito_aleatorio_0002.tfc,500,16639,488,16434,12,205,
8,500,circuito_aleatorio_0003.tfc,500,17431,491,17136,9,295,
8,500,circuito_aleatorio_0004.tfc,500,14775,489,14651,11,124,
8,500,circuito_aleatorio_0005.tfc,500,14919,491,14760,9,159,
8,500,circuito_aleatorio_0006.tfc,500,16823,491,16658,9,165,
8,500,circuito_aleatorio_0007.tfc,500,15619,490,15476,10,143,
8,500,circuito_aleatorio_0008.tfc,500,16243,492,16072,8,171,
8,500,circuito_aleatorio_0009.tfc,500,14322,490,14191,10,131,
8,1000,circuito_aleatorio_0000.tfc,1000,30268,979,30073,21,195,
8,1000,circuito_aleatorio_0001.tfc,1000,34070,979,33570,21,500,
8,1000,circuito_aleatorio_0002.tfc,1000,29694,980,29411,20,283,
8,1000,circuito_aleatorio_0003.tfc,1000,32442,981,32134,19,308,
8,1000,circuito_aleatorio_0004.tfc,1000,30565,982,30263,18,302,
8,1000,circuito_aleatorio_0005.tfc,1000,28507,984,28173,16,334,
8,1000,circuito_aleatorio_0006.tfc,1000,30182,974,29766,26,416,
8,1000,circuito_aleatorio_0007.tfc,1000,28459,978,28121,22,338,
8,1000,circuito_aleatorio_0008.tfc,1000,32057,979,31559,21,498,
8,1000,circuito_aleatorio_0009.tfc,1000,32602,984,32225,16,377,
8,1500,circuito_aleatorio_0000.tfc,1500,46907,1467,46507,33,400,
8,1500,circuito_aleatorio_0001.tfc,1500,47125,1470,46534,30,591,
8,1500,circuito_aleatorio_0002.tfc,1500,48685,1473,48206,27,479,
8,1500,circuito_aleatorio_0003.tfc,1500,42829,1474,42364,26,465,
8,1500,circuito_aleatorio_0004.tfc,1500,44049,1457,43394,43,655,
8,1500,circuito_aleatorio_0005.tfc,1500,46649,1475,46057,25,592,
8,1500,circuito_aleatorio_0006.tfc,1500,47646,1473,47098,27,548,
8,1500,circuito_aleatorio_0007.tfc,1500,46126,1476,45512,24,614,
8,1500,circuito_aleatorio_0008.tfc,1500,47304,1468,46592,32,712,
8,1500,circuito_aleatorio_0009.tfc,1500,46300,1473,45760,27,540,
8,2000,circuito_aleatorio_0000.tfc,2000,64338,1958,63643,42,695,
8,2000,circuito_aleatorio_0001.tfc,2000,62136,1961,61545,39,591,
8,2000,circuito_aleatorio_0002.tfc,2000,59072,1966,58436,34,636,
8,2000,circuito_aleatorio_0003.tfc,2000,58641,1953,57892,47,749,
8,2000,circuito_aleatorio_0004.tfc,2000,64659,1963,63784,37,875,
8,2000,circuito_aleatorio_0005.tfc,2000,61170,1965,60385,35,785,
8,2000,circuito_aleatorio_0006.tfc,2000,61953,1959,61030,41,923,
8,2000,circuito_aleatorio_0007.tfc,2000,62397,1965,61577,35,820,
8,2000,circuito_aleatorio_0008.tfc,2000,63161,1961,62584,39,577,
8,2000,circuito_aleatorio_0009.tfc,2000,63519,1956,62727,44,792,
8,2500,circuito_aleatorio_0000.tfc,2500,79113,2446,78281,54,832,
8,2500,circuito_aleatorio_0001.tfc,2500,77926,2454,77157,46,769,
8,2500,circuito_aleatorio_0002.tfc,2500,72556,2441,71567,59,989,
8,2500,circuito_aleatorio_0003.tfc,2500,79251,2459,78282,41,969,
8,2500,circuito_aleatorio_0004.tfc,2500,76724,2453,75643,47,1081,
8,2500,circuito_aleatorio_0005.tfc,2500,78050,2453,77094,47,956,
8,2500,circuito_aleatorio_0006.tfc,2500,78442,2451,77490,49,952,
8,2500,circuito_aleatorio_0007.tfc,2500,78984,2449,78076,51,908,
8,2500,circuito_aleatorio_0008.tfc,2500,78046,2455,77020,45,1026,
8,2500,circuito_aleatorio_0009.tfc,2500,78001,2453,77168,47,833,
8,3000,circuito_aleatorio_0000.tfc,3000,94032,2937,93041,63,991,
8,3000,circuito_aleatorio_0001.tfc,3000,91514,2947,90570,53,944,
8,3000,circuito_aleatorio_0002.tfc,3000,90698,2932,89451,68,1247,
8,3000,circuito_aleatorio_0003.tfc,3000,93772,2949,92610,51,1162,
8,3000,circuito_aleatorio_0004.tfc,3000,93604,2941,92352,59,1252,
8,3000,circuito_aleatorio_0005.tfc,3000,93907,2944,92839,56,1068,
8,3000,circuito_aleatorio_0006.tfc,3000,96716,2941,95463,59,1253,
8,3000,circuito_aleatorio_0007.tfc,3000,89632,2942,88683,58,949,
8,3000,circuito_aleatorio_0008.tfc,3000,94404,2948,93182,52,1222,
8,3000,circuito_aleatorio_0009.tfc,3000,96082,2938,94561,62,1521,
8,3500,circuito_aleatorio_0000.tfc,3500,110855,3428,109699,72,1156,
8,3500,circuito_aleatorio_0001.tfc,3500,104873,3430,103678,70,1195,
8,3500,circuito_aleatorio_0002.tfc,3500,108162,3430,106778,70,1384,
8,3500,circuito_aleatorio_0003.tfc,3500,108079,3435,106542,65,1537,
8,3500,circuito_aleatorio_0004.tfc,3500,110093,3433,108812,67,1281,
8,3500,circuito_aleatorio_0005.tfc,3500,112181,3434,110812,66,1369,
8,3500,circuito_aleatorio_0006.tfc,3500,106874,3431,105711,69,1163,
8,3500,circuito_aleatorio_0007.tfc,3500,109027,3437,107467,63,1560,
8,3500,circuito_aleatorio_0008.tfc,3500,111426,3445,110064,55,1362,
8,3500,circuito_aleatorio_0009.tfc,3500,109916,3441,108250,59,1666,
8,4000,circuito_aleatorio_0000.tfc,4000,126474,3918,125175,82,1299,
8,4000,circuito_aleatorio_0001.tfc,4000,117713,3919,116328,81,1385,
8,4000,circuito_aleatorio_0002.tfc,4000,125829,3928,124169,72,1660,
8,4000,circuito_aleatorio_0003.tfc,4000,124350,3924,122607,76,1743,
8,4000,circuito_aleatorio_0004.tfc,4000,126680,3917,125311,83,1369,
8,4000,circuito_aleatorio_0005.tfc,4000,122829,3927,121427,73,1402,
8,4000,circuito_aleatorio_0006.tfc,4000,126269,3926,124495,74,1774,
8,4000,circuito_aleatorio_0007.tfc,4000,128387,3936,126681,64,1706,
8,4000,circuito_aleatorio_0008.tfc,4000,124286,3932,122523,68,1763,
8,4000,circuito_aleatorio_0009.tfc,4000,123933,3920,122491,80,1442,
8,4500,circuito_aleatorio_0000.tfc,4500,142717,4410,141247,90,1470,
8,4500,circuito_aleatorio_0001.tfc,4500,133527,4406,131815,94,1712,
8,4500,circuito_aleatorio_0002.tfc,4500,141076,4417,139202,83,1874,
8,4500,circuito_aleatorio_0003.tfc,4500,140207,4417,138599,83,1608,
8,4500,circuito_aleatorio_0004.tfc,4500,141565,4411,139739,89,1826,
8,4500,circuito_aleatorio_0005.tfc,4500,139187,4420,137589,80,1598,
8,4500,circuito_aleatorio_0006.tfc,4500,143291,4423,141377,77,1914,
8,4500,circuito_aleatorio_0007.tfc,4500,141247,4423,139140,77,2107,
8,4500,circuito_aleatorio_0008.tfc,4500,139325,4415,137813,85,1512,
8,4500,circuito_aleatorio_0009.tfc,4500,138968,4403,137307,97,1661,
8,5000,circuito_aleatorio_0000.tfc,5000,157039,4900,155438,100,1601,
8,5000,circuito_aleatorio_0001.tfc,5000,151807,4900,149849,100,1958,
8,5000,circuito_aleatorio_0002.tfc,5000,154774,4906,152737,94,2037,
8,5000,circuito_aleatorio_0003.tfc,5000,157426,4900,155566,100,1860,
8,5000,circuito_aleatorio_0004.tfc,5000,156047,4908,154188,92,1859,
8,5000,circuito_aleatorio_0005.tfc,5000,157268,4905,154982,95,2286,
8,5000,circuito_aleatorio_0006.tfc,5000,157125,4926,155066,74,2059,
8,5000,circuito_aleatorio_0007.tfc,5000,155264,4902,153381,98,1883,
8,5000,circuito_aleatorio_0008.tfc,5000,154360,4898,152629,102,1731,
8,5000,circuito_aleatorio_0009.tfc,5000,159550,4894,157342,106,2208,
9,500,circuito_aleatorio_0000.tfc,500,23485,498,23458,2,27,
9,500,circuito_aleatorio_0001.tfc,500,23115,495,23057,5,58,
9,500,circuito_aleatorio_0002.tfc,500,26261,497,26232,3,29,
9,500,circuito_aleatorio_0003.tfc,500,25437,494,25117,6,320,
9,500,circuito_aleatorio_0004.tfc,500,22807,493,22455,7,352,
9,500,circuito_aleatorio_0005.tfc,500,24189,500,24045,0,144,
9,500,circuito_aleatorio_0006.tfc,500,23968,497,23923,3,45,
9,500,circuito_aleatorio_0007.tfc,500,25580,499,25490,1,90,
9,500,circuito_aleatorio_0008.tfc,500,22439,494,22279,6,160,
9,500,circuito_aleatorio_0009.tfc,500,21480,498,21348,2,132,
9,1000,circuito_aleatorio_0000.tfc,1000,46600,993,46515,7,85,
9,1000,circuito_aleatorio_0001.tfc,1000,51698,991,51349,9,349,
9,1000,circuito_aleatorio_0002.tfc,1000,46996,993,46500,7,496,
9,1000,circuito_aleatorio_0003.tfc,1000,49548,996,49413,4,135,
9,1000,circuito_aleatorio_0004.tfc,1000,43919,992,43627,8,292,
9,1000,circuito_aleatorio_0005.tfc,1000,44902,993,44735,7,167,
9,1000,circuito_aleatorio_0006.tfc,1000,44307,993,44113,7,194,
9,1000,circuito_aleatorio_0007.tfc,1000,49349,995,49272,5,77,
9,1000,circuito_aleatorio_0008.tfc,1000,48385,998,47930,2,455,
9,1000,circuito_aleatorio_0009.tfc,1000,46985,997,46773,3,212,
9,1500,circuito_aleatorio_0000.tfc,1500,72861,1490,72747,10,114,
9,1500,circuito_aleatorio_0001.tfc,1500,72433,1487,71617,13,816,
9,1500,circuito_aleatorio_0002.tfc,1500,71987,1490,71692,10,295,
9,1500,circuito_aleatorio_0003.tfc,1500,66382,1491,66083,9,299,
9,1500,circuito_aleatorio_0004.tfc,1500,67746,1489,67515,11,231,
9,1500,circuito_aleatorio_0005.tfc,1500,74295,1497,73800,3,495,
9,1500,circuito_aleatorio_0006.tfc,1500,70492,1497,70201,3,291,
9,1500,circuito_aleatorio_0007.tfc,1500,72968,1489,72538,11,430,
9,1500,circuito_aleatorio_0008.tfc,1500,72701,1489,72322,11,379,
9,1500,circuito_aleatorio_0009.tfc,1500,73151,1485,72877,15,274,
9,2000,circuito_aleatorio_0000.tfc,2000,98298,1984,97864,16,434,
9,2000,circuito_aleatorio_0001.tfc,2000,96544,1989,95913,11,631,
9,2000,circuito_aleatorio_0002.tfc,2000,88821,1985,88362,15,459,
9,2000,circuito_aleatorio_0003.tfc,2000,93656,1988,93385,12,271,
9,2000,circuito_aleatorio_0004.tfc,2000,95370,1995,94703,5,667,
9,2000,circuito_aleatorio_0005.tfc,2000,96475,1989,95966,11,509,
9,2000,circuito_aleatorio_0006.tfc,2000,96474,1983,95967,17,507,
9,2000,circuito_aleatorio_0007.tfc,2000,98854,1981,98485,19,369,
9,2000,circuito_aleatorio_0008.tfc,2000,98106,1984,97456,16,650,
9,2000,circuito_aleatorio_0009.tfc,2000,95169,1981,94507,19,662,
9,2500,circuito_aleatorio_0000.tfc,2500,121105,2477,120319,23,786,
9,2500,circuito_aleatorio_0001.tfc,2500,117656,2488,117085,12,571,
9,2500,circuito_aleatorio_0002.tfc,2500,112648,2481,112237,19,411,
9,2500,circuito_aleatorio_0003.tfc,2500,121280,2494,120573,6,707,
9,2500,circuito_aleatorio_0004.tfc,2500,120250,2484,119663,16,587,
9,2500,circuito_aleatorio_0005.tfc,2500,122077,2479,121502,21,575,
9,2500,circuito_aleatorio_0006.tfc,2500,123095,2476,122256,24,839,
9,2500,circuito_aleatorio_0007.tfc,2500,119656,2479,118960,21,696,
9,2500,circuito_aleatorio_0008.tfc,2500,119781,2480,118903,20,878,
9,2500,circuito_aleatorio_0009.tfc,2500,121354,2482,120853,18,501,
9,3000,circuito_aleatorio_0000.tfc,3000,145294,2977,144364,23,930,
9,3000,circuito_aleatorio_0001.tfc,3000,138369,2981,137775,19,594,
9,3000,circuito_aleatorio_0002.tfc,3000,142041,2986,141315,14,726,
9,3000,circuito_aleatorio_0003.tfc,3000,143460,2986,142739,14,721,
9,3000,circuito_aleatorio_0004.tfc,3000,145852,2974,145199,26,653,
9,3000,circuito_aleatorio_0005.tfc,3000,147582,2974,146709,26,873,
9,3000,circuito_aleatorio_0006.tfc,3000,141287,2978,140516,22,771,
9,3000,circuito_aleatorio_0007.tfc,3000,146734,2972,145659,28,1075,
9,3000,circuito_aleatorio_0008.tfc,3000,148181,2983,147525,17,656,
9,3000,circuito_aleatorio_0009.tfc,3000,146026,2977,145061,23,965,
9,3500,circuito_aleatorio_0000.tfc,3500,169262,3474,168287,26,975,
9,3500,circuito_aleatorio_0001.tfc,3500,158708,3476,157952,24,756,
9,3500,circuito_aleatorio_0002.tfc,3500,168226,3490,167403,10,823,
9,3500,circuito_aleatorio_0003.tfc,3500,169442,3472,168505,28,937,
9,3500,circuito_aleatorio_0004.tfc,3500,172473,3467,171488,33,985,
9,3500,circuito_aleatorio_0005.tfc,3500,165774,3476,164969,24,805,
9,3500,circuito_aleatorio_0006.tfc,3500,171208,3470,169998,30,1210,
9,3500,circuito_aleatorio_0007.tfc,3500,173204,3480,172424,20,780,
9,3500,circuito_aleatorio_0008.tfc,3500,167928,3471,166986,29,942,
9,3500,circuito_aleatorio_0009.tfc,3500,164752,3474,163989,26,763,
9,4000,circuito_aleatorio_0000.tfc,4000,194842,3973,193777,27,1065,
9,4000,circuito_aleatorio_0001.tfc,4000,182477,3972,181734,28,743,
9,4000,circuito_aleatorio_0002.tfc,4000,191845,3984,190669,16,1176,
9,4000,circuito_aleatorio_0003.tfc,4000,195328,3964,194452,36,876,
9,4000,circuito_aleatorio_0004.tfc,4000,193275,3965,191963,35,1312,
9,4000,circuito_aleatorio_0005.tfc,4000,192852,3969,191668,31,1184,
9,4000,circuito_aleatorio_0006.tfc,4000,197678,3978,196763,22,915,
9,4000,circuito_aleatorio_0007.tfc,4000,190456,3969,189409,31,1047,
9,4000,circuito_aleatorio_0008.tfc,4000,189522,3969,188748,31,774,
9,4000,circuito_aleatorio_0009.tfc,4000,190709,3971,190103,29,606,
9,4500,circuito_aleatorio_0000.tfc,4500,217281,4467,216056,33,1225,
9,4500,circuito_aleatorio_0001.tfc,4500,208423,4476,207385,24,1038,
9,4500,circuito_aleatorio_0002.tfc,4500,216161,4475,215061,25,1100,
9,4500,circuito_aleatorio_0003.tfc,4500,220733,4459,219586,41,1147,
9,4500,circuito_aleatorio_0004.tfc,4500,214950,4461,213410,39,1540,
9,4500,circuito_aleatorio_0005.tfc,4500,221252,4472,220290,28,962,
9,4500,circuito_aleatorio_0006.tfc,4500,217425,4466,216224,34,1201,
9,4500,circuito_aleatorio_0007.tfc,4500,212050,4467,211171,33,879,
9,4500,circuito_aleatorio_0008.tfc,4500,213349,4468,212679,32,670,
9,4500,circuito_aleatorio_0009.tfc,4500,226488,4468,225378,32,1110,
9,5000,circuito_aleatorio_0000.tfc,5000,238761,4965,237404,35,1357,
9,5000,circuito_aleatorio_0001.tfc,5000,233928,4975,232810,25,1118,
9,5000,circuito_aleatorio_0002.tfc,5000,242327,4963,241165,37,1162,
9,5000,circuito_aleatorio_0003.tfc,5000,242751,4955,241216,45,1535,
9,5000,circuito_aleatorio_0004.tfc,5000,241135,4962,239756,38,1379,
9,5000,circuito_aleatorio_0005.tfc,5000,245924,4967,244498,33,1426,
9,5000,circuito_aleatorio_0006.tfc,5000,236151,4963,235152,37,999,
9,5000,circuito_aleatorio_0007.tfc,5000,238007,4964,237285,36,722,
9,5000,circuito_aleatorio_0008.tfc,5000,249128,4965,247954,35,1174,
9,5000,circuito_aleatorio_0009.tfc,5000,237797,4951,236275,49,1522,
10,500,circuito_aleatorio_0000.tfc,500,35037,497,34910,3,127,
10,500,circuito_aleatorio_0001.tfc,500,34438,500,34334,0,104,
10,500,circuito_aleatorio_0002.tfc,500,44897,498,44835,2,62,
10,500,circuito_aleatorio_0003.tfc,500,35194,500,35126,0,68,
10,500,circuito_aleatorio_0004.tfc,500,37429,497,37312,3,117,
10,500,circuito_aleatorio_0005.tfc,500,39813,500,39788,0,25,
10,500,circuito_aleatorio_0006.tfc,500,37792,500,37726,0,66,
10,500,circuito_aleatorio_0007.tfc,500,33724,499,33531,1,193,
10,500,circuito_aleatorio_0008.tfc,500,33165,500,33143,0,22,
10,500,circuito_aleatorio_0009.tfc,500,33786,500,33734,0,52,
10,1000,circuito_aleatorio_0000.tfc,1000,69475,997,69244,3,231,
10,1000,circuito_aleatorio_0001.tfc,1000,80091,998,79961,2,130,
10,1000,circuito_aleatorio_0002.tfc,1000,77242,997,77100,3,142,
10,1000,circuito_aleatorio_0003.tfc,1000,71516,998,71228,2,288,
10,1000,circuito_aleatorio_0004.tfc,1000,66951,1000,66877,0,74,
10,1000,circuito_aleatorio_0005.tfc,1000,68123,996,67934,4,189,
10,1000,circuito_aleatorio_0006.tfc,1000,75221,998,75067,2,154,
10,1000,circuito_aleatorio_0007.tfc,1000,74503,997,74370,3,133,
10,1000,circuito_aleatorio_0008.tfc,1000,72434,996,72396,4,38,
10,1000,circuito_aleatorio_0009.tfc,1000,75111,998,74837,2,274,
10,1500,circuito_aleatorio_0000.tfc,1500,114372,1495,114079,5,293,
10,1500,circuito_aleatorio_0001.tfc,1500,112436,1497,112226,3,210,
10,1500,circuito_aleatorio_0002.tfc,1500,104681,1498,104371,2,310,
10,1500,circuito_aleatorio_0003.tfc,1500,101909,1496,101668,4,241,
10,1500,circuito_aleatorio_0004.tfc,1500,114520,1496,114272,4,248,
10,1500,circuito_aleatorio_0005.tfc,1500,107638,1495,107561,5,77,
10,1500,circuito_aleatorio_0006.tfc,1500,114646,1498,114308,2,338,
10,1500,circuito_aleatorio_0007.tfc,1500,108868,1495,108511,5,357,
10,1500,circuito_aleatorio_0008.tfc,1500,112128,1494,111837,6,291,
10,1500,circuito_aleatorio_0009.tfc,1500,113080,1496,112704,4,376,
10,2000,circuito_aleatorio_0000.tfc,2000,149566,1995,149205,5,361,
10,2000,circuito_aleatorio_0001.tfc,2000,148758,1995,148328,5,430,
10,2000,circuito_aleatorio_0002.tfc,2000,135074,1996,134811,4,263,
10,2000,circuito_aleatorio_0003.tfc,2000,149724,1995,149437,5,287,
10,2000,circuito_aleatorio_0004.tfc,2000,147545,1994,147233,6,312,
10,2000,circuito_aleatorio_0005.tfc,2000,148403,1995,147982,5,421,
10,2000,circuito_aleatorio_0006.tfc,2000,150028,1993,149676,7,352,
10,2000,circuito_aleatorio_0007.tfc,2000,152447,1997,152134,3,313,
10,2000,circuito_aleatorio_0008.tfc,2000,144349,1994,144064,6,285,
10,2000,circuito_aleatorio_0009.tfc,2000,148756,1994,148524,6,232,
10,2500,circuito_aleatorio_0000.tfc,2500,186995,2492,186517,8,478,
10,2500,circuito_aleatorio_0001.tfc,2500,178280,2498,177893,2,387,
10,2500,circuito_aleatorio_0002.tfc,2500,182643,2492,182206,8,437,
10,2500,circuito_aleatorio_0003.tfc,2500,182749,2493,182398,7,351,
10,2500,circuito_aleatorio_0004.tfc,2500,182467,2491,181787,9,680,
10,2500,circuito_aleatorio_0005.tfc,2500,191144,2494,190736,6,408,
10,2500,circuito_aleatorio_0006.tfc,2500,185483,2496,185291,4,192,
10,2500,circuito_aleatorio_0007.tfc,2500,184889,2492,184566,8,323,
10,2500,circuito_aleatorio_0008.tfc,2500,188283,2493,187604,7,679,
10,2500,circuito_aleatorio_0009.tfc,2500,189050,2485,188479,15,571,
10,3000,circuito_aleatorio_0000.tfc,3000,226808,2992,226305,8,503,
10,3000,circuito_aleatorio_0001.tfc,3000,206590,2994,206039,6,551,
10,3000,circuito_aleatorio_0002.tfc,3000,222158,2991,221833,9,325,
10,3000,circuito_aleatorio_0003.tfc,3000,223514,2993,222819,7,695,
10,3000,circuito_aleatorio_0004.tfc,3000,225208,2990,224541,10,667,
10,3000,circuito_aleatorio_0005.tfc,3000,221616,2994,221333,6,283,
10,3000,circuito_aleatorio_0006.tfc,3000,221324,2993,220967,7,357,
10,3000,circuito_aleatorio_0007.tfc,3000,228710,2987,227801,13,909,
10,3000,circuito_aleatorio_0008.tfc,3000,220042,2984,219653,16,389,
10,3000,circuito_aleatorio_0009.tfc,3000,216396,2994,216138,6,258,
10,3500,circuito_aleatorio_0000.tfc,3500,264600,3492,264031,8,569,
10,3500,circuito_aleatorio_0001.tfc,3500,244019,3493,243409,7,610,
10,3500,circuito_aleatorio_0002.tfc,3500,261583,3491,261074,9,509,
10,3500,circuito_aleatorio_0003.tfc,3500,258896,3488,258187,12,709,
10,3500,circuito_aleatorio_0004.tfc,3500,260663,3493,260156,7,507,
10,3500,circuito_aleatorio_0005.tfc,3500,257457,3491,257009,9,448,
10,3500,circuito_aleatorio_0006.tfc,3500,265828,3480,264836,20,992,
10,3500,circuito_aleatorio_0007.tfc,3500,257279,3491,256901,9,378,
10,3500,circuito_aleatorio_0008.tfc,3500,252561,3490,252179,10,382,
10,3500,circuito_aleatorio_0009.tfc,3500,251204,3486,250638,14,566,
10,4000,circuito_aleatorio_0000.tfc,4000,298324,3990,297533,10,791,
10,4000,circuito_aleatorio_0001.tfc,4000,284798,3991,284248,9,550,
10,4000,circuito_aleatorio_0002.tfc,4000,295948,3989,295215,11,733,
10,4000,circuito_aleatorio_0003.tfc,4000,302475,3990,301810,10,665,
10,4000,circuito_aleatorio_0004.tfc,4000,293105,3988,292588,12,517,
10,4000,circuito_aleatorio_0005.tfc,4000,301278,3986,300244,14,1034,
10,4000,circuito_aleatorio_0006.tfc,4000,294397,3984,293936,16,461,
10,4000,circuito_aleatorio_0007.tfc,4000,288496,3985,288035,15,461,
10,4000,circuito_aleatorio_0008.tfc,4000,286523,3991,286004,9,519,
10,4000,circuito_aleatorio_0009.tfc,4000,307398,3985,306980,15,418,
10,4500,circuito_aleatorio_0000.tfc,4500,331489,4490,330676,10,813,
10,4500,circuito_aleatorio_0001.tfc,4500,324067,4487,323501,13,566,
10,4500,circuito_aleatorio_0002.tfc,4500,335642,4487,334656,13,986,
10,4500,circuito_aleatorio_0003.tfc,4500,334696,4490,334037,10,659,
10,4500,circuito_aleatorio_0004.tfc,4500,337039,4487,336128,13,911,
10,4500,circuito_aleatorio_0005.tfc,4500,333037,4477,332293,23,744,
10,4500,circuito_aleatorio_0006.tfc,4500,326916,4490,326462,10,454,
10,4500,circuito_aleatorio_0007.tfc,4500,322458,4486,321860,14,598,
10,4500,circuito_aleatorio_0008.tfc,4500,341396,4485,340943,15,453,
10,4500,circuito_aleatorio_0009.tfc,4500,327092,4483,326510,17,582,
10,5000,circuito_aleatorio_0000.tfc,5000,365275,4990,364410,10,865,
10,5000,circuito_aleatorio_0001.tfc,5000,365392,4985,364604,15,788,
10,5000,circuito_aleatorio_0002.tfc,5000,373611,4985,372523,15,1088,
10,5000,circuito_aleatorio_0003.tfc,5000,370372,4988,369857,12,515,
10,5000,circuito_aleatorio_0004.tfc,5000,377333,4978,376083,22,1250,
10,5000,circuito_aleatorio_0005.tfc,5000,360383,4986,359952,14,431,
10,5000,circuito_aleatorio_0006.tfc,5000,361724,4982,360962,18,762,
10,5000,circuito_aleatorio_0007.tfc,5000,378652,4985,378202,15,450,
10,5000,circuito_aleatorio_0008.tfc,5000,361090,4983,360473,17,617,
10,5000,circuito_aleatorio_0009.tfc,5000,365804,4992,364785,8,1019,
11,500,circuito_aleatorio_0000.tfc,500,52759,500,52707,0,52,
11,500,circuito_aleatorio_0001.tfc,500,58139,497,57848,3,291,
11,500,circuito_aleatorio_0002.tfc,500,63378,500,63376,0,2,
11,500,circuito_aleatorio_0003.tfc,500,56996,500,56948,0,48,
11,500,circuito_aleatorio_0004.tfc,500,58694,500,58690,0,4,
11,500,circuito_aleatorio_0005.tfc,500,57407,500,57407,0,0,
11,500,circuito_aleatorio_0006.tfc,500,49533,500,49533,0,0,
11,500,circuito_aleatorio_0007.tfc,500,47674,500,47594,0,80,
11,500,circuito_aleatorio_0008.tfc,500,49551,500,49472,0,79,
11,500,circuito_aleatorio_0009.tfc,500,49331,499,49307,1,24,
11,1000,circuito_aleatorio_0000.tfc,1000,110898,997,110555,3,343,
11,1000,circuito_aleatorio_0001.tfc,1000,120374,1000,120324,0,50,
11,1000,circuito_aleatorio_0002.tfc,1000,116101,1000,116097,0,4,
11,1000,circuito_aleatorio_0003.tfc,1000,97207,1000,97127,0,80,
11,1000,circuito_aleatorio_0004.tfc,1000,98882,999,98779,1,103,
11,1000,circuito_aleatorio_0005.tfc,1000,104416,999,104363,1,53,
11,1000,circuito_aleatorio_0006.tfc,1000,115982,998,115854,2,128,
11,1000,circuito_aleatorio_0007.tfc,1000,110034,997,109985,3,49,
11,1000,circuito_aleatorio_0008.tfc,1000,109397,1000,109359,0,38,
11,1000,circuito_aleatorio_0009.tfc,1000,114385,998,114179,2,206,
11,1500,circuito_aleatorio_0000.tfc,1500,174276,1497,173931,3,345,
11,1500,circuito_aleatorio_0001.tfc,1500,173097,1500,173045,0,52,
11,1500,circuito_aleatorio_0002.tfc,1500,146758,1500,146599,0,159,
11,1500,circuito_aleatorio_0003.tfc,1500,153747,1498,153670,2,77,
11,1500,circuito_aleatorio_0004.tfc,1500,171916,1495,171737,5,179,
11,1500,circuito_aleatorio_0005.tfc,1500,163497,1500,163461,0,36,
11,1500,circuito_aleatorio_0006.tfc,1500,172189,1498,171983,2,206,
11,1500,circuito_aleatorio_0007.tfc,1500,171659,1498,171573,2,86,
11,1500,circuito_aleatorio_0008.tfc,1500,172030,1497,171890,3,140,
11,1500,circuito_aleatorio_0009.tfc,1500,169621,1500,169604,0,17,
11,2000,circuito_aleatorio_0000.tfc,2000,231272,1997,230879,3,393,
11,2000,circuito_aleatorio_0001.tfc,2000,213308,2000,213224,0,84,
11,2000,circuito_aleatorio_0002.tfc,2000,203298,1998,203142,2,156,
11,2000,circuito_aleatorio_0003.tfc,2000,226016,1995,225839,5,177,
11,2000,circuito_aleatorio_0004.tfc,2000,223782,1998,223538,2,244,
11,2000,circuito_aleatorio_0005.tfc,2000,229463,1998,229377,2,86,
11,2000,circuito_aleatorio_0006.tfc,2000,230711,1997,230571,3,140,
11,2000,circuito_aleatorio_0007.tfc,2000,216045,2000,215951,0,94,
11,2000,circuito_aleatorio_0008.tfc,2000,222392,1999,222232,1,160,
11,2000,circuito_aleatorio_0009.tfc,2000,222610,2000,222548,0,62,
11,2500,circuito_aleatorio_0000.tfc,2500,289966,2497,289569,3,397,
11,2500,circuito_aleatorio_0001.tfc,2500,253496,2499,253313,1,183,
11,2500,circuito_aleatorio_0002.tfc,2500,276332,2494,276100,6,232,
11,2500,circuito_aleatorio_0003.tfc,2500,277882,2498,277640,2,242,
11,2500,circuito_aleatorio_0004.tfc,2500,287411,2496,287263,4,148,
11,2500,circuito_aleatorio_0005.tfc,2500,283703,2499,283608,1,95,
11,2500,circuito_aleatorio_0006.tfc,2500,276749,2500,276640,0,109,
11,2500,circuito_aleatorio_0007.tfc,2500,273358,2499,273168,1,190,
11,2500,circuito_aleatorio_0008.tfc,2500,290638,2498,290014,2,624,
11,2500,circuito_aleatorio_0009.tfc,2500,268157,2491,267104,9,1053,
11,3000,circuito_aleatorio_0000.tfc,3000,347373,2997,346976,3,397,
11,3000,circuito_aleatorio_0001.tfc,3000,300505,2998,300269,2,236,
11,3000,circuito_aleatorio_0002.tfc,3000,335413,2995,335198,5,215,
11,3000,circuito_aleatorio_0003.tfc,3000,343848,2996,343556,4,292,
11,3000,circuito_aleatorio_0004.tfc,3000,341651,2997,341494,3,157,
11,3000,circuito_aleatorio_0005.tfc,3000,327497,2999,327260,1,237,
11,3000,circuito_aleatorio_0006.tfc,3000,341385,2999,341316,1,69,
11,3000,circuito_aleatorio_0007.tfc,3000,334153,2994,333329,6,824,
11,3000,circuito_aleatorio_0008.tfc,3000,329968,2993,328649,7,1319,
11,3000,circuito_aleatorio_0009.tfc,3000,325078,2998,324849,2,229,
11,3500,circuito_aleatorio_0000.tfc,3500,396906,3497,396509,3,397,
11,3500,circuito_aleatorio_0001.tfc,3500,366954,3496,366590,4,364,
11,3500,circuito_aleatorio_0002.tfc,3500,391620,3495,391327,5,293,
11,3500,circuito_aleatorio_0003.tfc,3500,402370,3495,402144,5,226,
11,3500,circuito_aleatorio_0004.tfc,3500,387689,3500,387563,0,126,
11,3500,circuito_aleatorio_0005.tfc,3500,392133,3498,391936,2,197,
11,3500,circuito_aleatorio_0006.tfc,3500,387938,3492,386488,8,1450,
11,3500,circuito_aleatorio_0007.tfc,3500,390669,3495,389928,5,741,
11,3500,circuito_aleatorio_0008.tfc,3500,366940,3496,366283,4,657,
11,3500,circuito_aleatorio_0009.tfc,3500,405643,3495,405363,5,280,
11,4000,circuito_aleatorio_0000.tfc,4000,444580,3997,444103,3,477,
11,4000,circuito_aleatorio_0001.tfc,4000,429314,3993,428981,7,333,
11,4000,circuito_aleatorio_0002.tfc,4000,453245,3996,452915,4,330,
11,4000,circuito_aleatorio_0003.tfc,4000,446756,3997,446522,3,234,
11,4000,circuito_aleatorio_0004.tfc,4000,445002,3999,444780,1,222,
11,4000,circuito_aleatorio_0005.tfc,4000,452928,3993,452097,7,831,
11,4000,circuito_aleatorio_0006.tfc,4000,444454,3993,443087,7,1367,
11,4000,circuito_aleatorio_0007.tfc,4000,421486,3995,420784,5,702,
11,4000,circuito_aleatorio_0008.tfc,4000,464589,3995,464290,5,299,
11,4000,circuito_aleatorio_0009.tfc,4000,433262,3998,433085,2,177,
11,4500,circuito_aleatorio_0000.tfc,4500,494131,4497,493575,3,556,
11,4500,circuito_aleatorio_0001.tfc,4500,489160,4493,488868,7,292,
11,4500,circuito_aleatorio_0002.tfc,4500,515878,4493,515446,7,432,
11,4500,circuito_aleatorio_0003.tfc,4500,497118,4499,496864,1,254,
11,4500,circuito_aleatorio_0004.tfc,4500,513248,4498,512562,2,686,
11,4500,circuito_aleatorio_0005.tfc,4500,492258,4488,490732,12,1526,
11,4500,circuito_aleatorio_0006.tfc,4500,481426,4496,480721,4,705,
11,4500,circuito_aleatorio_0007.tfc,4500,519135,4494,518791,6,344,
11,4500,circuito_aleatorio_0008.tfc,4500,494113,4497,493731,3,382,
11,4500,circuito_aleatorio_0009.tfc,4500,519592,4492,518939,8,653,
11,5000,circuito_aleatorio_0000.tfc,5000,543462,4996,542882,4,580,
11,5000,circuito_aleatorio_0001.tfc,5000,554214,4992,553740,8,474,
11,5000,circuito_aleatorio_0002.tfc,5000,571114,4995,570871,5,243,
11,5000,circuito_aleatorio_0003.tfc,5000,550107,4999,549808,1,299,
11,5000,circuito_aleatorio_0004.tfc,5000,558795,4989,557118,11,1677,
11,5000,circuito_aleatorio_0005.tfc,5000,549179,4995,548477,5,702,
11,5000,circuito_aleatorio_0006.tfc,5000,561991,4993,561235,7,756,
11,5000,circuito_aleatorio_0007.tfc,5000,546754,4997,546513,3,241,
11,5000,circuito_aleatorio_0008.tfc,5000,580443,4991,579585,9,858,
11,5000,circuito_aleatorio_0009.tfc,5000,569985,4993,569503,7,482,
12,500,circuito_aleatorio_0000.tfc,500,82997,500,82997,0,0,
12,500,circuito_aleatorio_0001.tfc,500,89058,498,89028,2,30,
12,500,circuito_aleatorio_0002.tfc,500,95935,500,95782,0,153,
12,500,circuito_aleatorio_0003.tfc,500,78950,500,78950,0,0,
12,500,circuito_aleatorio_0004.tfc,500,86896,500,86896,0,0,
12,500,circuito_aleatorio_0005.tfc,500,83885,499,83872,1,13,
12,500,circuito_aleatorio_0006.tfc,500,82339,500,82339,0,0,
12,500,circuito_aleatorio_0007.tfc,500,68026,499,68013,1,13,
12,500,circuito_aleatorio_0008.tfc,500,73664,500,73664,0,0,
12,500,circuito_aleatorio_0009.tfc,500,77241,499,77204,1,37,
12,1000,circuito_aleatorio_0000.tfc,1000,172055,998,172025,2,30,
12,1000,circuito_aleatorio_0001.tfc,1000,174885,1000,174732,0,153,
12,1000,circuito_aleatorio_0002.tfc,1000,170781,999,170768,1,13,
12,1000,circuito_aleatorio_0003.tfc,1000,150365,999,150352,1,13,
12,1000,circuito_aleatorio_0004.tfc,1000,150905,999,150868,1,37,
12,1000,circuito_aleatorio_0005.tfc,1000,176533,1000,176517,0,16,
12,1000,circuito_aleatorio_0006.tfc,1000,164114,999,164093,1,21,
12,1000,circuito_aleatorio_0007.tfc,1000,171230,1000,171230,0,0,
12,1000,circuito_aleatorio_0008.tfc,1000,172003,1000,171863,0,140,
12,1000,circuito_aleatorio_0009.tfc,1000,165803,999,165678,1,125,
12,1500,circuito_aleatorio_0000.tfc,1500,267990,1498,267807,2,183,
12,1500,circuito_aleatorio_0001.tfc,1500,249731,1499,249718,1,13,
12,1500,circuito_aleatorio_0002.tfc,1500,224029,1499,224016,1,13,
12,1500,circuito_aleatorio_0003.tfc,1500,253774,1499,253721,1,53,
12,1500,circuito_aleatorio_0004.tfc,1500,254850,1499,254829,1,21,
12,1500,circuito_aleatorio_0005.tfc,1500,252497,1500,252357,0,140,
12,1500,circuito_aleatorio_0006.tfc,1500,252398,1499,252273,1,125,
12,1500,circuito_aleatorio_0007.tfc,1500,263779,1499,263765,1,14,
12,1500,circuito_aleatorio_0008.tfc,1500,268366,1500,268302,0,64,
12,1500,circuito_aleatorio_0009.tfc,1500,238866,1499,238821,1,45,
12,2000,circuito_aleatorio_0000.tfc,2000,346940,1998,346757,2,183,
12,2000,circuito_aleatorio_0001.tfc,2000,321146,1998,321120,2,26,
12,2000,circuito_aleatorio_0002.tfc,2000,327438,1999,327385,1,53,
12,2000,circuito_aleatorio_0003.tfc,2000,335344,1999,335323,1,21,
12,2000,circuito_aleatorio_0004.tfc,2000,337806,1999,337541,1,265,
12,2000,circuito_aleatorio_0005.tfc,2000,350374,1999,350360,1,14,
12,2000,circuito_aleatorio_0006.tfc,2000,337182,1999,337089,1,93,
12,2000,circuito_aleatorio_0007.tfc,2000,348483,1999,348438,1,45,
12,2000,circuito_aleatorio_0008.tfc,2000,344600,2000,344584,0,16,
12,2000,circuito_aleatorio_0009.tfc,2000,345110,1999,344969,1,141,
12,2500,circuito_aleatorio_0000.tfc,2500,433836,2498,433653,2,183,
12,2500,circuito_aleatorio_0001.tfc,2500,385155,2497,385092,3,63,
12,2500,circuito_aleatorio_0002.tfc,2500,431383,2499,431346,1,37,
12,2500,circuito_aleatorio_0003.tfc,2500,418300,2499,418035,1,265,
12,2500,circuito_aleatorio_0004.tfc,2500,438586,2499,438508,1,78,
12,2500,circuito_aleatorio_0005.tfc,2500,419020,2499,418975,1,45,
12,2500,circuito_aleatorio_0006.tfc,2500,433348,2499,433303,1,45,
12,2500,circuito_aleatorio_0007.tfc,2500,434795,2499,434654,1,141,
12,2500,circuito_aleatorio_0008.tfc,2500,409654,2499,409385,1,269,
12,2500,circuito_aleatorio_0009.tfc,2500,417213,2500,417195,0,18,
12,3000,circuito_aleatorio_0000.tfc,3000,517721,2997,517525,3,196,
12,3000,circuito_aleatorio_0001.tfc,3000,477803,2998,477737,2,66,
12,3000,circuito_aleatorio_0002.tfc,3000,507347,2999,507186,1,161,
12,3000,circuito_aleatorio_0003.tfc,3000,516177,2998,516038,2,139,
12,3000,circuito_aleatorio_0004.tfc,3000,507232,2999,507123,1,109,
12,3000,circuito_aleatorio_0005.tfc,3000,523033,2999,522988,1,45,
12,3000,circuito_aleatorio_0006.tfc,3000,520503,2998,520205,2,298,
12,3000,circuito_aleatorio_0007.tfc,3000,480068,3000,479938,0,130,
12,3000,circuito_aleatorio_0008.tfc,3000,503092,2999,502978,1,114,
12,3000,circuito_aleatorio_0009.tfc,3000,499043,2999,499023,1,20,
12,3500,circuito_aleatorio_0000.tfc,3500,600060,3497,599864,3,196,
12,3500,circuito_aleatorio_0001.tfc,3500,559578,3497,559491,3,87,
12,3500,circuito_aleatorio_0002.tfc,3500,595631,3499,595366,1,265,
12,3500,circuito_aleatorio_0003.tfc,3500,600961,3498,600854,2,107,
12,3500,circuito_aleatorio_0004.tfc,3500,603398,3499,603337,1,61,
12,3500,circuito_aleatorio_0005.tfc,3500,610188,3498,609890,2,298,
12,3500,circuito_aleatorio_0006.tfc,3500,567722,3500,567592,0,130,
12,3500,circuito_aleatorio_0007.tfc,3500,579431,3499,579317,1,114,
12,3500,circuito_aleatorio_0008.tfc,3500,605492,3496,605262,4,230,
12,3500,circuito_aleatorio_0009.tfc,3500,589001,3496,586825,4,2176,
12,4000,circuito_aleatorio_0000.tfc,4000,668086,3996,667877,4,209,
12,4000,circuito_aleatorio_0001.tfc,4000,662782,3998,662708,2,74,
12,4000,circuito_aleatorio_0002.tfc,4000,688180,3998,687901,2,279,
12,4000,circuito_aleatorio_0003.tfc,4000,685665,3998,685527,2,138,
12,4000,circuito_aleatorio_0004.tfc,4000,689710,3999,689553,1,157,
12,4000,circuito_aleatorio_0005.tfc,4000,655461,3999,655174,1,287,
12,4000,circuito_aleatorio_0006.tfc,4000,667085,3999,666971,1,114,
12,4000,circuito_aleatorio_0007.tfc,4000,690610,3996,690380,4,230,
12,4000,circuito_aleatorio_0008.tfc,4000,669293,3996,667117,4,2176,
12,4000,circuito_aleatorio_0009.tfc,4000,672101,4000,672005,0,96,
12,4500,circuito_aleatorio_0000.tfc,4500,741750,4496,741541,4,209,
12,4500,circuito_aleatorio_0001.tfc,4500,761121,4498,760907,2,214,
12,4500,circuito_aleatorio_0002.tfc,4500,784543,4498,784340,2,203,
12,4500,circuito_aleatorio_0003.tfc,4500,761899,4498,761809,2,90,
12,4500,circuito_aleatorio_0004.tfc,4500,754764,4498,754354,2,410,
12,4500,circuito_aleatorio_0005.tfc,4500,748899,4499,748767,1,132,
12,4500,circuito_aleatorio_0006.tfc,4500,769485,4496,769255,4,230,
12,4500,circuito_aleatorio_0007.tfc,4500,754411,4496,752235,4,2176,
12,4500,circuito_aleatorio_0008.tfc,4500,766921,4499,766820,1,101,
12,4500,circuito_aleatorio_0009.tfc,4500,784122,4498,783760,2,362,
12,5000,circuito_aleatorio_0000.tfc,5000,818991,4995,818745,5,246,
12,5000,circuito_aleatorio_0001.tfc,5000,849683,4998,849381,2,302,
12,5000,circuito_aleatorio_0002.tfc,5000,857606,4998,857483,2,123,
12,5000,circuito_aleatorio_0003.tfc,5000,868143,4998,867957,2,186,
12,5000,circuito_aleatorio_0004.tfc,5000,826867,4999,826580,1,287,
12,5000,circuito_aleatorio_0005.tfc,5000,830729,4998,830595,2,134,
12,5000,circuito_aleatorio_0006.tfc,5000,859443,4993,857057,7,2386,
12,5000,circuito_aleatorio_0007.tfc,5000,837511,5000,837415,0,96,
12,5000,circuito_aleatorio_0008.tfc,5000,878942,4997,878543,3,399,
12,5000,circuito_aleatorio_0009.tfc,5000,856980,4994,856676,6,304,
13,500,circuito_aleatorio_0000.tfc,500,127764,500,127764,0,0,
13,500,circuito_aleatorio_0001.tfc,500,146034,500,146034,0,0,
13,500,circuito_aleatorio_0002.tfc,500,127134,500,127134,0,0,
13,500,circuito_aleatorio_0003.tfc,500,133890,500,133874,0,16,
13,500,circuito_aleatorio_0004.tfc,500,130039,500,130039,0,0,
13,500,circuito_aleatorio_0005.tfc,500,115057,500,115057,0,0,
13,500,circuito_aleatorio_0006.tfc,500,101959,500,101959,0,0,
13,500,circuito_aleatorio_0007.tfc,500,119475,500,119475,0,0,
13,500,circuito_aleatorio_0008.tfc,500,113376,500,113376,0,0,
13,500,circuito_aleatorio_0009.tfc,500,115193,500,115193,0,0,
13,1000,circuito_aleatorio_0000.tfc,1000,273798,1000,273798,0,0,
13,1000,circuito_aleatorio_0001.tfc,1000,261024,1000,261008,0,16,
13,1000,circuito_aleatorio_0002.tfc,1000,245096,1000,245096,0,0,
13,1000,circuito_aleatorio_0003.tfc,1000,221434,1000,221434,0,0,
13,1000,circuito_aleatorio_0004.tfc,1000,228569,1000,228569,0,0,
13,1000,circuito_aleatorio_0005.tfc,1000,263480,999,263449,1,31,
13,1000,circuito_aleatorio_0006.tfc,1000,253535,1000,253535,0,0,
13,1000,circuito_aleatorio_0007.tfc,1000,262965,1000,262965,0,0,
13,1000,circuito_aleatorio_0008.tfc,1000,254186,999,254141,1,45,
13,1000,circuito_aleatorio_0009.tfc,1000,255902,1000,255902,0,0,
13,1500,circuito_aleatorio_0000.tfc,1500,400932,1500,400932,0,0,
13,1500,circuito_aleatorio_0001.tfc,1500,378986,1500,378970,0,16,
13,1500,circuito_aleatorio_0002.tfc,1500,334810,1500,334810,0,0,
13,1500,circuito_aleatorio_0003.tfc,1500,378673,1499,378642,1,31,
13,1500,circuito_aleatorio_0004.tfc,1500,376842,1500,376842,0,0,
13,1500,circuito_aleatorio_0005.tfc,1500,393844,1499,393799,1,45,
13,1500,circuito_aleatorio_0006.tfc,1500,390085,1499,390040,1,45,
13,1500,circuito_aleatorio_0007.tfc,1500,404665,1499,404652,1,13,
13,1500,circuito_aleatorio_0008.tfc,1500,359677,1500,359658,0,19,
13,1500,circuito_aleatorio_0009.tfc,1500,393345,1500,393345,0,0,
13,2000,circuito_aleatorio_0000.tfc,2000,534822,2000,534806,0,16,
13,2000,circuito_aleatorio_0001.tfc,2000,466530,2000,466530,0,0,
13,2000,circuito_aleatorio_0002.tfc,2000,492049,1999,492018,1,31,
13,2000,circuito_aleatorio_0003.tfc,2000,516500,2000,516500,0,0,
13,2000,circuito_aleatorio_0004.tfc,2000,510088,1999,510043,1,45,
13,2000,circuito_aleatorio_0005.tfc,2000,538848,1998,538790,2,58,
13,2000,circuito_aleatorio_0006.tfc,2000,474411,2000,474392,0,19,
13,2000,circuito_aleatorio_0007.tfc,2000,535335,1999,535306,1,29,
13,2000,circuito_aleatorio_0008.tfc,2000,523047,2000,523047,0,0,
13,2000,circuito_aleatorio_0009.tfc,2000,524404,2000,524404,0,0,
13,2500,circuito_aleatorio_0000.tfc,2500,664861,2500,664845,0,16,
13,2500,circuito_aleatorio_0001.tfc,2500,565060,2500,565060,0,0,
13,2500,circuito_aleatorio_0002.tfc,2500,640322,2499,640291,1,31,
13,2500,circuito_aleatorio_0003.tfc,2500,649746,2499,649701,1,45,
13,2500,circuito_aleatorio_0004.tfc,2500,667387,2498,667313,2,74,
13,2500,circuito_aleatorio_0005.tfc,2500,624483,2500,624480,0,3,
13,2500,circuito_aleatorio_0006.tfc,2500,655880,2499,655851,1,29,
13,2500,circuito_aleatorio_0007.tfc,2500,648295,2500,648295,0,0,
13,2500,circuito_aleatorio_0008.tfc,2500,626361,2500,626305,0,56,
13,2500,circuito_aleatorio_0009.tfc,2500,630250,2500,630242,0,8,
13,3000,circuito_aleatorio_0000.tfc,3000,779918,3000,779902,0,16,
13,3000,circuito_aleatorio_0001.tfc,3000,713483,2999,713452,1,31,
13,3000,circuito_aleatorio_0002.tfc,3000,770686,2999,770641,1,45,
13,3000,circuito_aleatorio_0003.tfc,3000,794750,2998,794692,2,58,
13,3000,circuito_aleatorio_0004.tfc,3000,753022,3000,753003,0,19,
13,3000,circuito_aleatorio_0005.tfc,3000,779771,2999,779742,1,29,
13,3000,circuito_aleatorio_0006.tfc,3000,771288,3000,771256,0,32,
13,3000,circuito_aleatorio_0007.tfc,3000,763714,3000,763682,0,32,
13,3000,circuito_aleatorio_0008.tfc,3000,739188,3000,739179,0,9,
13,3000,circuito_aleatorio_0009.tfc,3000,814139,3000,814107,0,32,
13,3500,circuito_aleatorio_0000.tfc,3500,881877,3500,881861,0,16,
13,3500,circuito_aleatorio_0001.tfc,3500,865059,3499,865028,1,31,
13,3500,circuito_aleatorio_0002.tfc,3500,907236,3498,907146,2,90,
13,3500,circuito_aleatorio_0003.tfc,3500,879076,3499,879044,1,32,
13,3500,circuito_aleatorio_0004.tfc,3500,934491,3499,934462,1,29,
13,3500,circuito_aleatorio_0005.tfc,3500,895179,3500,895147,0,32,
13,3500,circuito_aleatorio_0006.tfc,3500,889044,3500,889012,0,32,
13,3500,circuito_aleatorio_0007.tfc,3500,882972,3500,882963,0,9,
13,3500,circuito_aleatorio_0008.tfc,3500,901284,3500,901252,0,32,
13,3500,circuito_aleatorio_0009.tfc,3500,918516,3499,917863,1,653,
13,4000,circuito_aleatorio_0000.tfc,4000,1001352,4000,1001336,0,16,
13,4000,circuito_aleatorio_0001.tfc,4000,1008549,3999,1008518,1,31,
13,4000,circuito_aleatorio_0002.tfc,4000,1048936,3997,1048833,3,103,
13,4000,circuito_aleatorio_0003.tfc,4000,1009746,3999,1009698,1,48,
13,4000,circuito_aleatorio_0004.tfc,4000,1047451,4000,1047451,0,0,
13,4000,circuito_aleatorio_0005.tfc,4000,1010598,4000,1010534,0,64,
13,4000,circuito_aleatorio_0006.tfc,4000,1008302,4000,1008293,0,9,
13,4000,circuito_aleatorio_0007.tfc,4000,1030843,4000,1030811,0,32,
13,4000,circuito_aleatorio_0008.tfc,4000,1041716,3999,1041047,1,669,
13,4000,circuito_aleatorio_0009.tfc,4000,1027555,3999,1027438,1,117,
13,4500,circuito_aleatorio_0000.tfc,4500,1114728,4500,1114712,0,16,
13,4500,circuito_aleatorio_0001.tfc,4500,1149359,4498,1149283,2,76,
13,4500,circuito_aleatorio_0002.tfc,4500,1154427,4498,1154350,2,77,
13,4500,circuito_aleatorio_0003.tfc,4500,1173116,4499,1173087,1,29,
13,4500,circuito_aleatorio_0004.tfc,4500,1150765,4500,1150709,0,56,
13,4500,circuito_aleatorio_0005.tfc,4500,1123425,4500,1123408,0,17,
13,4500,circuito_aleatorio_0006.tfc,4500,1170398,4500,1170366,0,32,
13,4500,circuito_aleatorio_0007.tfc,4500,1171275,4499,1170606,1,669,
13,4500,circuito_aleatorio_0008.tfc,4500,1178417,4499,1178300,1,117,
13,4500,circuito_aleatorio_0009.tfc,4500,1168549,4499,1168264,1,285,
13,5000,circuito_aleatorio_0000.tfc,5000,1229921,5000,1229905,0,16,
13,5000,circuito_aleatorio_0001.tfc,5000,1290068,4998,1289992,2,76,
13,5000,circuito_aleatorio_0002.tfc,5000,1291870,4998,1291793,2,77,
13,5000,circuito_aleatorio_0003.tfc,5000,1304175,4999,1304146,1,29,
13,5000,circuito_aleatorio_0004.tfc,5000,1256611,5000,1256547,0,64,
13,5000,circuito_aleatorio_0005.tfc,5000,1307314,5000,1307273,0,41,
13,5000,circuito_aleatorio_0006.tfc,5000,1274775,4999,1274122,1,653,
13,5000,circuito_aleatorio_0007.tfc,5000,1280314,4999,1280181,1,133,
13,5000,circuito_aleatorio_0008.tfc,5000,1319411,4999,1319126,1,285,
13,5000,circuito_aleatorio_0009.tfc,5000,1295644,4999,1295622,1,22,
14,500,circuito_aleatorio_0000.tfc,500,175955,500,175955,0,0,
14,500,circuito_aleatorio_0001.tfc,500,224844,500,224780,0,64,
14,500,circuito_aleatorio_0002.tfc,500,188875,500,188875,0,0,
14,500,circuito_aleatorio_0003.tfc,500,191372,500,191372,0,0,
14,500,circuito_aleatorio_0004.tfc,500,179434,500,179434,0,0,
14,500,circuito_aleatorio_0005.tfc,500,163756,500,163756,0,0,
14,500,circuito_aleatorio_0006.tfc,500,165048,500,165048,0,0,
14,500,circuito_aleatorio_0007.tfc,500,161626,500,161626,0,0,
14,500,circuito_aleatorio_0008.tfc,500,193635,500,193631,0,4,
14,500,circuito_aleatorio_0009.tfc,500,190772,500,190772,0,0,
14,1000,circuito_aleatorio_0000.tfc,1000,400799,1000,400735,0,64,
14,1000,circuito_aleatorio_0001.tfc,1000,380247,1000,380247,0,0,
14,1000,circuito_aleatorio_0002.tfc,1000,343190,1000,343190,0,0,
14,1000,circuito_aleatorio_0003.tfc,1000,326674,1000,326674,0,0,
14,1000,circuito_aleatorio_0004.tfc,1000,384407,1000,384403,0,4,
14,1000,circuito_aleatorio_0005.tfc,1000,353160,1000,353128,0,32,
14,1000,circuito_aleatorio_0006.tfc,1000,371652,1000,371524,0,128,
14,1000,circuito_aleatorio_0007.tfc,1000,418431,1000,418431,0,0,
14,1000,circuito_aleatorio_0008.tfc,1000,368634,1000,368625,0,9,
14,1000,circuito_aleatorio_0009.tfc,1000,403927,1000,403927,0,0,
14,1500,circuito_aleatorio_0000.tfc,1500,589674,1500,589610,0,64,
14,1500,circuito_aleatorio_0001.tfc,1500,534562,1500,534562,0,0,
14,1500,circuito_aleatorio_0002.tfc,1500,520309,1500,520305,0,4,
14,1500,circuito_aleatorio_0003.tfc,1500,543932,1500,543900,0,32,
14,1500,circuito_aleatorio_0004.tfc,1500,587969,1500,587841,0,128,
14,1500,circuito_aleatorio_0005.tfc,1500,570748,1500,570739,0,9,
14,1500,circuito_aleatorio_0006.tfc,1500,614587,1500,614587,0,0,
14,1500,circuito_aleatorio_0007.tfc,1500,553967,1500,553935,0,32,
14,1500,circuito_aleatorio_0008.tfc,1500,590453,1500,590421,0,32,
14,1500,circuito_aleatorio_0009.tfc,1500,559756,1500,559756,0,0,
14,2000,circuito_aleatorio_0000.tfc,2000,781046,2000,780982,0,64,
14,2000,circuito_aleatorio_0001.tfc,2000,669864,2000,669864,0,0,
14,2000,circuito_aleatorio_0002.tfc,2000,737567,2000,737531,0,36,
14,2000,circuito_aleatorio_0003.tfc,2000,790083,2000,789955,0,128,
14,2000,circuito_aleatorio_0004.tfc,2000,772561,2000,772552,0,9,
14,2000,circuito_aleatorio_0005.tfc,2000,764627,2000,764595,0,32,
14,2000,circuito_aleatorio_0006.tfc,2000,765015,2000,764983,0,32,
14,2000,circuito_aleatorio_0007.tfc,2000,786638,2000,786622,0,16,
14,2000,circuito_aleatorio_0008.tfc,2000,786474,2000,786474,0,0,
14,2000,circuito_aleatorio_0009.tfc,2000,733569,1999,733188,1,381,
14,2500,circuito_aleatorio_0000.tfc,2500,960480,2500,960416,0,64,
14,2500,circuito_aleatorio_0001.tfc,2500,874837,2500,874833,0,4,
14,2500,circuito_aleatorio_0002.tfc,2500,941129,2500,940969,0,160,
14,2500,circuito_aleatorio_0003.tfc,2500,974675,2500,974666,0,9,
14,2500,circuito_aleatorio_0004.tfc,2500,964464,2500,964432,0,32,
14,2500,circuito_aleatorio_0005.tfc,2500,950372,2500,950340,0,32,
14,2500,circuito_aleatorio_0006.tfc,2500,992866,2500,992850,0,16,
14,2500,circuito_aleatorio_0007.tfc,2500,928621,2499,928240,1,381,
14,2500,circuito_aleatorio_0008.tfc,2500,946512,2499,946309,1,203,
14,2500,circuito_aleatorio_0009.tfc,2500,912825,2500,912825,0,0,
14,3000,circuito_aleatorio_0000.tfc,3000,1124236,3000,1124172,0,64,
14,3000,circuito_aleatorio_0001.tfc,3000,1064241,3000,1064205,0,36,
14,3000,circuito_aleatorio_0002.tfc,3000,1158717,3000,1158580,0,137,
14,3000,circuito_aleatorio_0003.tfc,3000,1168554,3000,1168522,0,32,
14,3000,circuito_aleatorio_0004.tfc,3000,1150209,3000,1150177,0,32,
14,3000,circuito_aleatorio_0005.tfc,3000,1187918,3000,1187902,0,16,
14,3000,circuito_aleatorio_0006.tfc,3000,1125602,2998,1125032,2,570,
14,3000,circuito_aleatorio_0007.tfc,3000,1096860,3000,1096846,0,14,
14,3000,circuito_aleatorio_0008.tfc,3000,1164675,3000,1164675,0,0,
14,3000,circuito_aleatorio_0009.tfc,3000,1093235,3000,1093235,0,0,
14,3500,circuito_aleatorio_0000.tfc,3500,1289284,3500,1289220,0,64,
14,3500,circuito_aleatorio_0001.tfc,3500,1270845,3500,1270681,0,164,
14,3500,circuito_aleatorio_0002.tfc,3500,1401652,3500,1401643,0,9,
14,3500,circuito_aleatorio_0003.tfc,3500,1318982,3500,1318918,0,64,
14,3500,circuito_aleatorio_0004.tfc,3500,1378060,3500,1378044,0,16,
14,3500,circuito_aleatorio_0005.tfc,3500,1320654,3498,1320084,2,570,
14,3500,circuito_aleatorio_0006.tfc,3500,1272835,3500,1272821,0,14,
14,3500,circuito_aleatorio_0007.tfc,3500,1355075,3500,1355075,0,0,
14,3500,circuito_aleatorio_0008.tfc,3500,1321685,3500,1321685,0,0,
14,3500,circuito_aleatorio_0009.tfc,3500,1388209,3500,1388209,0,0,
14,4000,circuito_aleatorio_0000.tfc,4000,1450910,4000,1450846,0,64,
14,4000,circuito_aleatorio_0001.tfc,4000,1527650,4000,1527486,0,164,
14,4000,circuito_aleatorio_0002.tfc,4000,1537188,4000,1537147,0,41,
14,4000,circuito_aleatorio_0003.tfc,4000,1551653,4000,1551605,0,48,
14,4000,circuito_aleatorio_0004.tfc,4000,1520043,3999,1519662,1,381,
14,4000,circuito_aleatorio_0005.tfc,4000,1488893,3999,1488690,1,203,
14,4000,circuito_aleatorio_0006.tfc,4000,1531050,4000,1531050,0,0,
14,4000,circuito_aleatorio_0007.tfc,4000,1515120,4000,1515120,0,0,
14,4000,circuito_aleatorio_0008.tfc,4000,1576850,3999,1576829,1,21,
14,4000,circuito_aleatorio_0009.tfc,4000,1561641,4000,1561577,0,64,
14,4500,circuito_aleatorio_0000.tfc,4500,1644545,4500,1644477,0,68,
14,4500,circuito_aleatorio_0001.tfc,4500,1702649,4500,1702480,0,169,
14,4500,circuito_aleatorio_0002.tfc,4500,1759007,4500,1758943,0,64,
14,4500,circuito_aleatorio_0003.tfc,4500,1747674,4500,1747658,0,16,
14,4500,circuito_aleatorio_0004.tfc,4500,1680081,4498,1679497,2,584,
14,4500,circuito_aleatorio_0005.tfc,4500,1707056,4500,1707056,0,0,
14,4500,circuito_aleatorio_0006.tfc,4500,1688060,4500,1688060,0,0,
14,4500,circuito_aleatorio_0007.tfc,4500,1770285,4499,1770264,1,21,
14,4500,circuito_aleatorio_0008.tfc,4500,1763443,4500,1763379,0,64,
14,4500,circuito_aleatorio_0009.tfc,4500,1799698,4499,1799573,1,125,
14,5000,circuito_aleatorio_0000.tfc,5000,1835317,5000,1835249,0,68,
14,5000,circuito_aleatorio_0001.tfc,5000,1915804,5000,1915635,0,169,
14,5000,circuito_aleatorio_0002.tfc,5000,1914836,5000,1914772,0,64,
14,5000,circuito_aleatorio_0003.tfc,5000,1921487,4999,1921090,1,397,
14,5000,circuito_aleatorio_0004.tfc,5000,1859337,4999,1859134,1,203,
14,5000,circuito_aleatorio_0005.tfc,5000,1887466,5000,1887466,0,0,
14,5000,circuito_aleatorio_0006.tfc,5000,1983034,5000,1983034,0,0,
14,5000,circuito_aleatorio_0007.tfc,5000,1943717,4999,1943632,1,85,
14,5000,circuito_aleatorio_0008.tfc,5000,2001500,4999,2001375,1,125,
14,5000,circuito_aleatorio_0009.tfc,5000,1902584,5000,1902344,0,240,
