Nome TFC,GC Original,QC Original,GC Otimizado,QC Otimizado,Diff GC,Diff QC,Observações
circuito_aleatorio_0000.tfc,850,228338,850,228338,0,0,
circuito_aleatorio_0001.tfc,850,221374,850,221374,0,0,
circuito_aleatorio_0002.tfc,850,226561,850,226545,0,16,
circuito_aleatorio_0003.tfc,850,188243,850,188243,0,0,
circuito_aleatorio_0004.tfc,850,193032,850,193032,0,0,
circuito_aleatorio_0005.tfc,850,201020,850,201020,0,0,
circuito_aleatorio_0006.tfc,850,225659,849,225628,1,31,
circuito_aleatorio_0007.tfc,850,215144,850,215144,0,0,
circuito_aleatorio_0008.tfc,850,213599,850,213599,0,0,
circuito_aleatorio_0009.tfc,850,221101,850,221101,0,0,
