Nome TFC,GC Original,QC Original,GC Otimizado,QC Otimizado,Diff GC,Diff QC,Observações
circuito_aleatorio_0000.tfc,600,206077,600,206077,0,0,
circuito_aleatorio_0001.tfc,600,272904,600,272840,0,64,
circuito_aleatorio_0002.tfc,600,214863,600,214863,0,0,
circuito_aleatorio_0003.tfc,600,235672,600,235672,0,0,
circuito_aleatorio_0004.tfc,600,194720,600,194720,0,0,
circuito_aleatorio_0005.tfc,600,205008,600,205008,0,0,
circuito_aleatorio_0006.tfc,600,204692,600,204688,0,4,
circuito_aleatorio_0007.tfc,600,221871,600,221871,0,0,
circuito_aleatorio_0008.tfc,600,227684,600,227684,0,0,
circuito_aleatorio_0009.tfc,600,204986,600,204954,0,32,
