Nome TFC,GC Original,QC Original,GC Otimizado,QC Otimizado,Diff GC,Diff QC,Observações
circuito_aleatorio_0000.tfc,700,49767,223,95181,477,-45414,
circuito_aleatorio_0001.tfc,700,54951,204,98478,496,-43527,
circuito_aleatorio_0002.tfc,700,52049,189,82451,511,-30402,
circuito_aleatorio_0003.tfc,700,54980,231,102484,469,-47504,
circuito_aleatorio_0004.tfc,700,52853,193,97387,507,-44534,
circuito_aleatorio_0005.tfc,700,48563,184,84982,516,-36419,
circuito_aleatorio_0006.tfc,700,45490,196,86303,504,-40813,
circuito_aleatorio_0007.tfc,700,47721,225,94353,475,-46632,
circuito_aleatorio_0008.tfc,700,51545,222,94562,478,-43017,
circuito_aleatorio_0009.tfc,700,50700,192,88548,508,-37848,
