Nome TFC,Qtd. Portas,Qtd. Subcircuitos,Tamanho Médio das Janelas,Maior Janela,Menor Janela,Observacao
benchmark_aleatorio_reed/n10_p700/2024-07-27/benchmark_2024-07-27_circuito_aleatorio_0000.tfc,223,1,223.0,223,223,
benchmark_aleatorio_reed/n10_p700/2024-07-27/benchmark_2024-07-27_circuito_aleatorio_0001.tfc,204,1,204.0,204,204,
benchmark_aleatorio_reed/n10_p700/2024-07-27/benchmark_2024-07-27_circuito_aleatorio_0002.tfc,189,1,189.0,189,189,
benchmark_aleatorio_reed/n10_p700/2024-07-27/benchmark_2024-07-27_circuito_aleatorio_0003.tfc,231,1,231.0,231,231,
benchmark_aleatorio_reed/n10_p700/2024-07-27/benchmark_2024-07-27_circuito_aleatorio_0004.tfc,193,1,193.0,193,193,
benchmark_aleatorio_reed/n10_p700/2024-07-27/benchmark_2024-07-27_circuito_aleatorio_0005.tfc,184,1,184.0,184,184,
benchmark_aleatorio_reed/n10_p700/2024-07-27/benchmark_2024-07-27_circuito_aleatorio_0006.tfc,196,1,196.0,196,196,
benchmark_aleatorio_reed/n10_p700/2024-07-27/benchmark_2024-07-27_circuito_aleatorio_0007.tfc,225,1,225.0,225,225,
benchmark_aleatorio_reed/n10_p700/2024-07-27/benchmark_2024-07-27_circuito_aleatorio_0008.tfc,222,1,222.0,222,222,
benchmark_aleatorio_reed/n10_p700/2024-07-27/benchmark_2024-07-27_circuito_aleatorio_0009.tfc,192,1,192.0,192,192,
