Nome TFC,GC Original,QC Original,GC Otimizado,QC Otimizado,Diff GC,Diff QC,Observações
circuito_aleatorio_0000.tfc,10,1586,10,1586,0,0,
circuito_aleatorio_0001.tfc,10,1898,10,1898,0,0,
circuito_aleatorio_0002.tfc,10,2274,10,2274,0,0,
circuito_aleatorio_0003.tfc,10,1464,10,1464,0,0,
circuito_aleatorio_0004.tfc,10,1682,10,1682,0,0,
circuito_aleatorio_0005.tfc,10,2594,10,2594,0,0,
circuito_aleatorio_0006.tfc,10,2740,10,2740,0,0,
circuito_aleatorio_0007.tfc,10,1554,10,1554,0,0,
circuito_aleatorio_0008.tfc,10,1394,10,1394,0,0,
circuito_aleatorio_0009.tfc,10,1570,10,1570,0,0,
