Nome TFC,GC Original,QC Original,GC Otimizado,QC Otimizado,Diff GC,Diff QC,Observações
circuito_aleatorio_0000.tfc,850,40319,843,40237,7,82,
circuito_aleatorio_0001.tfc,850,43164,844,43039,6,125,
circuito_aleatorio_0002.tfc,850,39700,840,39089,10,611,
circuito_aleatorio_0003.tfc,850,41592,848,41454,2,138,
circuito_aleatorio_0004.tfc,850,40921,844,40694,6,227,
circuito_aleatorio_0005.tfc,850,37352,846,37162,4,190,
circuito_aleatorio_0006.tfc,850,38445,843,38302,7,143,
circuito_aleatorio_0007.tfc,850,37968,843,37789,7,179,
circuito_aleatorio_0008.tfc,850,39648,845,39543,5,105,
circuito_aleatorio_0009.tfc,850,41276,847,41190,3,86,
