Nome TFC,Qtd. Portas,Qtd. Subcircuitos,Tamanho Médio das Janelas,Maior Janela,Menor Janela,Observacao
benchmark_aleatorio_otimos_regras/n9_p850/2024-07-26/benchmark_2024-07-26_circuito_aleatorio_0000.tfc,843,1,843.0,843,843,
benchmark_aleatorio_otimos_regras/n9_p850/2024-07-26/benchmark_2024-07-26_circuito_aleatorio_0001.tfc,844,1,844.0,844,844,
benchmark_aleatorio_otimos_regras/n9_p850/2024-07-26/benchmark_2024-07-26_circuito_aleatorio_0002.tfc,840,1,840.0,840,840,
benchmark_aleatorio_otimos_regras/n9_p850/2024-07-26/benchmark_2024-07-26_circuito_aleatorio_0003.tfc,848,1,848.0,848,848,
benchmark_aleatorio_otimos_regras/n9_p850/2024-07-26/benchmark_2024-07-26_circuito_aleatorio_0004.tfc,844,1,844.0,844,844,
benchmark_aleatorio_otimos_regras/n9_p850/2024-07-26/benchmark_2024-07-26_circuito_aleatorio_0005.tfc,846,1,846.0,846,846,
benchmark_aleatorio_otimos_regras/n9_p850/2024-07-26/benchmark_2024-07-26_circuito_aleatorio_0006.tfc,843,1,843.0,843,843,
benchmark_aleatorio_otimos_regras/n9_p850/2024-07-26/benchmark_2024-07-26_circuito_aleatorio_0007.tfc,843,1,843.0,843,843,
benchmark_aleatorio_otimos_regras/n9_p850/2024-07-26/benchmark_2024-07-26_circuito_aleatorio_0008.tfc,845,1,845.0,845,845,
benchmark_aleatorio_otimos_regras/n9_p850/2024-07-26/benchmark_2024-07-26_circuito_aleatorio_0009.tfc,847,1,847.0,847,847,
