Nome TFC,GC Original,QC Original,GC Otimizado,QC Otimizado,Diff GC,Diff QC,Observações
circuito_aleatorio_0000.tfc,10,240,9,235,1,5,
circuito_aleatorio_0001.tfc,10,256,10,256,0,0,
circuito_aleatorio_0002.tfc,10,276,10,268,0,8,
circuito_aleatorio_0003.tfc,10,156,9,153,1,3,
circuito_aleatorio_0004.tfc,10,364,10,364,0,0,
circuito_aleatorio_0005.tfc,10,134,10,134,0,0,
circuito_aleatorio_0006.tfc,10,198,8,192,2,6,
circuito_aleatorio_0007.tfc,10,357,10,357,0,0,
circuito_aleatorio_0008.tfc,10,296,10,296,0,0,
circuito_aleatorio_0009.tfc,10,339,10,331,0,8,
