Nome TFC,GC Original,QC Original,GC Otimizado,QC Otimizado,Diff GC,Diff QC,Observações
circuito_aleatorio_0000.tfc,400,145515,400,145515,0,0,
circuito_aleatorio_0001.tfc,400,165768,400,165704,0,64,
circuito_aleatorio_0002.tfc,400,167698,400,167698,0,0,
circuito_aleatorio_0003.tfc,400,139404,400,139404,0,0,
circuito_aleatorio_0004.tfc,400,162661,400,162661,0,0,
circuito_aleatorio_0005.tfc,400,148470,400,148470,0,0,
circuito_aleatorio_0006.tfc,400,131696,400,131696,0,0,
circuito_aleatorio_0007.tfc,400,121042,400,121042,0,0,
circuito_aleatorio_0008.tfc,400,146990,400,146990,0,0,
circuito_aleatorio_0009.tfc,400,121666,400,121666,0,0,
