Nome TFC,GC Original,QC Original,GC Otimizado,QC Otimizado,Diff GC,Diff QC,Observações
circuito_aleatorio_0000.tfc,100,4158,100,4158,0,0,
circuito_aleatorio_0001.tfc,100,4067,98,4058,2,9,
circuito_aleatorio_0002.tfc,100,4808,100,4806,0,2,
circuito_aleatorio_0003.tfc,100,4984,100,4968,0,16,
circuito_aleatorio_0004.tfc,100,5468,100,5468,0,0,
circuito_aleatorio_0005.tfc,100,5124,98,5110,2,14,
circuito_aleatorio_0006.tfc,100,4707,99,4694,1,13,
circuito_aleatorio_0007.tfc,100,4867,98,4842,2,25,
circuito_aleatorio_0008.tfc,100,3967,100,3962,0,5,
circuito_aleatorio_0009.tfc,100,4450,100,4449,0,1,
