Nome TFC,GC Original,QC Original,GC Otimizado,QC Otimizado,Diff GC,Diff QC,Observações
circuito_aleatorio_0000.tfc,600,100777,599,100748,1,29,
circuito_aleatorio_0001.tfc,600,112221,599,112220,1,1,
circuito_aleatorio_0002.tfc,600,101893,600,101740,0,153,
circuito_aleatorio_0003.tfc,600,104418,600,104418,0,0,
circuito_aleatorio_0004.tfc,600,98412,599,98399,1,13,
circuito_aleatorio_0005.tfc,600,95197,600,95197,0,0,
circuito_aleatorio_0006.tfc,600,82403,599,82390,1,13,
circuito_aleatorio_0007.tfc,600,88903,600,88887,0,16,
circuito_aleatorio_0008.tfc,600,102193,599,102172,1,21,
circuito_aleatorio_0009.tfc,600,109107,600,109091,0,16,
