Nome TFC,Qtd. Portas,Qtd. Subcircuitos,Tamanho Médio das Janelas,Maior Janela,Menor Janela,Observacao
benchmark_aleatorio_otimos_regras/n12_p600/circuito_aleatorio_0000.tfc,600,1,600.0,600,600,
benchmark_aleatorio_otimos_regras/n12_p600/circuito_aleatorio_0001.tfc,600,1,600.0,600,600,
benchmark_aleatorio_otimos_regras/n12_p600/circuito_aleatorio_0002.tfc,600,1,600.0,600,600,
benchmark_aleatorio_otimos_regras/n12_p600/circuito_aleatorio_0003.tfc,600,1,600.0,600,600,
benchmark_aleatorio_otimos_regras/n12_p600/circuito_aleatorio_0004.tfc,600,1,600.0,600,600,
benchmark_aleatorio_otimos_regras/n12_p600/circuito_aleatorio_0005.tfc,600,1,600.0,600,600,
benchmark_aleatorio_otimos_regras/n12_p600/circuito_aleatorio_0006.tfc,600,1,600.0,600,600,
benchmark_aleatorio_otimos_regras/n12_p600/circuito_aleatorio_0007.tfc,600,1,600.0,600,600,
benchmark_aleatorio_otimos_regras/n12_p600/circuito_aleatorio_0008.tfc,600,1,600.0,600,600,
benchmark_aleatorio_otimos_regras/n12_p600/circuito_aleatorio_0009.tfc,600,1,600.0,600,600,
