Nome TFC,GC Original,QC Original,GC Otimizado,QC Otimizado,Diff GC,Diff QC,Observações
circuito_aleatorio_0000.tfc,750,122718,749,122689,1,29,
circuito_aleatorio_0001.tfc,750,145272,749,145118,1,154,
circuito_aleatorio_0002.tfc,750,125097,750,125097,0,0,
circuito_aleatorio_0003.tfc,750,124634,749,124621,1,13,
circuito_aleatorio_0004.tfc,750,113994,749,113981,1,13,
circuito_aleatorio_0005.tfc,750,110035,750,110035,0,0,
circuito_aleatorio_0006.tfc,750,118559,749,118522,1,37,
circuito_aleatorio_0007.tfc,750,135215,750,135199,0,16,
circuito_aleatorio_0008.tfc,750,127746,750,127746,0,0,
circuito_aleatorio_0009.tfc,750,127104,749,127083,1,21,
