Nome TFC,GC Original,QC Original,GC Otimizado,QC Otimizado,Diff GC,Diff QC,Observações
circuito_aleatorio_0000.tfc,550,145014,550,145014,0,0,
circuito_aleatorio_0001.tfc,550,160422,550,160422,0,0,
circuito_aleatorio_0002.tfc,550,131508,550,131508,0,0,
circuito_aleatorio_0003.tfc,550,152814,550,152798,0,16,
circuito_aleatorio_0004.tfc,550,128456,550,128456,0,0,
circuito_aleatorio_0005.tfc,550,126910,550,126910,0,0,
circuito_aleatorio_0006.tfc,550,115394,550,115394,0,0,
circuito_aleatorio_0007.tfc,550,125428,550,125428,0,0,
circuito_aleatorio_0008.tfc,550,135690,550,135690,0,0,
circuito_aleatorio_0009.tfc,550,145515,549,145516,1,-1,
