Nome TFC,GC Original,QC Original,GC Otimizado,QC Otimizado,Diff GC,Diff QC,Observações
circuito_aleatorio_0000.tfc,650,165566,650,165566,0,0,
circuito_aleatorio_0001.tfc,650,189212,650,189212,0,0,
circuito_aleatorio_0002.tfc,650,162896,650,162880,0,16,
circuito_aleatorio_0003.tfc,650,170619,650,170619,0,0,
circuito_aleatorio_0004.tfc,650,145107,650,145107,0,0,
circuito_aleatorio_0005.tfc,650,141666,650,141666,0,0,
circuito_aleatorio_0006.tfc,650,155892,650,155892,0,0,
circuito_aleatorio_0007.tfc,650,152682,650,152682,0,0,
circuito_aleatorio_0008.tfc,650,174204,649,174173,1,31,
circuito_aleatorio_0009.tfc,650,154917,650,154917,0,0,
