Nome TFC,Qtd. Portas,Qtd. Subcircuitos,Tamanho Médio das Janelas,Maior Janela,Menor Janela,Observacao
benchmark_aleatorio_otimos_regras/n13_p650/circuito_aleatorio_0000.tfc,650,1,650.0,650,650,
benchmark_aleatorio_otimos_regras/n13_p650/circuito_aleatorio_0001.tfc,650,1,650.0,650,650,
benchmark_aleatorio_otimos_regras/n13_p650/circuito_aleatorio_0002.tfc,650,1,650.0,650,650,
benchmark_aleatorio_otimos_regras/n13_p650/circuito_aleatorio_0003.tfc,650,1,650.0,650,650,
benchmark_aleatorio_otimos_regras/n13_p650/circuito_aleatorio_0004.tfc,650,1,650.0,650,650,
benchmark_aleatorio_otimos_regras/n13_p650/circuito_aleatorio_0005.tfc,650,1,650.0,650,650,
benchmark_aleatorio_otimos_regras/n13_p650/circuito_aleatorio_0006.tfc,650,1,650.0,650,650,
benchmark_aleatorio_otimos_regras/n13_p650/circuito_aleatorio_0007.tfc,650,1,650.0,650,650,
benchmark_aleatorio_otimos_regras/n13_p650/circuito_aleatorio_0008.tfc,650,1,650.0,650,650,
benchmark_aleatorio_otimos_regras/n13_p650/circuito_aleatorio_0009.tfc,650,1,650.0,650,650,
