Nome TFC,L Original,GC Original,QC Original,L Otimizado reed,GC Otimizado reed,QC Otimizado reed,L Otimizado otimos,L Otimizado regras,GC Otimizado otimos,GC Otimizado regras,QC Otimizado otimos,QC Otimizado regras,L Otimizado otimos_reed,L Otimizado reed_otimos,L Otimizado reed_regras,L Otimizado regras_reed,GC Otimizado otimos_reed,GC Otimizado reed_otimos,GC Otimizado reed_regras,GC Otimizado regras_reed,QC Otimizado otimos_reed,QC Otimizado reed_otimos,QC Otimizado reed_regras,QC Otimizado regras_reed,L Otimizado otimos_regras,L Otimizado regras_otimos,GC Otimizado otimos_regras,GC Otimizado regras_otimos,QC Otimizado otimos_regras,QC Otimizado regras_otimos,L Otimizado otimos_reed_regras,L Otimizado otimos_regras_reed,L Otimizado reed_otimos_regras,L Otimizado reed_regras_otimos,L Otimizado regras_otimos_reed,L Otimizado regras_reed_otimos,GC Otimizado otimos_reed_regras,GC Otimizado otimos_regras_reed,GC Otimizado reed_otimos_regras,GC Otimizado reed_regras_otimos,GC Otimizado regras_otimos_reed,GC Otimizado regras_reed_otimos,QC Otimizado otimos_reed_regras,QC Otimizado otimos_regras_reed,QC Otimizado reed_otimos_regras,QC Otimizado reed_regras_otimos,QC Otimizado regras_otimos_reed,QC Otimizado regras_reed_otimos
n2_s10_t001_linear.tfc,4,6,6,4,6,6,4,4,6,6,18,6,4,4,4,4,6,6,6,6,18,18,6,6,4,4,6,6,18,18,4,4,4,4,4,4,6,6,6,6,6,6,18,18,18,18,18,18
n2_s10_t001_permutacao.tfc,4,18,18,4,18,18,4,4,16,18,40,18,4,4,4,4,18,16,18,18,46,40,18,18,4,4,16,16,40,40,4,4,4,4,4,4,17,18,16,16,18,16,43,46,40,40,46,40
n2_s10_t001_reed.tfc,4,2,6,4,2,6,4,4,2,2,6,6,4,4,4,4,2,2,2,2,6,6,6,6,4,4,2,2,6,6,4,4,4,4,4,4,2,2,2,2,2,2,6,6,6,6,6,6
n2_s10_t001_unitario.tfc,0,0,0,0,0,0,0,0,0,0,0,0,0,0,0,0,0,0,0,0,0,0,0,0,0,0,0,0,0,0,0,0,0,0,0,0,0,0,0,0,0,0,0,0,0,0,0,0
n2_s10_t002_linear.tfc,3,6,6,3,6,6,3,3,6,6,18,6,3,3,3,3,6,6,6,6,14,18,6,6,3,3,6,6,18,18,3,3,3,3,3,3,6,6,6,6,6,6,14,14,18,18,14,18
n2_s10_t002_permutacao.tfc,4,12,12,4,12,12,3,4,6,12,18,12,3,3,4,4,6,6,12,12,18,18,12,12,3,3,6,6,18,18,3,3,3,3,3,3,6,6,6,6,6,6,18,18,18,18,18,18
n2_s10_t002_reed.tfc,4,3,5,4,3,5,4,4,3,3,9,5,4,4,4,4,3,3,3,3,5,9,5,5,4,4,3,3,9,9,4,4,4,4,4,4,3,3,3,3,3,3,5,5,9,9,5,9
n2_s10_t002_unitario.tfc,2,2,2,0,0,0,0,0,0,0,0,0,0,0,0,0,0,0,0,0,0,0,0,0,0,0,0,0,0,0,0,0,0,0,0,0,0,0,0,0,0,0,0,0,0,0,0,0
n2_s10_t003_linear.tfc,3,6,6,3,6,6,3,3,6,6,18,6,3,3,3,3,6,6,6,6,14,18,6,6,3,3,6,6,18,18,3,3,3,3,3,3,6,6,6,6,6,6,14,14,18,18,14,18
n2_s10_t003_permutacao.tfc,3,6,6,3,6,6,3,3,6,6,18,6,3,3,3,3,6,6,6,6,14,18,6,6,3,3,6,6,18,18,3,3,3,3,3,3,6,6,6,6,6,6,14,14,18,18,14,18
n2_s10_t003_reed.tfc,4,5,11,4,5,11,4,4,3,4,5,8,4,4,4,4,5,3,4,5,11,5,8,11,4,4,3,3,5,5,4,4,4,4,4,4,4,5,3,3,5,3,8,11,5,5,11,5
n2_s10_t003_unitario.tfc,2,2,2,0,0,0,0,0,0,0,0,0,0,0,0,0,0,0,0,0,0,0,0,0,0,0,0,0,0,0,0,0,0,0,0,0,0,0,0,0,0,0,0,0,0,0,0,0
n2_s10_t004_linear.tfc,2,3,3,2,3,3,2,2,3,3,9,3,2,2,2,2,3,3,3,3,9,9,3,3,2,2,3,3,9,9,2,2,2,2,2,2,3,3,3,3,3,3,9,9,9,9,9,9
n2_s10_t004_permutacao.tfc,4,15,15,4,15,15,4,4,13,15,31,15,4,4,4,4,13,13,15,15,31,31,15,15,4,4,13,13,31,31,4,4,4,4,4,4,13,13,13,13,13,13,31,31,31,31,31,31
n2_s10_t004_reed.tfc,4,2,6,4,2,6,4,4,2,2,6,6,4,4,4,4,2,2,2,2,6,6,6,6,4,4,2,2,6,6,4,4,4,4,4,4,2,2,2,2,2,2,6,6,6,6,6,6
n2_s10_t004_unitario.tfc,2,3,3,2,1,1,2,2,1,1,1,1,2,2,2,2,1,1,1,1,1,1,1,1,2,2,1,1,1,1,2,2,2,2,2,2,1,1,1,1,1,1,1,1,1,1,1,1
n2_s10_t005_linear.tfc,4,9,9,4,9,9,4,4,9,9,15,9,4,4,4,4,11,9,9,9,21,15,9,9,4,4,9,9,15,15,4,4,4,4,4,4,10,11,9,9,11,9,18,21,15,15,21,15
n2_s10_t005_permutacao.tfc,4,9,9,4,9,9,4,4,9,9,27,9,4,4,4,4,9,9,9,9,23,27,9,9,4,4,9,9,27,27,4,4,4,4,4,4,9,9,9,9,9,9,23,23,27,27,23,27
n2_s10_t005_reed.tfc,4,2,4,4,2,4,4,4,2,2,4,4,4,4,4,4,2,2,2,2,4,4,4,4,4,4,2,2,4,4,4,4,4,4,4,4,2,2,2,2,2,2,4,4,4,4,4,4
n2_s10_t005_unitario.tfc,2,3,3,2,1,1,2,2,1,1,1,1,2,2,2,2,1,1,1,1,1,1,1,1,2,2,1,1,1,1,2,2,2,2,2,2,1,1,1,1,1,1,1,1,1,1,1,1
n2_s10_t006_linear.tfc,3,6,6,3,6,6,3,3,6,6,18,6,3,3,3,3,6,6,6,6,14,18,6,6,3,3,6,6,18,18,3,3,3,3,3,3,6,6,6,6,6,6,14,14,18,18,14,18
n2_s10_t006_permutacao.tfc,4,12,12,4,12,12,4,4,12,12,36,12,4,4,4,4,12,12,12,12,32,36,12,12,4,4,12,12,36,36,4,4,4,4,4,4,12,12,12,12,12,12,32,32,36,36,32,36
n2_s10_t006_reed.tfc,4,5,13,4,5,13,4,4,3,4,7,10,4,4,4,4,5,3,4,5,13,7,10,13,4,4,3,3,7,7,4,4,4,4,4,4,4,5,3,3,5,3,10,13,7,7,13,7
n2_s10_t006_unitario.tfc,2,2,2,0,0,0,0,0,0,0,0,0,0,0,0,0,0,0,0,0,0,0,0,0,0,0,0,0,0,0,0,0,0,0,0,0,0,0,0,0,0,0,0,0,0,0,0,0
n2_s10_t007_linear.tfc,2,3,3,2,3,3,2,2,3,3,9,3,2,2,2,2,3,3,3,3,9,9,3,3,2,2,3,3,9,9,2,2,2,2,2,2,3,3,3,3,3,3,9,9,9,9,9,9
n2_s10_t007_permutacao.tfc,3,9,9,3,9,9,2,3,3,9,9,9,2,2,3,3,3,3,9,9,9,9,9,9,2,2,3,3,9,9,2,2,2,2,2,2,3,3,3,3,3,3,9,9,9,9,9,9
n2_s10_t007_reed.tfc,4,3,3,4,3,3,4,4,3,3,3,3,4,4,4,4,3,3,3,3,3,3,3,3,4,4,3,3,3,3,4,4,4,4,4,4,3,3,3,3,3,3,3,3,3,3,3,3
n2_s10_t007_unitario.tfc,2,1,1,2,1,1,2,2,1,1,1,1,2,2,2,2,1,1,1,1,1,1,1,1,2,2,1,1,1,1,2,2,2,2,2,2,1,1,1,1,1,1,1,1,1,1,1,1
n2_s10_t008_linear.tfc,2,3,3,2,3,3,2,2,3,3,9,3,2,2,2,2,3,3,3,3,9,9,3,3,2,2,3,3,9,9,2,2,2,2,2,2,3,3,3,3,3,3,9,9,9,9,9,9
n2_s10_t008_permutacao.tfc,2,3,3,2,3,3,2,2,3,3,9,3,2,2,2,2,3,3,3,3,9,9,3,3,2,2,3,3,9,9,2,2,2,2,2,2,3,3,3,3,3,3,9,9,9,9,9,9
n2_s10_t008_reed.tfc,4,2,2,4,2,2,4,4,2,2,2,2,4,4,4,4,2,2,2,2,2,2,2,2,4,4,2,2,2,2,4,4,4,4,4,4,2,2,2,2,2,2,2,2,2,2,2,2
n2_s10_t008_unitario.tfc,2,3,3,2,1,1,2,2,1,1,1,1,2,2,2,2,1,1,1,1,1,1,1,1,2,2,1,1,1,1,2,2,2,2,2,2,1,1,1,1,1,1,1,1,1,1,1,1
n2_s10_t009_linear.tfc,4,9,9,4,9,9,4,4,9,9,17,9,4,4,4,4,9,9,9,9,17,17,9,9,4,4,9,9,17,17,4,4,4,4,4,4,9,9,9,9,9,9,17,17,17,17,17,17
n2_s10_t009_permutacao.tfc,4,9,9,4,9,9,4,4,9,9,27,9,4,4,4,4,9,9,9,9,23,27,9,9,4,4,9,9,27,27,4,4,4,4,4,4,9,9,9,9,9,9,23,23,27,27,23,27
n2_s10_t009_reed.tfc,4,5,13,4,5,13,4,4,3,4,7,10,4,4,4,4,5,3,4,5,13,7,10,13,4,4,3,3,7,7,4,4,4,4,4,4,4,5,3,3,5,3,10,13,7,7,13,7
n2_s10_t009_unitario.tfc,2,1,1,2,1,1,2,2,1,1,1,1,2,2,2,2,1,1,1,1,1,1,1,1,2,2,1,1,1,1,2,2,2,2,2,2,1,1,1,1,1,1,1,1,1,1,1,1
n2_s10_t010_linear.tfc,2,3,3,2,3,3,2,2,3,3,9,3,2,2,2,2,3,3,3,3,9,9,3,3,2,2,3,3,9,9,2,2,2,2,2,2,3,3,3,3,3,3,9,9,9,9,9,9
n2_s10_t010_permutacao.tfc,2,3,3,2,3,3,2,2,3,3,9,3,2,2,2,2,3,3,3,3,9,9,3,3,2,2,3,3,9,9,2,2,2,2,2,2,3,3,3,3,3,3,9,9,9,9,9,9
n2_s10_t010_reed.tfc,4,3,3,4,3,3,4,4,3,3,7,3,4,4,4,4,3,3,3,3,3,7,3,3,4,4,3,3,7,7,4,4,4,4,4,4,3,3,3,3,3,3,3,3,7,7,3,7
n2_s10_t010_unitario.tfc,2,1,1,2,1,1,2,2,1,1,1,1,2,2,2,2,1,1,1,1,1,1,1,1,2,2,1,1,1,1,2,2,2,2,2,2,1,1,1,1,1,1,1,1,1,1,1,1
n3_s10_t001_linear.tfc,6,15,15,6,15,15,6,6,15,15,27,15,6,6,6,6,17,15,15,15,33,27,15,15,6,6,15,15,27,27,6,6,6,6,6,6,16,17,15,15,17,15,30,33,27,27,33,27
n3_s10_t001_permutacao.tfc,8,45,45,8,45,45,7,8,35,45,99,45,7,7,8,8,35,35,45,45,87,99,45,45,7,7,35,35,99,99,7,7,7,7,7,7,35,35,35,35,35,35,87,87,99,99,87,99
n3_s10_t001_reed.tfc,6,8,38,6,8,38,6,6,8,8,42,38,6,6,6,6,8,8,8,8,38,42,38,38,6,6,8,8,42,42,6,6,6,6,6,6,8,8,8,8,8,8,38,38,42,42,38,42
n3_s10_t001_unitario.tfc,3,20,20,3,2,2,3,3,2,4,2,4,3,3,3,3,2,2,2,2,2,2,2,2,3,3,2,2,2,2,3,3,3,3,3,3,2,2,2,2,2,2,2,2,2,2,2,2
n3_s10_t002_linear.tfc,6,9,9,6,9,9,6,6,9,9,27,9,6,6,6,6,9,9,9,9,27,27,9,9,6,6,9,9,27,27,6,6,6,6,6,6,9,9,9,9,9,9,27,27,27,27,27,27
n3_s10_t002_permutacao.tfc,6,27,27,6,27,27,6,6,27,27,81,27,6,6,6,6,27,27,27,27,69,81,27,27,6,6,27,27,81,81,6,6,6,6,6,6,27,27,27,27,27,27,69,69,81,81,69,81
n3_s10_t002_reed.tfc,6,7,43,6,7,43,6,6,7,6,43,21,6,6,6,6,7,7,6,7,43,43,21,43,6,6,6,6,21,21,6,6,6,6,6,6,6,7,6,6,7,7,21,43,21,21,43,43
n3_s10_t002_unitario.tfc,3,19,19,2,1,1,2,3,1,3,1,3,2,2,2,2,1,1,1,1,1,1,1,1,2,2,1,1,1,1,2,2,2,2,2,2,1,1,1,1,1,1,1,1,1,1,1,1
n3_s10_t003_linear.tfc,8,21,21,8,21,21,8,8,21,21,29,21,8,8,8,8,21,21,21,21,29,29,21,21,8,8,21,21,29,29,8,8,8,8,8,8,21,21,21,21,21,21,29,29,29,29,29,29
n3_s10_t003_permutacao.tfc,8,57,57,8,57,57,8,8,55,57,149,57,8,8,8,8,59,55,57,57,149,149,57,57,8,8,55,55,149,149,8,8,8,8,8,8,57,59,55,55,59,55,143,149,149,149,149,149
n3_s10_t003_reed.tfc,6,8,66,6,8,66,6,6,8,7,66,44,6,6,6,6,8,8,7,8,66,66,44,66,6,6,7,7,44,44,6,6,6,6,6,6,7,8,7,7,8,8,44,66,44,44,66,66
n3_s10_t003_unitario.tfc,3,19,19,2,1,1,2,3,1,3,1,3,2,2,2,2,1,1,1,1,1,1,1,1,2,2,1,1,1,1,2,2,2,2,2,2,1,1,1,1,1,1,1,1,1,1,1,1
n3_s10_t004_linear.tfc,8,21,21,8,26,66,8,8,21,21,41,21,8,8,8,8,24,25,25,26,64,65,57,66,8,8,21,21,41,41,8,8,8,8,8,8,23,24,24,25,24,25,55,64,64,65,64,65
n3_s10_t004_permutacao.tfc,8,33,33,8,33,33,8,8,31,33,85,33,8,8,8,8,33,31,33,33,79,85,33,33,8,8,31,31,85,85,8,8,8,8,8,8,32,33,31,31,33,31,76,79,85,85,79,85
n3_s10_t004_reed.tfc,6,10,59,6,10,59,6,6,10,9,59,50,6,6,6,6,10,10,9,10,59,59,50,59,6,6,7,9,47,50,6,6,6,6,6,6,9,10,7,9,10,10,50,59,47,50,59,59
n3_s10_t004_unitario.tfc,3,20,20,3,2,2,3,3,2,4,2,4,3,3,3,3,2,2,2,2,2,2,2,2,3,3,2,2,2,2,3,3,3,3,3,3,2,2,2,2,2,2,2,2,2,2,2,2
n3_s10_t005_linear.tfc,7,15,15,7,18,42,7,7,15,15,35,15,7,7,7,7,18,18,17,18,58,62,33,42,7,7,15,15,35,35,7,7,7,7,7,7,17,18,15,17,18,18,49,58,43,53,58,62
n3_s10_t005_permutacao.tfc,8,45,45,8,45,45,8,8,39,45,117,45,8,8,8,8,39,39,45,45,101,117,45,45,8,8,39,39,117,117,8,8,8,8,8,8,39,39,39,39,39,39,101,101,117,117,101,117
n3_s10_t005_reed.tfc,6,9,41,6,9,41,6,6,7,8,39,38,6,6,6,6,9,7,8,9,41,39,38,41,6,6,7,7,39,39,6,6,6,6,6,6,8,9,7,7,9,7,38,41,39,39,41,39
n3_s10_t005_unitario.tfc,3,19,19,2,1,1,2,3,1,3,1,3,2,2,2,2,1,1,1,1,1,1,1,1,2,2,1,1,1,1,2,2,2,2,2,2,1,1,1,1,1,1,1,1,1,1,1,1
n3_s10_t006_linear.tfc,8,21,21,8,21,21,8,8,21,21,43,21,8,8,8,8,23,21,21,21,49,43,21,21,8,8,21,21,43,43,8,8,8,8,8,8,22,23,21,21,23,21,46,49,43,43,49,43
n3_s10_t006_permutacao.tfc,8,39,39,8,39,39,8,8,37,39,103,39,8,8,8,8,39,37,39,39,97,103,39,39,8,8,37,37,103,103,8,8,8,8,8,8,38,39,37,37,39,37,94,97,103,103,97,103
n3_s10_t006_reed.tfc,6,8,64,6,8,64,6,6,8,7,64,43,6,6,6,6,8,8,7,8,64,64,43,64,6,6,7,7,43,43,6,6,6,6,6,6,7,8,7,7,8,8,43,64,43,43,64,64
n3_s10_t006_unitario.tfc,3,19,19,2,1,1,2,3,1,3,1,3,2,2,2,2,1,1,1,1,1,1,1,1,2,2,1,1,1,1,2,2,2,2,2,2,1,1,1,1,1,1,1,1,1,1,1,1
n3_s10_t007_linear.tfc,7,15,15,7,15,15,7,7,15,15,35,15,7,7,7,7,15,15,15,15,23,35,15,15,7,7,15,15,35,35,7,7,7,7,7,7,15,15,15,15,15,15,23,23,35,35,23,35
n3_s10_t007_permutacao.tfc,7,33,33,7,33,33,7,7,33,33,99,33,7,7,7,7,33,33,33,33,87,99,33,33,7,7,33,33,99,99,7,7,7,7,7,7,33,33,33,33,33,33,87,87,99,99,87,99
n3_s10_t007_reed.tfc,6,10,39,6,10,39,6,6,10,9,43,31,6,6,6,6,10,10,9,10,39,43,31,39,6,6,6,9,26,35,6,6,6,6,6,6,9,10,6,9,10,10,31,39,26,35,39,43
n3_s10_t007_unitario.tfc,3,20,20,3,2,2,3,3,2,4,2,4,3,3,3,3,2,2,2,2,2,2,2,2,3,3,2,2,2,2,3,3,3,3,3,3,2,2,2,2,2,2,2,2,2,2,2,2
n3_s10_t008_linear.tfc,7,15,15,7,15,15,7,7,15,15,35,15,7,7,7,7,15,15,15,15,39,35,15,15,7,7,15,15,35,35,7,7,7,7,7,7,15,15,15,15,15,15,39,39,35,35,39,35
n3_s10_t008_permutacao.tfc,8,39,39,8,39,39,8,8,39,39,109,39,8,8,8,8,41,39,39,39,95,109,39,39,8,8,39,39,109,109,8,8,8,8,8,8,40,41,39,39,41,39,92,95,109,109,95,109
n3_s10_t008_reed.tfc,6,7,33,6,7,33,6,6,7,7,33,33,6,6,6,6,7,7,7,7,33,33,33,33,6,6,7,7,33,33,6,6,6,6,6,6,7,7,7,7,7,7,33,33,33,33,33,33
n3_s10_t008_unitario.tfc,3,16,16,3,2,2,3,3,2,6,2,6,3,3,3,3,2,2,2,2,2,2,2,2,3,3,2,2,2,2,3,3,3,3,3,3,2,2,2,2,2,2,2,2,2,2,2,2
n3_s10_t009_linear.tfc,8,18,18,8,18,26,8,8,18,18,38,18,8,8,8,8,18,18,18,18,34,38,26,26,8,8,18,18,38,38,8,8,8,8,8,8,18,18,18,18,18,18,34,34,38,38,34,38
n3_s10_t009_permutacao.tfc,8,48,48,8,48,48,8,8,46,48,130,48,8,8,8,8,48,46,48,48,132,130,48,48,8,8,46,46,130,130,8,8,8,8,8,8,47,48,46,46,48,46,129,132,130,130,132,130
n3_s10_t009_reed.tfc,6,10,66,6,10,66,6,6,8,9,60,63,6,6,6,6,10,8,9,10,66,60,63,66,6,6,8,8,60,60,6,6,6,6,6,6,9,10,8,8,10,8,63,66,60,60,66,60
n3_s10_t009_unitario.tfc,3,19,19,2,1,1,2,3,1,3,1,3,2,2,2,2,1,1,1,1,1,1,1,1,2,2,1,1,1,1,2,2,2,2,2,2,1,1,1,1,1,1,1,1,1,1,1,1
n3_s10_t010_linear.tfc,6,12,12,6,12,12,6,6,12,12,24,12,6,6,6,6,14,12,12,12,30,24,12,12,6,6,12,12,24,24,6,6,6,6,6,6,13,14,12,12,14,12,27,30,24,24,30,24
n3_s10_t010_permutacao.tfc,8,54,54,8,54,54,8,8,52,54,140,54,8,8,8,8,54,52,54,54,126,140,54,54,8,8,52,52,140,140,8,8,8,8,8,8,53,54,52,52,54,52,123,126,140,140,126,140
n3_s10_t010_reed.tfc,6,10,54,6,10,54,6,6,8,8,48,29,6,6,6,6,10,8,8,10,54,48,29,54,6,6,7,7,26,26,6,6,6,6,6,6,8,10,7,7,10,8,29,54,26,26,54,48
n3_s10_t010_unitario.tfc,3,19,19,2,1,1,2,3,1,3,1,3,2,2,2,2,1,1,1,1,1,1,1,1,2,2,1,1,1,1,2,2,2,2,2,2,1,1,1,1,1,1,1,1,1,1,1,1
n4_s10_t001_linear.tfc,16,42,42,16,46,126,16,16,42,42,88,42,16,16,16,16,46,46,45,46,168,162,117,126,16,16,42,42,88,88,16,16,16,16,16,16,45,46,45,45,46,46,159,168,153,153,168,162
n4_s10_t001_permutacao.tfc,16,222,222,16,222,222,16,16,213,222,601,222,16,16,16,16,215,213,222,222,638,601,222,222,16,16,213,213,601,601,16,16,16,16,16,16,214,215,213,213,215,213,635,638,601,601,638,601
n4_s10_t001_reed.tfc,8,20,281,8,20,281,8,8,20,20,225,281,8,8,8,8,20,20,20,20,281,225,281,281,8,8,20,20,225,225,8,8,8,8,8,8,20,20,20,20,20,20,281,281,225,225,281,225
n4_s10_t001_unitario.tfc,4,100,100,4,16,16,4,4,20,36,20,36,4,4,4,4,8,2,16,20,8,2,16,20,4,4,16,14,16,22,4,4,4,4,4,4,6,6,2,2,14,8,6,6,2,2,14,12
n4_s10_t002_linear.tfc,14,36,36,14,44,204,14,14,36,36,70,36,14,14,14,14,39,44,42,44,133,228,162,204,14,14,36,36,70,70,14,14,14,14,14,14,38,39,42,42,39,44,130,133,186,186,133,228
n4_s10_t002_permutacao.tfc,16,198,198,16,198,198,16,16,193,198,535,198,16,16,16,16,195,193,198,198,576,535,198,198,16,16,193,193,535,535,16,16,16,16,16,16,194,195,193,193,195,193,573,576,535,535,576,535
n4_s10_t002_reed.tfc,8,24,322,8,24,322,8,8,23,23,273,277,8,8,8,8,24,23,23,24,322,273,277,322,8,8,23,23,273,273,8,8,8,8,8,8,23,24,23,23,24,23,277,322,273,273,322,273
n4_s10_t002_unitario.tfc,4,99,99,3,15,15,4,4,19,35,19,35,4,2,3,4,7,1,15,19,7,1,15,19,4,4,15,13,15,21,4,3,2,2,4,4,5,5,1,1,13,7,5,5,1,1,13,7
n4_s10_t003_linear.tfc,14,36,36,14,48,1056,14,14,36,36,76,36,14,14,14,14,38,48,48,48,170,1092,1056,1056,14,14,36,36,76,76,14,14,14,14,14,14,38,38,48,48,38,48,170,170,1092,1092,170,1092
n4_s10_t003_permutacao.tfc,16,198,198,16,198,198,16,16,188,198,512,198,16,16,16,16,190,188,198,198,564,512,198,198,16,16,188,188,512,512,16,16,16,16,16,16,189,190,188,188,190,188,561,564,512,512,564,512
n4_s10_t003_reed.tfc,8,28,334,8,28,334,8,8,28,28,306,334,8,8,8,8,28,28,28,28,334,306,334,334,8,8,28,28,306,306,8,8,8,8,8,8,28,28,28,28,28,28,334,334,306,306,334,306
n4_s10_t003_unitario.tfc,4,100,100,4,16,16,4,4,20,36,20,36,4,4,4,4,8,2,16,20,8,2,16,20,4,4,16,14,16,22,4,4,4,4,4,4,6,6,2,2,14,8,6,6,2,2,14,12
n4_s10_t004_linear.tfc,15,33,33,15,52,740,15,15,33,33,89,33,15,15,15,15,34,52,48,52,134,776,560,740,15,15,33,33,89,89,15,15,15,15,15,15,34,34,48,48,34,52,134,134,596,596,134,776
n4_s10_t004_permutacao.tfc,16,165,165,16,165,165,16,16,162,165,448,165,16,16,16,16,163,162,165,165,539,448,165,165,16,16,162,162,448,448,16,16,16,16,16,16,163,163,162,162,163,162,539,539,448,448,539,448
n4_s10_t004_reed.tfc,8,16,198,8,16,198,8,8,16,16,198,198,8,8,8,8,16,16,16,16,198,198,198,198,8,8,16,16,198,198,8,8,8,8,8,8,16,16,16,16,16,16,198,198,198,198,198,198
n4_s10_t004_unitario.tfc,4,100,100,4,16,16,4,4,20,36,20,36,4,4,4,4,8,2,16,20,8,2,16,20,4,4,16,14,16,22,4,4,4,4,4,4,6,6,2,2,14,8,6,6,2,2,14,12
n4_s10_t005_linear.tfc,16,39,39,16,39,63,16,16,39,39,79,39,16,16,16,16,39,39,39,39,91,79,63,63,16,16,39,39,79,79,16,16,16,16,16,16,39,39,39,39,39,39,91,91,79,79,91,79
n4_s10_t005_permutacao.tfc,16,219,219,16,219,219,16,16,205,219,575,219,16,16,16,16,207,205,219,219,631,575,219,219,16,16,205,205,575,575,16,16,16,16,16,16,206,207,205,205,207,205,628,631,575,575,631,575
n4_s10_t005_reed.tfc,8,25,263,8,25,263,8,8,25,24,264,242,8,8,8,8,25,25,24,25,263,264,242,263,8,8,20,24,228,243,8,8,8,8,8,8,24,25,20,24,25,25,242,263,228,243,263,264
n4_s10_t005_unitario.tfc,4,99,99,3,15,15,4,4,19,35,19,35,4,2,3,4,7,1,15,19,7,1,15,19,4,4,15,13,15,21,4,3,2,2,4,4,5,5,1,1,13,7,5,5,1,1,13,7
n4_s10_t006_linear.tfc,16,45,45,16,45,77,16,16,45,45,91,45,16,16,16,16,47,45,45,45,113,91,77,77,16,16,45,45,91,91,16,16,16,16,16,16,46,47,45,45,47,45,110,113,91,91,113,91
n4_s10_t006_permutacao.tfc,16,177,177,16,177,177,16,16,169,177,463,177,16,16,16,16,171,169,177,177,528,463,177,177,16,16,169,169,463,463,16,16,16,16,16,16,170,171,169,169,171,169,525,528,463,463,528,463
n4_s10_t006_reed.tfc,8,23,277,8,23,277,8,8,23,23,281,277,8,8,8,8,23,23,23,23,277,281,277,277,8,8,22,23,280,281,8,8,8,8,8,8,23,23,22,23,23,23,277,277,280,281,277,281
n4_s10_t006_unitario.tfc,4,100,100,4,16,16,4,4,20,36,20,36,4,4,4,4,8,2,16,20,8,2,16,20,4,4,16,14,16,22,4,4,4,4,4,4,6,6,2,2,14,8,6,6,2,2,14,12
n4_s10_t007_linear.tfc,14,33,33,14,34,82,14,14,33,33,69,33,14,14,14,14,34,34,34,34,114,118,82,82,14,14,33,33,69,69,14,14,14,14,14,14,34,34,34,34,34,34,114,114,118,118,114,118
n4_s10_t007_permutacao.tfc,16,183,183,16,183,183,16,16,177,183,505,183,16,16,16,16,179,177,183,183,523,505,183,183,16,16,177,177,505,505,16,16,16,16,16,16,178,179,177,177,179,177,520,523,505,505,523,505
n4_s10_t007_reed.tfc,8,21,307,8,21,307,8,8,18,19,176,241,8,8,8,8,21,18,19,21,307,176,241,307,8,8,17,18,174,176,8,8,8,8,8,8,19,21,17,18,21,18,241,307,174,176,307,176
n4_s10_t007_unitario.tfc,4,99,99,3,15,15,4,4,19,35,19,35,4,2,3,4,7,1,15,19,7,1,15,19,4,4,15,13,15,21,4,3,2,2,4,4,5,5,1,1,13,7,5,5,1,1,13,7
n4_s10_t008_linear.tfc,15,39,39,15,47,207,15,15,39,39,79,39,15,15,15,15,40,47,45,47,132,227,165,207,15,15,39,39,79,79,15,15,15,15,15,15,40,40,45,45,40,47,132,132,185,185,132,227
n4_s10_t008_permutacao.tfc,15,207,207,15,207,207,15,15,195,207,549,207,15,15,15,15,196,195,207,207,646,549,207,207,15,15,195,195,549,549,15,15,15,15,15,15,196,196,195,195,196,195,646,646,549,549,646,549
n4_s10_t008_reed.tfc,8,26,348,8,26,348,8,8,24,25,298,327,8,8,8,8,26,24,25,26,348,298,327,348,8,8,24,24,298,298,8,8,8,8,8,8,25,26,24,24,26,24,327,348,298,298,348,298
n4_s10_t008_unitario.tfc,4,100,100,4,16,16,4,4,20,36,20,36,4,4,4,4,8,2,16,20,8,2,16,20,4,4,16,14,16,22,4,4,4,4,4,4,6,6,2,2,14,8,6,6,2,2,14,12
n4_s10_t009_linear.tfc,14,39,39,14,42,90,14,14,39,39,77,39,14,14,14,14,41,42,41,42,119,104,81,90,14,14,39,39,77,77,14,14,14,14,14,14,41,41,41,41,41,42,119,119,95,95,119,104
n4_s10_t009_permutacao.tfc,15,165,165,15,165,165,15,15,151,165,413,165,15,15,15,15,153,151,165,165,442,413,165,165,15,15,151,151,413,413,15,15,15,15,15,15,152,153,151,151,153,151,439,442,413,413,442,413
n4_s10_t009_reed.tfc,8,29,380,8,29,380,8,8,29,28,380,335,8,8,8,8,29,29,28,29,380,380,335,380,8,8,28,28,335,337,8,8,8,8,8,8,28,29,28,28,29,29,335,380,335,337,380,380
n4_s10_t009_unitario.tfc,4,100,100,4,16,16,4,4,20,36,20,36,4,4,4,4,8,2,16,20,8,2,16,20,4,4,16,14,16,22,4,4,4,4,4,4,6,6,2,2,14,8,6,6,2,2,14,12
n4_s10_t010_linear.tfc,16,39,39,16,42,82,16,16,39,39,81,39,16,16,16,16,45,42,41,42,135,106,73,82,16,16,39,39,81,81,16,16,16,16,16,16,43,45,41,41,45,42,117,135,97,97,135,106
n4_s10_t010_permutacao.tfc,16,171,171,16,171,171,16,16,167,171,461,171,16,16,16,16,167,167,171,171,503,461,171,171,16,16,167,167,461,461,16,16,16,16,16,16,167,167,167,167,167,167,503,503,461,461,503,461
n4_s10_t010_reed.tfc,8,18,233,8,18,233,8,8,18,18,237,233,8,8,8,8,18,18,18,18,233,237,233,233,8,8,18,18,237,237,8,8,8,8,8,8,18,18,18,18,18,18,233,233,237,237,233,237
n4_s10_t010_unitario.tfc,4,100,100,4,16,16,4,4,20,36,20,36,4,4,4,4,8,2,16,20,8,2,16,20,4,4,16,14,16,22,4,4,4,4,4,4,6,6,2,2,14,8,6,6,2,2,14,12
n5_s10_t001_linear.tfc,31,84,84,-,-,-,31,31,84,84,152,84,-,,,-,-,,,-,-,,,-,31,31,84,84,152,152,,-,,,-,,,-,,,-,,,-,,,-,
n5_s10_t001_permutacao.tfc,32,894,894,-,-,-,32,32,876,894,2546,894,-,,,-,-,,,-,-,,,-,32,32,876,876,2546,2546,,-,,,-,,,-,,,-,,,-,,,-,
n5_s10_t001_reed.tfc,10,59,1406,10,65,1695,10,10,59,59,1412,1406,10,10,10,10,65,64,62,65,1695,1688,1552,1695,10,10,59,59,1412,1412,10,10,10,10,10,10,62,65,62,62,65,64,1552,1695,1550,1550,1695,1688
n5_s10_t001_unitario.tfc,5,444,444,5,84,84,5,5,90,188,90,188,5,5,5,5,40,26,84,102,40,42,84,102,5,5,64,73,64,101,5,5,5,5,5,5,36,18,24,26,61,30,36,18,40,42,85,50
n5_s10_t002_linear.tfc,31,78,78,-,-,-,31,31,78,78,178,78,-,,,-,-,,,-,-,,,-,31,31,78,78,178,178,,-,,,-,,,-,,,-,,,-,,,-,
n5_s10_t002_permutacao.tfc,32,756,756,-,-,-,32,32,734,756,2110,756,-,,,-,-,,,-,-,,,-,32,32,734,734,2110,2110,,-,,,-,,,-,,,-,,,-,,,-,
n5_s10_t002_reed.tfc,10,52,1654,10,70,2075,10,10,50,49,1472,1515,10,10,10,10,70,70,66,70,2075,2050,1908,2075,10,10,49,48,1379,1382,10,10,10,10,10,10,66,70,65,66,70,70,1908,2075,1862,1883,2075,2050
n5_s10_t002_unitario.tfc,5,444,444,5,84,84,5,5,90,188,90,188,5,5,5,5,40,26,84,102,40,42,84,102,5,5,64,73,64,101,5,5,5,5,5,5,36,18,24,26,61,30,36,18,40,42,85,50
n5_s10_t003_linear.tfc,32,93,93,-,-,-,32,32,93,93,195,93,-,,,-,-,,,-,-,,,-,32,32,93,93,195,195,,-,,,-,,,-,,,-,,,-,,,-,
n5_s10_t003_permutacao.tfc,32,819,819,-,-,-,32,32,812,819,2378,819,-,,,-,-,,,-,-,,,-,32,32,812,812,2378,2378,,-,,,-,,,-,,,-,,,-,,,-,
n5_s10_t003_reed.tfc,10,53,1431,10,60,1669,10,10,53,53,1321,1431,10,10,10,10,60,56,56,60,1669,1429,1529,1669,10,10,53,53,1321,1321,10,10,10,10,10,10,56,60,52,54,60,56,1529,1669,1365,1379,1669,1429
n5_s10_t003_unitario.tfc,5,444,444,5,84,84,5,5,90,188,90,188,5,5,5,5,40,26,84,102,40,42,84,102,5,5,64,73,64,101,5,5,5,5,5,5,36,18,24,26,61,30,36,18,40,42,85,50
n5_s10_t004_linear.tfc,32,84,84,-,-,-,32,32,84,84,162,84,-,,,-,-,,,-,-,,,-,32,32,84,84,162,162,,-,,,-,,,-,,,-,,,-,,,-,
n5_s10_t004_permutacao.tfc,32,852,852,-,-,-,32,32,825,852,2371,852,-,,,-,-,,,-,-,,,-,32,32,825,825,2371,2371,,-,,,-,,,-,,,-,,,-,,,-,
n5_s10_t004_reed.tfc,10,51,1407,10,49,1416,10,10,51,50,1311,1386,10,10,10,10,49,47,46,49,1416,1331,1318,1416,10,10,50,50,1290,1274,10,10,10,10,10,10,46,49,46,46,49,47,1318,1416,1238,1238,1416,1331
n5_s10_t004_unitario.tfc,5,444,444,5,84,84,5,5,90,188,90,188,5,5,5,5,40,26,84,102,40,42,84,102,5,5,64,73,64,101,5,5,5,5,5,5,36,18,24,26,61,30,36,18,40,42,85,50
n5_s10_t005_linear.tfc,31,84,84,-,-,-,31,31,84,84,158,84,-,,,-,-,,,-,-,,,-,31,31,84,84,158,158,,-,,,-,,,-,,,-,,,-,,,-,
n5_s10_t005_permutacao.tfc,31,792,792,-,-,-,31,31,769,792,2235,792,-,,,-,-,,,-,-,,,-,31,31,769,769,2235,2235,,-,,,-,,,-,,,-,,,-,,,-,
n5_s10_t005_reed.tfc,10,52,1680,10,60,1963,10,10,49,49,1465,1449,10,10,10,10,60,59,57,60,1963,1790,1909,1963,10,10,47,48,1371,1372,10,10,10,10,10,10,57,60,57,57,60,59,1909,1963,1737,1737,1963,1790
n5_s10_t005_unitario.tfc,5,444,444,5,84,84,5,5,90,188,90,188,5,5,5,5,40,26,84,102,40,42,84,102,5,5,64,73,64,101,5,5,5,5,5,5,36,18,24,26,61,30,36,18,40,42,85,50
n5_s10_t006_linear.tfc,29,78,78,-,-,-,29,29,78,78,172,78,-,,,-,-,,,-,-,,,-,29,29,78,78,172,172,,-,,,-,,,-,,,-,,,-,,,-,
n5_s10_t006_permutacao.tfc,31,558,558,-,-,-,31,31,525,558,1513,558,-,,,-,-,,,-,-,,,-,31,31,525,525,1513,1513,,-,,,-,,,-,,,-,,,-,,,-,
n5_s10_t006_reed.tfc,10,52,1428,10,56,1698,10,10,52,52,1340,1428,10,10,10,10,56,56,53,56,1698,1490,1555,1698,10,10,52,52,1340,1340,10,10,10,10,10,10,53,56,52,53,56,56,1555,1698,1334,1347,1698,1490
n5_s10_t006_unitario.tfc,5,444,444,5,84,84,5,5,90,188,90,188,5,5,5,5,40,26,84,102,40,42,84,102,5,5,64,73,64,101,5,5,5,5,5,5,36,18,24,26,61,30,36,18,40,42,85,50
n5_s10_t007_linear.tfc,31,75,75,-,-,-,31,31,75,75,183,75,-,,,-,-,,,-,-,,,-,31,31,75,75,183,183,,-,,,-,,,-,,,-,,,-,,,-,
n5_s10_t007_permutacao.tfc,32,711,711,-,-,-,32,32,697,711,2019,711,-,,,-,-,,,-,-,,,-,32,32,697,697,2019,2019,,-,,,-,,,-,,,-,,,-,,,-,
n5_s10_t007_reed.tfc,10,71,1834,10,64,1762,10,10,69,70,1580,1789,10,10,10,10,64,60,61,64,1762,1554,1711,1762,10,10,68,69,1576,1580,10,10,10,10,10,10,61,64,60,61,64,60,1711,1762,1554,1567,1762,1554
n5_s10_t007_unitario.tfc,5,444,444,5,84,84,5,5,90,188,90,188,5,5,5,5,40,26,84,102,40,42,84,102,5,5,64,73,64,101,5,5,5,5,5,5,36,18,24,26,61,30,36,18,40,42,85,50
n5_s10_t008_linear.tfc,31,81,81,-,-,-,31,31,81,81,159,81,-,,,-,-,,,-,-,,,-,31,31,81,81,159,159,,-,,,-,,,-,,,-,,,-,,,-,
n5_s10_t008_permutacao.tfc,32,717,717,-,-,-,32,32,703,717,1973,717,-,,,-,-,,,-,-,,,-,32,32,703,703,1973,1973,,-,,,-,,,-,,,-,,,-,,,-,
n5_s10_t008_reed.tfc,10,62,1524,10,58,1508,10,10,60,58,1402,1408,10,10,10,10,58,55,56,58,1508,1376,1461,1508,10,10,57,57,1331,1331,10,10,10,10,10,10,56,58,54,55,58,55,1461,1508,1372,1376,1508,1376
n5_s10_t008_unitario.tfc,5,444,444,5,84,84,5,5,90,188,90,188,5,5,5,5,40,26,84,102,40,42,84,102,5,5,64,73,64,101,5,5,5,5,5,5,36,18,24,26,61,30,36,18,40,42,85,50
n5_s10_t009_linear.tfc,29,81,81,-,-,-,29,29,81,81,141,81,-,,,-,-,,,-,-,,,-,29,29,81,81,141,141,,-,,,-,,,-,,,-,,,-,,,-,
n5_s10_t009_permutacao.tfc,31,585,585,-,-,-,31,31,564,585,1634,585,-,,,-,-,,,-,-,,,-,31,31,564,564,1634,1634,,-,,,-,,,-,,,-,,,-,,,-,
n5_s10_t009_reed.tfc,10,61,1923,10,67,1982,10,10,61,60,1803,1830,10,10,10,10,67,67,64,67,1982,1916,1876,1982,10,10,61,60,1803,1774,10,10,10,10,10,10,64,67,64,62,67,67,1876,1982,1810,1768,1982,1916
n5_s10_t009_unitario.tfc,5,444,444,5,84,84,5,5,90,188,90,188,5,5,5,5,40,26,84,102,40,42,84,102,5,5,64,73,64,101,5,5,5,5,5,5,36,18,24,26,61,30,36,18,40,42,85,50
n5_s10_t010_linear.tfc,31,84,84,-,-,-,31,31,84,84,160,84,-,,,-,-,,,-,-,,,-,31,31,84,84,160,160,,-,,,-,,,-,,,-,,,-,,,-,
n5_s10_t010_permutacao.tfc,32,780,780,-,-,-,32,32,755,780,2151,780,-,,,-,-,,,-,-,,,-,32,32,755,755,2151,2151,,-,,,-,,,-,,,-,,,-,,,-,
n5_s10_t010_reed.tfc,10,65,1806,10,62,1741,10,10,63,64,1588,1761,10,10,10,10,62,62,61,62,1741,1729,1648,1741,10,10,61,63,1539,1588,10,10,10,10,10,10,61,62,61,61,62,62,1648,1741,1636,1636,1741,1729
n5_s10_t010_unitario.tfc,5,444,444,5,84,84,5,5,90,188,90,188,5,5,5,5,40,26,84,102,40,42,84,102,5,5,64,73,64,101,5,5,5,5,5,5,36,18,24,26,61,30,36,18,40,42,85,50
n6_s10_t001_linear.tfc,63,177,177,-,-,-,63,63,177,177,315,177,-,,,-,-,,,-,-,,,-,63,63,177,177,315,315,,-,,,-,,,-,,,-,,,-,,,-,
n6_s10_t001_permutacao.tfc,64,3489,3489,-,-,-,64,64,3446,3489,10028,3489,-,,,-,-,,,-,-,,,-,64,64,3446,3446,10028,10028,,-,,,-,,,-,,,-,,,-,,,-,
n6_s10_t001_reed.tfc,12,133,7105,12,163,14225,12,12,131,131,6825,6823,12,12,12,12,163,158,152,163,14225,13488,12882,14225,12,12,128,129,6530,6543,12,12,12,12,12,12,152,163,150,150,163,158,12882,14225,12344,12328,14225,13488
n6_s10_t001_unitario.tfc,6,1868,1868,6,380,380,6,6,396,844,396,844,6,6,6,6,162,120,380,458,162,188,380,458,6,6,284,339,284,439,6,6,6,6,6,6,146,80,99,120,283,142,146,80,161,188,403,218
n6_s10_t002_linear.tfc,63,180,180,-,-,-,63,63,180,180,340,180,-,,,-,-,,,-,-,,,-,63,63,180,180,340,340,,-,,,-,,,-,,,-,,,-,,,-,
n6_s10_t002_permutacao.tfc,64,3312,3312,-,-,-,64,64,3280,3312,9626,3312,-,,,-,-,,,-,-,,,-,64,64,3280,3280,9626,9626,,-,,,-,,,-,,,-,,,-,,,-,
n6_s10_t002_reed.tfc,12,143,8480,12,201,17425,12,12,141,139,8070,8108,12,12,12,12,201,197,189,201,17425,17005,16021,17425,12,12,136,138,7784,7791,12,12,12,12,12,12,189,201,189,189,201,197,16021,17425,15685,15685,17425,17005
n6_s10_t002_unitario.tfc,6,1868,1868,6,380,380,6,6,396,844,396,844,6,6,6,6,162,120,380,458,162,188,380,458,6,6,284,339,284,439,6,6,6,6,6,6,146,80,99,120,283,142,146,80,161,188,403,218
n6_s10_t003_linear.tfc,64,183,183,-,-,-,64,64,183,183,343,183,-,,,-,-,,,-,-,,,-,64,64,183,183,343,343,,-,,,-,,,-,,,-,,,-,,,-,
n6_s10_t003_permutacao.tfc,64,2775,2775,-,-,-,64,64,2723,2775,7965,2775,-,,,-,-,,,-,-,,,-,64,64,2723,2723,7965,7965,,-,,,-,,,-,,,-,,,-,,,-,
n6_s10_t003_reed.tfc,12,135,7543,12,185,16481,12,12,135,133,6887,7261,12,12,12,12,185,179,172,185,16481,16067,15024,16481,12,12,133,133,6605,6605,12,12,12,12,12,12,172,185,172,172,185,179,15024,16481,14744,14744,16481,16067
n6_s10_t003_unitario.tfc,6,1868,1868,6,380,380,6,6,396,844,396,844,6,6,6,6,162,120,380,458,162,188,380,458,6,6,284,339,284,439,6,6,6,6,6,6,146,80,99,120,283,142,146,80,161,188,403,218
n6_s10_t004_linear.tfc,61,171,171,-,-,-,61,61,171,171,297,171,-,,,-,-,,,-,-,,,-,61,61,171,171,297,297,,-,,,-,,,-,,,-,,,-,,,-,
n6_s10_t004_permutacao.tfc,64,2973,2973,-,-,-,64,64,2927,2973,8529,2973,-,,,-,-,,,-,-,,,-,64,64,2927,2927,8529,8529,,-,,,-,,,-,,,-,,,-,,,-,
n6_s10_t004_reed.tfc,12,141,8322,12,165,13911,12,12,141,139,7420,8040,12,12,12,12,165,163,157,165,13911,13693,13279,13911,12,12,137,139,7136,7138,12,12,12,12,12,12,157,165,157,155,165,163,13279,13911,13103,12853,13911,13693
n6_s10_t004_unitario.tfc,6,1868,1868,6,380,380,6,6,396,844,396,844,6,6,6,6,162,120,380,458,162,188,380,458,6,6,284,339,284,439,6,6,6,6,6,6,146,80,99,120,283,142,146,80,161,188,403,218
n6_s10_t005_linear.tfc,64,171,171,-,-,-,64,64,171,171,353,171,-,,,-,-,,,-,-,,,-,64,64,171,171,353,353,,-,,,-,,,-,,,-,,,-,,,-,
n6_s10_t005_permutacao.tfc,64,2793,2793,-,-,-,64,64,2750,2793,8040,2793,-,,,-,-,,,-,-,,,-,64,64,2750,2750,8040,8040,,-,,,-,,,-,,,-,,,-,,,-,
n6_s10_t005_reed.tfc,12,144,8269,12,159,13981,12,12,144,138,8085,7727,12,12,12,12,159,155,147,159,13981,13377,12945,13981,12,12,138,138,7543,7543,12,12,12,12,12,12,147,159,147,147,159,155,12945,13981,12593,12593,13981,13377
n6_s10_t005_unitario.tfc,6,1868,1868,6,380,380,6,6,396,844,396,844,6,6,6,6,162,120,380,458,162,188,380,458,6,6,284,339,284,439,6,6,6,6,6,6,146,80,99,120,283,142,146,80,161,188,403,218
n6_s10_t006_linear.tfc,64,183,183,-,-,-,64,64,183,183,331,183,-,,,-,-,,,-,-,,,-,64,64,183,183,331,331,,-,,,-,,,-,,,-,,,-,,,-,
n6_s10_t006_permutacao.tfc,64,2553,2553,-,-,-,64,64,2510,2553,7250,2553,-,,,-,-,,,-,-,,,-,64,64,2510,2510,7250,7250,,-,,,-,,,-,,,-,,,-,,,-,
n6_s10_t006_reed.tfc,12,160,7802,12,159,14009,12,12,156,156,7354,7334,12,12,12,12,159,157,153,159,14009,13458,13331,14009,12,12,153,154,7068,7072,12,12,12,12,12,12,153,159,152,153,159,157,13331,14009,12753,12798,14009,13458
n6_s10_t006_unitario.tfc,6,1868,1868,6,380,380,6,6,396,844,396,844,6,6,6,6,162,120,380,458,162,188,380,458,6,6,284,339,284,439,6,6,6,6,6,6,146,80,99,120,283,142,146,80,161,188,403,218
n6_s10_t007_linear.tfc,61,171,171,-,-,-,61,61,171,171,331,171,-,,,-,-,,,-,-,,,-,61,61,171,171,331,331,,-,,,-,,,-,,,-,,,-,,,-,
n6_s10_t007_permutacao.tfc,64,3081,3081,-,-,-,64,64,3049,3081,8945,3081,-,,,-,-,,,-,-,,,-,64,64,3049,3049,8945,8945,,-,,,-,,,-,,,-,,,-,,,-,
n6_s10_t007_reed.tfc,12,147,8496,12,161,13881,12,12,147,145,7956,8294,12,12,12,12,161,157,151,161,13881,13541,12791,13881,12,12,145,145,7754,7754,12,12,12,12,12,12,151,161,150,150,161,157,12791,13881,12602,12602,13881,13541
n6_s10_t007_unitario.tfc,6,1868,1868,6,380,380,6,6,396,844,396,844,6,6,6,6,162,120,380,458,162,188,380,458,6,6,284,339,284,439,6,6,6,6,6,6,146,80,99,120,283,142,146,80,161,188,403,218
n6_s10_t008_linear.tfc,62,177,177,-,-,-,62,62,177,177,277,177,-,,,-,-,,,-,-,,,-,62,62,177,177,277,277,,-,,,-,,,-,,,-,,,-,,,-,
n6_s10_t008_permutacao.tfc,64,3219,3219,-,-,-,64,64,3178,3219,9276,3219,-,,,-,-,,,-,-,,,-,64,64,3178,3178,9276,9276,,-,,,-,,,-,,,-,,,-,,,-,
n6_s10_t008_reed.tfc,12,149,8595,12,171,14881,12,12,149,148,8349,8406,12,12,12,12,171,167,164,171,14881,14629,14438,14881,12,12,145,148,8109,8160,12,12,12,12,12,12,164,171,164,164,171,167,14438,14881,14238,14238,14881,14629
n6_s10_t008_unitario.tfc,6,1868,1868,6,380,380,6,6,396,844,396,844,6,6,6,6,162,120,380,458,162,188,380,458,6,6,284,339,284,439,6,6,6,6,6,6,146,80,99,120,283,142,146,80,161,188,403,218
n6_s10_t009_linear.tfc,64,180,180,-,-,-,64,64,180,180,298,180,-,,,-,-,,,-,-,,,-,64,64,180,180,298,298,,-,,,-,,,-,,,-,,,-,,,-,
n6_s10_t009_permutacao.tfc,64,3300,3300,-,-,-,64,64,3248,3300,9382,3300,-,,,-,-,,,-,-,,,-,64,64,3248,3248,9382,9382,,-,,,-,,,-,,,-,,,-,,,-,
n6_s10_t009_reed.tfc,12,141,7967,12,155,12851,12,12,138,136,7466,7430,12,12,12,12,155,152,148,155,12851,12676,12264,12851,12,12,134,135,7198,7211,12,12,12,12,12,12,148,155,148,148,155,152,12264,12851,12112,12112,12851,12676
n6_s10_t009_unitario.tfc,6,1868,1868,6,380,380,6,6,396,844,396,844,6,6,6,6,162,120,380,458,162,188,380,458,6,6,284,339,284,439,6,6,6,6,6,6,146,80,99,120,283,142,146,80,161,188,403,218
n6_s10_t010_linear.tfc,62,177,177,-,-,-,62,62,177,177,309,177,-,,,-,-,,,-,-,,,-,62,62,177,177,309,309,,-,,,-,,,-,,,-,,,-,,,-,
n6_s10_t010_permutacao.tfc,64,2871,2871,-,-,-,64,64,2831,2871,8291,2871,-,,,-,-,,,-,-,,,-,64,64,2831,2831,8291,8291,,-,,,-,,,-,,,-,,,-,,,-,
n6_s10_t010_reed.tfc,12,147,9122,12,176,14476,12,12,145,141,8584,8636,12,12,12,12,176,170,167,176,14476,13590,13799,14476,12,12,139,140,8146,8191,12,12,12,12,12,12,167,176,166,166,176,170,13799,14476,13090,13090,14476,13590
n6_s10_t010_unitario.tfc,6,1868,1868,6,380,380,6,6,396,844,396,844,6,6,6,6,162,120,380,458,162,188,380,458,6,6,284,339,284,439,6,6,6,6,6,6,146,80,99,120,283,142,146,80,161,188,403,218
n7_s10_t001_linear.tfc,128,369,369,,,,128,128,369,369,711,369,-,,,-,-,,,-,-,,,-,128,128,369,369,711,711,,-,,,-,,,-,,,-,,,-,,,-,
n7_s10_t001_permutacao.tfc,128,12765,12765,,,,128,128,12688,12765,37472,12765,-,,,-,-,,,-,-,,,-,128,128,12688,12688,37472,37472,,-,,,-,,,-,,,-,,,-,,,-,
n7_s10_t001_reed.tfc,14,316,35520,,,,14,14,308,304,33472,32900,14,,,14,599,,,599,221477,,,221477,14,14,298,300,31674,31768,14,14,,,14,14,596,599,,,599,599,220910,221477,,,221477,212069
n7_s10_t001_unitario.tfc,7,7660,7660,,,,7,7,1656,3564,1656,3564,7,,,7,670,,,1926,670,,,1926,7,7,1192,1437,1192,1825,7,7,,,7,7,606,340,,,1173,596,606,340,,,1661,904
n7_s10_t002_linear.tfc,126,369,369,,,,126,126,369,369,669,369,-,,,-,-,,,-,-,,,-,126,126,369,369,669,669,,-,,,-,,,-,,,-,,,-,,,-,
n7_s10_t002_permutacao.tfc,127,12537,12537,,,,127,127,12442,12537,36742,12537,-,,,-,-,,,-,-,,,-,127,127,12442,12442,36742,36742,,-,,,-,,,-,,,-,,,-,,,-,
n7_s10_t002_reed.tfc,14,364,42487,,,,14,14,360,356,39073,40879,14,,,14,632,,,632,235980,,,235980,14,14,354,354,37843,37843,14,14,,,14,14,631,632,,,632,632,235919,235980,,,235980,221580
n7_s10_t002_unitario.tfc,7,7660,7660,,,,7,7,1656,3564,1656,3564,7,,,7,670,,,1926,670,,,1926,7,7,1192,1437,1192,1825,7,7,,,7,7,606,340,,,1173,596,606,340,,,1661,904
n7_s10_t003_linear.tfc,128,378,378,,,,128,128,378,378,732,378,-,,,-,-,,,-,-,,,-,128,128,378,378,732,732,,-,,,-,,,-,,,-,,,-,,,-,
n7_s10_t003_permutacao.tfc,128,10398,10398,,,,128,128,10286,10398,30136,10398,-,,,-,-,,,-,-,,,-,128,128,10286,10286,30136,30136,,-,,,-,,,-,,,-,,,-,,,-,
n7_s10_t003_reed.tfc,14,357,39699,,,,14,14,353,343,36993,37429,14,,,14,633,,,633,234393,,,234393,14,14,338,341,35002,35101,14,14,,,14,14,614,633,,,633,633,228306,234393,,,234393,222169
n7_s10_t003_unitario.tfc,7,7660,7660,,,,7,7,1656,3564,1656,3564,7,,,7,670,,,1926,670,,,1926,7,7,1192,1437,1192,1825,7,7,,,7,7,606,340,,,1173,596,606,340,,,1661,904
n7_s10_t004_linear.tfc,127,354,354,,,,127,127,354,354,682,354,-,,,-,-,,,-,-,,,-,127,127,354,354,682,682,,-,,,-,,,-,,,-,,,-,,,-,
n7_s10_t004_permutacao.tfc,128,11772,11772,,,,128,128,11694,11772,34466,11772,-,,,-,-,,,-,-,,,-,128,128,11694,11694,34466,34466,,-,,,-,,,-,,,-,,,-,,,-,
n7_s10_t004_reed.tfc,14,340,38696,,,,14,14,336,332,35972,37312,14,,,14,604,,,604,225144,,,225144,14,14,330,330,35142,34998,14,14,,,14,14,601,604,,,604,602,224833,225144,,,225144,214958
n7_s10_t004_unitario.tfc,7,7660,7660,,,,7,7,1656,3564,1656,3564,7,,,7,670,,,1926,670,,,1926,7,7,1192,1437,1192,1825,7,7,,,7,7,606,340,,,1173,596,606,340,,,1661,904
n7_s10_t005_linear.tfc,128,372,372,,,,128,128,372,372,660,372,-,,,-,-,,,-,-,,,-,128,128,372,372,660,660,,-,,,-,,,-,,,-,,,-,,,-,
n7_s10_t005_permutacao.tfc,128,12330,12330,,,,128,128,12207,12330,35849,12330,-,,,-,-,,,-,-,,,-,128,128,12207,12207,35849,35849,,-,,,-,,,-,,,-,,,-,,,-,
n7_s10_t005_reed.tfc,14,347,40401,,,,14,14,347,343,38313,39993,14,,,14,620,,,620,230356,,,230356,14,14,341,343,37687,37905,14,14,,,14,14,620,620,,,620,620,230356,230356,,,230356,214100
n7_s10_t005_unitario.tfc,7,7660,7660,,,,7,7,1656,3564,1656,3564,7,,,7,670,,,1926,670,,,1926,7,7,1192,1437,1192,1825,7,7,,,7,7,606,340,,,1173,596,606,340,,,1661,904
n7_s10_t006_linear.tfc,127,372,372,,,,127,127,372,372,700,372,-,,,-,-,,,-,-,,,-,127,127,372,372,700,700,,-,,,-,,,-,,,-,,,-,,,-,
n7_s10_t006_permutacao.tfc,128,11298,11298,,,,128,128,11203,11298,33009,11298,-,,,-,-,,,-,-,,,-,128,128,11203,11203,33009,33009,,-,,,-,,,-,,,-,,,-,,,-,
n7_s10_t006_reed.tfc,14,357,40732,,,,14,14,343,343,38856,39015,14,,,14,629,,,629,230731,,,230731,14,14,334,337,38117,38183,14,14,,,14,14,628,629,,,629,629,230606,230731,,,230731,212747
n7_s10_t006_unitario.tfc,7,7660,7660,,,,7,7,1656,3564,1656,3564,7,,,7,670,,,1926,670,,,1926,7,7,1192,1437,1192,1825,7,7,,,7,7,606,340,,,1173,596,606,340,,,1661,904
n7_s10_t007_linear.tfc,126,360,360,,,,126,126,360,360,716,360,-,,,-,-,,,-,-,,,-,126,126,360,360,716,716,,-,,,-,,,-,,,-,,,-,,,-,
n7_s10_t007_permutacao.tfc,128,11700,11700,,,,128,128,11613,11700,34131,11700,-,,,-,-,,,-,-,,,-,128,128,11613,11613,34131,34131,,-,,,-,,,-,,,-,,,-,,,-,
n7_s10_t007_reed.tfc,14,352,40979,,,,14,14,350,348,39289,40344,14,,,14,608,,,608,218516,,,218516,14,14,346,347,38782,38843,14,14,,,14,14,604,608,,,608,607,217312,218516,,,218516,200727
n7_s10_t007_unitario.tfc,7,7660,7660,,,,7,7,1656,3564,1656,3564,7,,,7,670,,,1926,670,,,1926,7,7,1192,1437,1192,1825,7,7,,,7,7,606,340,,,1173,596,606,340,,,1661,904
n7_s10_t008_linear.tfc,127,369,369,,,,127,127,369,369,681,369,-,,,-,-,,,-,-,,,-,127,127,369,369,681,681,,-,,,-,,,-,,,-,,,-,,,-,
n7_s10_t008_permutacao.tfc,128,13065,13065,,,,128,128,12969,13065,38357,13065,-,,,-,-,,,-,-,,,-,128,128,12969,12969,38357,38357,,-,,,-,,,-,,,-,,,-,,,-,
n7_s10_t008_reed.tfc,14,331,38116,,,,14,14,323,323,34470,36748,14,,,14,589,,,589,214739,,,214739,14,14,318,319,33829,33858,14,14,,,14,14,586,589,,,589,589,213596,214739,,,214739,198803
n7_s10_t008_unitario.tfc,7,7660,7660,,,,7,7,1656,3564,1656,3564,7,,,7,670,,,1926,670,,,1926,7,7,1192,1437,1192,1825,7,7,,,7,7,606,340,,,1173,596,606,340,,,1661,904
n7_s10_t009_linear.tfc,125,357,357,,,,125,125,357,357,667,357,-,,,-,-,,,-,-,,,-,125,125,357,357,667,667,,-,,,-,,,-,,,-,,,-,,,-,
n7_s10_t009_permutacao.tfc,128,11919,11919,,,,128,128,11823,11919,34825,11919,-,,,-,-,,,-,-,,,-,128,128,11823,11823,34825,34825,,-,,,-,,,-,,,-,,,-,,,-,
n7_s10_t009_reed.tfc,14,356,38578,,,,14,14,354,342,36384,36820,14,,,14,588,,,588,215330,,,215330,14,14,337,341,34507,34631,14,14,,,14,14,587,588,,,588,588,215205,215330,,,215330,202026
n7_s10_t009_unitario.tfc,7,7660,7660,,,,7,7,1656,3564,1656,3564,7,,,7,670,,,1926,670,,,1926,7,7,1192,1437,1192,1825,7,7,,,7,7,606,340,,,1173,596,606,340,,,1661,904
n7_s10_t010_linear.tfc,126,363,363,,,,126,126,363,363,659,363,-,,,-,-,,,-,-,,,-,126,126,363,363,659,659,,-,,,-,,,-,,,-,,,-,,,-,
n7_s10_t010_permutacao.tfc,128,12087,12087,,,,128,128,12019,12087,35467,12087,-,,,-,-,,,-,-,,,-,128,128,12019,12019,35467,35467,,-,,,-,,,-,,,-,,,-,,,-,
n7_s10_t010_reed.tfc,14,355,42561,,,,14,14,351,341,40263,39431,14,,,14,578,,,578,209264,,,209264,14,14,339,339,37415,37423,14,14,,,14,14,570,578,,,578,577,206792,209264,,,209264,196987
n7_s10_t010_unitario.tfc,7,7660,7660,,,,7,7,1656,3564,1656,3564,7,,,7,670,,,1926,670,,,1926,7,7,1192,1437,1192,1825,7,7,,,7,7,606,340,,,1173,596,606,340,,,1661,904
n8_s10_t001_linear.tfc,256,759,759,,,,256,256,759,759,1315,759,-,,,-,-,,,-,-,,,-,256,256,759,759,1315,1315,,-,,,-,,,-,,,-,,,-,,,-,
n8_s10_t001_reed.tfc,16,819,188478,,,,16,16,801,792,172288,180968,16,,,16,661,,,661,258313,,,258313,16,16,777,784,166925,167900,16,16,,,16,16,653,661,,,661,661,252577,258313,,,258313,247369
n8_s10_t001_unitario.tfc,8,31020,31020,,,,8,8,6768,14636,6768,14636,8,,,8,2726,,,7894,2726,,,7894,8,8,4880,5903,4880,7443,8,8,,,8,8,2470,1404,,,4743,2456,2470,1404,,,6711,3684
n8_s10_t002_linear.tfc,256,750,750,,,,256,256,750,750,1342,750,-,,,-,-,,,-,-,,,-,256,256,750,750,1342,1342,,-,,,-,,,-,,,-,,,-,,,-,
n8_s10_t002_reed.tfc,16,745,171112,,,,16,16,726,717,158569,162288,16,,,16,644,,,644,248760,,,248760,16,16,707,709,152350,152536,16,16,,,16,16,631,644,,,644,643,240351,248760,,,248760,237371
n8_s10_t002_unitario.tfc,8,31020,31020,,,,8,8,6768,14636,6768,14636,8,,,8,2726,,,7894,2726,,,7894,8,8,4880,5903,4880,7443,8,8,,,8,8,2470,1404,,,4743,2456,2470,1404,,,6711,3684
n8_s10_t003_linear.tfc,255,738,738,,,,255,255,738,738,1346,738,-,,,-,-,,,-,-,,,-,255,255,738,738,1346,1346,,-,,,-,,,-,,,-,,,-,,,-,
n8_s10_t003_reed.tfc,16,794,172119,,,,16,16,783,776,159200,163725,16,,,16,660,,,660,257736,,,257736,16,16,767,772,153936,154689,16,16,,,16,16,642,660,,,660,660,245502,257736,,,257736,247048
n8_s10_t003_unitario.tfc,8,31020,31020,,,,8,8,6768,14636,6768,14636,8,,,8,2726,,,7894,2726,,,7894,8,8,4880,5903,4880,7443,8,8,,,8,8,2470,1404,,,4743,2456,2470,1404,,,6711,3684
n8_s10_t004_linear.tfc,256,747,747,,,,256,256,747,747,1357,747,-,,,-,-,,,-,-,,,-,256,256,747,747,1357,1357,,-,,,-,,,-,,,-,,,-,,,-,
n8_s10_t001_permutacao.tfc,256,50331,50331,,,,,256,,50331,,50331,,,,-,,,,-,,,,-,,256,,50084,,148598,,,,,-,,,,,,-,,,,,,-,
n8_s10_t002_permutacao.tfc,256,44628,44628,,,,,256,,44628,,44628,,,,-,,,,-,,,,-,,256,,44356,,131444,,,,,-,,,,,,-,,,,,,-,
n8_s10_t003_permutacao.tfc,256,50640,50640,,,,,256,,50640,,50640,,,,-,,,,-,,,,-,,256,,50452,,149848,,,,,-,,,,,,-,,,,,,-,
n8_s10_t004_permutacao.tfc,256,51333,51333,,,,,256,,51333,,51333,,,,-,,,,-,,,,-,,256,,51127,,151983,,,,,-,,,,,,-,,,,,,-,
n8_s10_t004_reed.tfc,16,744,176470,,,,,16,,722,,169336,,,,16,,,,642,,,,244356,,16,,714,,157422,,,,,16,16,,,,,642,642,,,,,244356,233796
n8_s10_t004_unitario.tfc,8,31020,31020,,,,,8,,14636,,14636,,,,8,,,,7894,,,,7894,,8,,5903,,7443,,,,,8,8,,,,,4743,2456,,,,,6711,3684
n8_s10_t005_linear.tfc,255,744,744,,,,,255,,744,,744,,,,-,,,,-,,,,-,,255,,744,,1294,,,,,-,,,,,,-,,,,,,-,
n8_s10_t005_permutacao.tfc,256,50028,50028,,,,,256,,50028,,50028,,,,-,,,,-,,,,-,,256,,49828,,147900,,,,,-,,,,,,-,,,,,,-,
n8_s10_t005_reed.tfc,16,763,182019,,,,,16,,750,,177599,,,,16,,,,636,,,,243410,,16,,747,,167168,,,,,16,16,,,,,636,635,,,,,243410,232085
n8_s10_t005_unitario.tfc,8,31020,31020,,,,,8,,14636,,14636,,,,8,,,,7894,,,,7894,,8,,5903,,7443,,,,,8,8,,,,,4743,2456,,,,,6711,3684
n8_s10_t006_linear.tfc,256,756,756,,,,,256,,756,,756,,,,-,,,,-,,,,-,,256,,756,,1344,,,,,-,,,,,,-,,,,,,-,
n8_s10_t006_permutacao.tfc,256,46950,46950,,,,,256,,46950,,46950,,,,-,,,,-,,,,-,,256,,46723,,138703,,,,,-,,,,,,-,,,,,,-,
n8_s10_t006_reed.tfc,16,752,173246,,,,,16,,723,,162033,,,,16,,,,656,,,,256214,,16,,721,,152717,,,,,16,16,,,,,656,656,,,,,256214,246874
n8_s10_t006_unitario.tfc,8,31020,31020,,,,,8,,14636,,14636,,,,8,,,,7894,,,,7894,,8,,5903,,7443,,,,,8,8,,,,,4743,2456,,,,,6711,3684
n8_s10_t007_linear.tfc,256,753,753,,,,,256,,753,,753,,,,-,,,,-,,,,-,,256,,753,,1333,,,,,-,,,,,,-,,,,,,-,
n8_s10_t007_permutacao.tfc,256,50619,50619,,,,,256,,50619,,50619,,,,-,,,,-,,,,-,,256,,50401,,149693,,,,,-,,,,,,-,,,,,,-,
n8_s10_t007_reed.tfc,16,813,185439,,,,,16,,791,,175777,,,,16,,,,671,,,,264043,,16,,786,,165094,,,,,16,16,,,,,671,671,,,,,264043,254187
n8_s10_t007_unitario.tfc,8,31020,31020,,,,,8,,14636,,14636,,,,8,,,,7894,,,,7894,,8,,5903,,7443,,,,,8,8,,,,,4743,2456,,,,,6711,3684
n8_s10_t008_linear.tfc,255,753,753,,,,,255,,753,,753,,,,-,,,,-,,,,-,,255,,753,,1305,,,,,-,,,,,,-,,,,,,-,
n8_s10_t008_permutacao.tfc,256,46473,46473,,,,,256,,46473,,46473,,,,-,,,,-,,,,-,,256,,46202,,136916,,,,,-,,,,,,-,,,,,,-,
n8_s10_t008_reed.tfc,16,838,187072,,,,,16,,817,,178103,,,,16,,,,665,,,,258687,,16,,811,,165641,,,,,16,16,,,,,665,665,,,,,258687,250559
n8_s10_t008_unitario.tfc,8,31020,31020,,,,,8,,14636,,14636,,,,8,,,,7894,,,,7894,,8,,5903,,7443,,,,,8,8,,,,,4743,2456,,,,,6711,3684
n8_s10_t009_linear.tfc,256,759,759,,,,,256,,759,,759,,,,-,,,,-,,,,-,,256,,759,,1367,,,,,-,,,,,,-,,,,,,-,
n8_s10_t009_permutacao.tfc,256,46041,46041,,,,,256,,46041,,46041,,,,-,,,,-,,,,-,,256,,45798,,135848,,,,,-,,,,,,-,,,,,,-,
n8_s10_t009_reed.tfc,16,805,179809,,,,,16,,787,,171767,,,,16,,,,653,,,,252577,,16,,781,,163701,,,,,16,16,,,,,653,653,,,,,252577,239969
n8_s10_t009_unitario.tfc,8,31020,31020,,,,,8,,14636,,14636,,,,8,,,,7894,,,,7894,,8,,5903,,7443,,,,,8,8,,,,,4743,2456,,,,,6711,3684
n8_s10_t010_linear.tfc,255,744,744,,,,,255,,744,,744,,,,-,,,,-,,,,-,,255,,744,,1326,,,,,-,,,,,,-,,,,,,-,
n8_s10_t010_permutacao.tfc,256,47238,47238,,,,,256,,47238,,47238,,,,-,,,,-,,,,-,,256,,46984,,139204,,,,,-,,,,,,-,,,,,,-,
n8_s10_t010_reed.tfc,16,783,183301,,,,,16,,763,,175889,,,,16,,,,627,,,,236527,,16,,761,,170183,,,,,16,16,,,,,627,627,,,,,236527,227311
n8_s10_t010_unitario.tfc,8,31020,31020,,,,,8,,14636,,14636,,,,8,,,,7894,,,,7894,,8,,5903,,7443,,,,,8,8,,,,,4743,2456,,,,,6711,3684
