Nome TFC,GC Original,QC Original,GC Otimizado,QC Otimizado,Diff GC,Diff QC,Observações
circuito_aleatorio_0000.tfc,150,48608,150,48608,0,0,
circuito_aleatorio_0001.tfc,150,54522,150,54522,0,0,
circuito_aleatorio_0002.tfc,150,55803,150,55803,0,0,
circuito_aleatorio_0003.tfc,150,47144,150,47144,0,0,
circuito_aleatorio_0004.tfc,150,74986,150,74922,0,64,
circuito_aleatorio_0005.tfc,150,80584,150,80584,0,0,
circuito_aleatorio_0006.tfc,150,61914,150,61914,0,0,
circuito_aleatorio_0007.tfc,150,55420,150,55420,0,0,
circuito_aleatorio_0008.tfc,150,54918,150,54918,0,0,
circuito_aleatorio_0009.tfc,150,55775,150,55775,0,0,
