Nome TFC,GC Original,QC Original,GC Otimizado,QC Otimizado,Diff GC,Diff QC,Observações
circuito_aleatorio_0000.tfc,900,42150,893,42066,7,84,
circuito_aleatorio_0001.tfc,900,46678,892,46425,8,253,
circuito_aleatorio_0002.tfc,900,40920,892,40427,8,493,
circuito_aleatorio_0003.tfc,900,43943,897,43790,3,153,
circuito_aleatorio_0004.tfc,900,43590,893,43348,7,242,
circuito_aleatorio_0005.tfc,900,39037,894,38794,6,243,
circuito_aleatorio_0006.tfc,900,39881,895,39788,5,93,
circuito_aleatorio_0007.tfc,900,41773,891,41590,9,183,
circuito_aleatorio_0008.tfc,900,44429,897,44352,3,77,
circuito_aleatorio_0009.tfc,900,43303,899,42861,1,442,
