Nome TFC,Qtd. Portas,Qtd. Subcircuitos,Tamanho Médio das Janelas,Maior Janela,Menor Janela,Observacao
benchmark_aleatorio_otimos_regras/n9_p900/2024-07-26/benchmark_2024-07-26_circuito_aleatorio_0000.tfc,893,1,893.0,893,893,
benchmark_aleatorio_otimos_regras/n9_p900/2024-07-26/benchmark_2024-07-26_circuito_aleatorio_0001.tfc,892,1,892.0,892,892,
benchmark_aleatorio_otimos_regras/n9_p900/2024-07-26/benchmark_2024-07-26_circuito_aleatorio_0002.tfc,892,1,892.0,892,892,
benchmark_aleatorio_otimos_regras/n9_p900/2024-07-26/benchmark_2024-07-26_circuito_aleatorio_0003.tfc,897,1,897.0,897,897,
benchmark_aleatorio_otimos_regras/n9_p900/2024-07-26/benchmark_2024-07-26_circuito_aleatorio_0004.tfc,893,1,893.0,893,893,
benchmark_aleatorio_otimos_regras/n9_p900/2024-07-26/benchmark_2024-07-26_circuito_aleatorio_0005.tfc,894,1,894.0,894,894,
benchmark_aleatorio_otimos_regras/n9_p900/2024-07-26/benchmark_2024-07-26_circuito_aleatorio_0006.tfc,895,1,895.0,895,895,
benchmark_aleatorio_otimos_regras/n9_p900/2024-07-26/benchmark_2024-07-26_circuito_aleatorio_0007.tfc,891,1,891.0,891,891,
benchmark_aleatorio_otimos_regras/n9_p900/2024-07-26/benchmark_2024-07-26_circuito_aleatorio_0008.tfc,897,1,897.0,897,897,
benchmark_aleatorio_otimos_regras/n9_p900/2024-07-26/benchmark_2024-07-26_circuito_aleatorio_0009.tfc,899,1,899.0,899,899,
