Nome TFC,Qtd. Portas,Qtd. Subcircuitos,Tamanho Médio das Janelas,Maior Janela,Menor Janela,Observacao
benchmark_aleatorio_otimos_regras/n9_p900/circuito_aleatorio_0000.tfc,900,1,900.0,900,900,
benchmark_aleatorio_otimos_regras/n9_p900/circuito_aleatorio_0001.tfc,900,1,900.0,900,900,
benchmark_aleatorio_otimos_regras/n9_p900/circuito_aleatorio_0002.tfc,900,1,900.0,900,900,
benchmark_aleatorio_otimos_regras/n9_p900/circuito_aleatorio_0003.tfc,900,1,900.0,900,900,
benchmark_aleatorio_otimos_regras/n9_p900/circuito_aleatorio_0004.tfc,900,1,900.0,900,900,
benchmark_aleatorio_otimos_regras/n9_p900/circuito_aleatorio_0005.tfc,900,1,900.0,900,900,
benchmark_aleatorio_otimos_regras/n9_p900/circuito_aleatorio_0006.tfc,900,1,900.0,900,900,
benchmark_aleatorio_otimos_regras/n9_p900/circuito_aleatorio_0007.tfc,900,1,900.0,900,900,
benchmark_aleatorio_otimos_regras/n9_p900/circuito_aleatorio_0008.tfc,900,1,900.0,900,900,
benchmark_aleatorio_otimos_regras/n9_p900/circuito_aleatorio_0009.tfc,900,1,900.0,900,900,
