Nome TFC,GC Original,QC Original,GC Otimizado,QC Otimizado,Diff GC,Diff QC,Observações
circuito_aleatorio_0000.tfc,450,47214,450,47162,0,52,
circuito_aleatorio_0001.tfc,450,47519,447,47228,3,291,
circuito_aleatorio_0002.tfc,450,61274,450,61272,0,2,
circuito_aleatorio_0003.tfc,450,50584,450,50536,0,48,
circuito_aleatorio_0004.tfc,450,52922,450,52918,0,4,
circuito_aleatorio_0005.tfc,450,50661,450,50661,0,0,
circuito_aleatorio_0006.tfc,450,52597,450,52597,0,0,
circuito_aleatorio_0007.tfc,450,44414,450,44398,0,16,
circuito_aleatorio_0008.tfc,450,41959,450,41895,0,64,
circuito_aleatorio_0009.tfc,450,44987,450,44908,0,79,
