Nome TFC,GC Original,QC Original,GC Otimizado,QC Otimizado,Diff GC,Diff QC,Observações
circuito_aleatorio_0000.tfc,200,41420,200,41420,0,0,
circuito_aleatorio_0001.tfc,200,58896,200,58896,0,0,
circuito_aleatorio_0002.tfc,200,53626,200,53626,0,0,
circuito_aleatorio_0003.tfc,200,54362,200,54362,0,0,
circuito_aleatorio_0004.tfc,200,65494,200,65494,0,0,
circuito_aleatorio_0005.tfc,200,58572,200,58572,0,0,
circuito_aleatorio_0006.tfc,200,51822,200,51822,0,0,
circuito_aleatorio_0007.tfc,200,41102,200,41102,0,0,
circuito_aleatorio_0008.tfc,200,51212,200,51212,0,0,
circuito_aleatorio_0009.tfc,200,58316,200,58300,0,16,
