Nome TFC,GC Original,QC Original,GC Otimizado,QC Otimizado,Diff GC,Diff QC,Observações
circuito_aleatorio_0000.tfc,650,69243,649,68938,1,305,
circuito_aleatorio_0001.tfc,650,80313,648,80273,2,40,
circuito_aleatorio_0002.tfc,650,76330,650,76282,0,48,
circuito_aleatorio_0003.tfc,650,74068,650,74064,0,4,
circuito_aleatorio_0004.tfc,650,72508,650,72508,0,0,
circuito_aleatorio_0005.tfc,650,63545,650,63529,0,16,
circuito_aleatorio_0006.tfc,650,61771,649,61620,1,151,
circuito_aleatorio_0007.tfc,650,64148,650,64132,0,16,
circuito_aleatorio_0008.tfc,650,72368,649,72315,1,53,
circuito_aleatorio_0009.tfc,650,74469,649,74406,1,63,
