Nome TFC,Qtd. Portas,Qtd. Subcircuitos,Tamanho Médio das Janelas,Maior Janela,Menor Janela,Observacao
benchmark_aleatorio_otimos_regras/n11_p650/2024-07-26/benchmark_2024-07-26_circuito_aleatorio_0000.tfc,649,1,649.0,649,649,
benchmark_aleatorio_otimos_regras/n11_p650/2024-07-26/benchmark_2024-07-26_circuito_aleatorio_0001.tfc,648,1,648.0,648,648,
benchmark_aleatorio_otimos_regras/n11_p650/2024-07-26/benchmark_2024-07-26_circuito_aleatorio_0002.tfc,650,1,650.0,650,650,
benchmark_aleatorio_otimos_regras/n11_p650/2024-07-26/benchmark_2024-07-26_circuito_aleatorio_0003.tfc,650,1,650.0,650,650,
benchmark_aleatorio_otimos_regras/n11_p650/2024-07-26/benchmark_2024-07-26_circuito_aleatorio_0004.tfc,650,1,650.0,650,650,
benchmark_aleatorio_otimos_regras/n11_p650/2024-07-26/benchmark_2024-07-26_circuito_aleatorio_0005.tfc,650,1,650.0,650,650,
benchmark_aleatorio_otimos_regras/n11_p650/2024-07-26/benchmark_2024-07-26_circuito_aleatorio_0006.tfc,649,1,649.0,649,649,
benchmark_aleatorio_otimos_regras/n11_p650/2024-07-26/benchmark_2024-07-26_circuito_aleatorio_0007.tfc,650,1,650.0,650,650,
benchmark_aleatorio_otimos_regras/n11_p650/2024-07-26/benchmark_2024-07-26_circuito_aleatorio_0008.tfc,649,1,649.0,649,649,
benchmark_aleatorio_otimos_regras/n11_p650/2024-07-26/benchmark_2024-07-26_circuito_aleatorio_0009.tfc,649,1,649.0,649,649,
