Nome TFC,GC Original,QC Original,GC Otimizado,QC Otimizado,Diff GC,Diff QC,Observações
circuito_aleatorio_0000.tfc,700,49767,697,49576,3,191,
circuito_aleatorio_0001.tfc,700,54951,698,54881,2,70,
circuito_aleatorio_0002.tfc,700,52049,700,51949,0,100,
circuito_aleatorio_0003.tfc,700,54980,697,54863,3,117,
circuito_aleatorio_0004.tfc,700,52853,700,52762,0,91,
circuito_aleatorio_0005.tfc,700,48563,699,48364,1,199,
circuito_aleatorio_0006.tfc,700,45490,700,45422,0,68,
circuito_aleatorio_0007.tfc,700,47721,697,47555,3,166,
circuito_aleatorio_0008.tfc,700,51545,699,51429,1,116,
circuito_aleatorio_0009.tfc,700,50700,698,50639,2,61,
