Nome TFC,GC Original,QC Original,GC Otimizado,QC Otimizado,Diff GC,Diff QC,Observações
circuito_aleatorio_0000.tfc,200,8225,198,8216,2,9,
circuito_aleatorio_0001.tfc,200,9792,200,9774,0,18,
circuito_aleatorio_0002.tfc,200,10592,198,10578,2,14,
circuito_aleatorio_0003.tfc,200,9574,197,9536,3,38,
circuito_aleatorio_0004.tfc,200,8417,200,8411,0,6,
circuito_aleatorio_0005.tfc,200,10714,199,10701,1,13,
circuito_aleatorio_0006.tfc,200,9524,199,9511,1,13,
circuito_aleatorio_0007.tfc,200,11185,197,11097,3,88,
circuito_aleatorio_0008.tfc,200,10805,197,10667,3,138,
circuito_aleatorio_0009.tfc,200,9470,199,9373,1,97,
