Nome TFC,Qtd. Portas,Qtd. Subcircuitos,Tamanho Médio das Janelas,Maior Janela,Menor Janela,Observacao
benchmark_aleatorio_otimos_regras/n9_p200/2024-07-25/benchmark_2024-07-25_circuito_aleatorio_0000.tfc,198,1,198.0,198,198,
benchmark_aleatorio_otimos_regras/n9_p200/2024-07-25/benchmark_2024-07-25_circuito_aleatorio_0001.tfc,200,1,200.0,200,200,
benchmark_aleatorio_otimos_regras/n9_p200/2024-07-25/benchmark_2024-07-25_circuito_aleatorio_0002.tfc,198,1,198.0,198,198,
benchmark_aleatorio_otimos_regras/n9_p200/2024-07-25/benchmark_2024-07-25_circuito_aleatorio_0003.tfc,197,1,197.0,197,197,
benchmark_aleatorio_otimos_regras/n9_p200/2024-07-25/benchmark_2024-07-25_circuito_aleatorio_0004.tfc,200,1,200.0,200,200,
benchmark_aleatorio_otimos_regras/n9_p200/2024-07-25/benchmark_2024-07-25_circuito_aleatorio_0005.tfc,199,1,199.0,199,199,
benchmark_aleatorio_otimos_regras/n9_p200/2024-07-25/benchmark_2024-07-25_circuito_aleatorio_0006.tfc,199,1,199.0,199,199,
benchmark_aleatorio_otimos_regras/n9_p200/2024-07-25/benchmark_2024-07-25_circuito_aleatorio_0007.tfc,197,1,197.0,197,197,
benchmark_aleatorio_otimos_regras/n9_p200/2024-07-25/benchmark_2024-07-25_circuito_aleatorio_0008.tfc,197,1,197.0,197,197,
benchmark_aleatorio_otimos_regras/n9_p200/2024-07-25/benchmark_2024-07-25_circuito_aleatorio_0009.tfc,199,1,199.0,199,199,
