Nome TFC,GC Original,QC Original,GC Otimizado,QC Otimizado,Diff GC,Diff QC,Observações
circuito_aleatorio_0000.tfc,600,42681,597,42490,3,191,
circuito_aleatorio_0001.tfc,600,44971,598,44929,2,42,
circuito_aleatorio_0002.tfc,600,49839,600,49743,0,96,
circuito_aleatorio_0003.tfc,600,41284,597,41167,3,117,
circuito_aleatorio_0004.tfc,600,48033,600,47976,0,57,
circuito_aleatorio_0005.tfc,600,44466,599,44243,1,223,
circuito_aleatorio_0006.tfc,600,41889,599,41818,1,71,
circuito_aleatorio_0007.tfc,600,37562,600,37514,0,48,
circuito_aleatorio_0008.tfc,600,43271,598,43119,2,152,
circuito_aleatorio_0009.tfc,600,39402,598,39345,2,57,
