Nome TFC,Qtd. Portas,Qtd. Subcircuitos,Tamanho Médio das Janelas,Maior Janela,Menor Janela,Observacao
benchmark_aleatorio_otimos_regras/n10_p600/2024-07-26/benchmark_2024-07-26_circuito_aleatorio_0000.tfc,597,1,597.0,597,597,
benchmark_aleatorio_otimos_regras/n10_p600/2024-07-26/benchmark_2024-07-26_circuito_aleatorio_0001.tfc,598,1,598.0,598,598,
benchmark_aleatorio_otimos_regras/n10_p600/2024-07-26/benchmark_2024-07-26_circuito_aleatorio_0002.tfc,600,1,600.0,600,600,
benchmark_aleatorio_otimos_regras/n10_p600/2024-07-26/benchmark_2024-07-26_circuito_aleatorio_0003.tfc,597,1,597.0,597,597,
benchmark_aleatorio_otimos_regras/n10_p600/2024-07-26/benchmark_2024-07-26_circuito_aleatorio_0004.tfc,600,1,600.0,600,600,
benchmark_aleatorio_otimos_regras/n10_p600/2024-07-26/benchmark_2024-07-26_circuito_aleatorio_0005.tfc,599,1,599.0,599,599,
benchmark_aleatorio_otimos_regras/n10_p600/2024-07-26/benchmark_2024-07-26_circuito_aleatorio_0006.tfc,599,1,599.0,599,599,
benchmark_aleatorio_otimos_regras/n10_p600/2024-07-26/benchmark_2024-07-26_circuito_aleatorio_0007.tfc,600,1,600.0,600,600,
benchmark_aleatorio_otimos_regras/n10_p600/2024-07-26/benchmark_2024-07-26_circuito_aleatorio_0008.tfc,598,1,598.0,598,598,
benchmark_aleatorio_otimos_regras/n10_p600/2024-07-26/benchmark_2024-07-26_circuito_aleatorio_0009.tfc,598,1,598.0,598,598,
