Nome TFC,GC Original,QC Original,GC Otimizado,QC Otimizado,Diff GC,Diff QC,Observações
circuito_aleatorio_0000.tfc,50,2700,50,2700,0,0,
circuito_aleatorio_0001.tfc,50,3702,50,3702,0,0,
circuito_aleatorio_0002.tfc,50,2652,49,2639,1,13,
circuito_aleatorio_0003.tfc,50,4522,50,4518,0,4,
circuito_aleatorio_0004.tfc,50,2811,49,2790,1,21,
circuito_aleatorio_0005.tfc,50,3148,50,3148,0,0,
circuito_aleatorio_0006.tfc,50,3738,50,3738,0,0,
circuito_aleatorio_0007.tfc,50,3384,49,3295,1,89,
circuito_aleatorio_0008.tfc,50,5302,50,5302,0,0,
circuito_aleatorio_0009.tfc,50,3078,50,3078,0,0,
