Nome TFC,Qtd. Portas,Qtd. Subcircuitos,Tamanho Médio das Janelas,Maior Janela,Menor Janela,Observacao
benchmark_aleatorio_otimos_regras/n10_p50/circuito_aleatorio_0000.tfc,50,1,50.0,50,50,
benchmark_aleatorio_otimos_regras/n10_p50/circuito_aleatorio_0001.tfc,50,1,50.0,50,50,
benchmark_aleatorio_otimos_regras/n10_p50/circuito_aleatorio_0002.tfc,50,1,50.0,50,50,
benchmark_aleatorio_otimos_regras/n10_p50/circuito_aleatorio_0003.tfc,50,1,50.0,50,50,
benchmark_aleatorio_otimos_regras/n10_p50/circuito_aleatorio_0004.tfc,50,1,50.0,50,50,
benchmark_aleatorio_otimos_regras/n10_p50/circuito_aleatorio_0005.tfc,50,1,50.0,50,50,
benchmark_aleatorio_otimos_regras/n10_p50/circuito_aleatorio_0006.tfc,50,1,50.0,50,50,
benchmark_aleatorio_otimos_regras/n10_p50/circuito_aleatorio_0007.tfc,50,1,50.0,50,50,
benchmark_aleatorio_otimos_regras/n10_p50/circuito_aleatorio_0008.tfc,50,1,50.0,50,50,
benchmark_aleatorio_otimos_regras/n10_p50/circuito_aleatorio_0009.tfc,50,1,50.0,50,50,
