Nome TFC,GC Original,QC Original,GC Otimizado,QC Otimizado,Diff GC,Diff QC,Observações
circuito_aleatorio_0000.tfc,10,682,10,682,0,0,
circuito_aleatorio_0001.tfc,10,1074,10,1074,0,0,
circuito_aleatorio_0002.tfc,10,770,10,770,0,0,
circuito_aleatorio_0003.tfc,10,946,10,946,0,0,
circuito_aleatorio_0004.tfc,10,532,10,532,0,0,
circuito_aleatorio_0005.tfc,10,1306,10,1302,0,4,
circuito_aleatorio_0006.tfc,10,1234,10,1234,0,0,
circuito_aleatorio_0007.tfc,10,578,10,578,0,0,
circuito_aleatorio_0008.tfc,10,1210,10,1210,0,0,
circuito_aleatorio_0009.tfc,10,996,10,996,0,0,
