Nome TFC,GC Original,QC Original,GC Otimizado,QC Otimizado,Diff GC,Diff QC,Observações
circuito_aleatorio_0000.tfc,900,361647,900,361583,0,64,
circuito_aleatorio_0001.tfc,900,332197,900,332197,0,0,
circuito_aleatorio_0002.tfc,900,329268,900,329268,0,0,
circuito_aleatorio_0003.tfc,900,306132,900,306132,0,0,
circuito_aleatorio_0004.tfc,900,315301,900,315297,0,4,
circuito_aleatorio_0005.tfc,900,338946,900,338946,0,0,
circuito_aleatorio_0006.tfc,900,327659,900,327499,0,160,
circuito_aleatorio_0007.tfc,900,349387,900,349387,0,0,
circuito_aleatorio_0008.tfc,900,352527,900,352527,0,0,
circuito_aleatorio_0009.tfc,900,334130,900,334121,0,9,
