Nome TFC,GC Original,QC Original,GC Otimizado,QC Otimizado,Diff GC,Diff QC,Observações
circuito_aleatorio_0000.tfc,10,363,10,363,0,0,
circuito_aleatorio_0001.tfc,10,331,10,331,0,0,
circuito_aleatorio_0002.tfc,10,460,10,460,0,0,
circuito_aleatorio_0003.tfc,10,482,10,482,0,0,
circuito_aleatorio_0004.tfc,10,304,10,304,0,0,
circuito_aleatorio_0005.tfc,10,280,10,280,0,0,
circuito_aleatorio_0006.tfc,10,502,10,502,0,0,
circuito_aleatorio_0007.tfc,10,552,10,552,0,0,
circuito_aleatorio_0008.tfc,10,578,10,578,0,0,
circuito_aleatorio_0009.tfc,10,306,10,306,0,0,
