Nome TFC,GC Original,QC Original,GC Otimizado,QC Otimizado,Diff GC,Diff QC,Observações
circuito_aleatorio_0000.tfc,850,26122,833,25960,17,162,
circuito_aleatorio_0001.tfc,850,27406,830,26958,20,448,
circuito_aleatorio_0002.tfc,850,27085,832,26860,18,225,
circuito_aleatorio_0003.tfc,850,26514,833,26201,17,313,
circuito_aleatorio_0004.tfc,850,27989,835,27766,15,223,
circuito_aleatorio_0005.tfc,850,25195,836,24960,14,235,
circuito_aleatorio_0006.tfc,850,23941,837,23629,13,312,
circuito_aleatorio_0007.tfc,850,25716,825,25322,25,394,
circuito_aleatorio_0008.tfc,850,23927,830,23628,20,299,
circuito_aleatorio_0009.tfc,850,26419,833,26043,17,376,
