Nome TFC,Qtd. Portas,Qtd. Subcircuitos,Tamanho Médio das Janelas,Maior Janela,Menor Janela,Observacao
benchmark_aleatorio_otimos_regras/n8_p850/2024-07-25/benchmark_2024-07-25_circuito_aleatorio_0000.tfc,833,1,833.0,833,833,
benchmark_aleatorio_otimos_regras/n8_p850/2024-07-25/benchmark_2024-07-25_circuito_aleatorio_0001.tfc,830,1,830.0,830,830,
benchmark_aleatorio_otimos_regras/n8_p850/2024-07-25/benchmark_2024-07-25_circuito_aleatorio_0002.tfc,832,1,832.0,832,832,
benchmark_aleatorio_otimos_regras/n8_p850/2024-07-25/benchmark_2024-07-25_circuito_aleatorio_0003.tfc,833,1,833.0,833,833,
benchmark_aleatorio_otimos_regras/n8_p850/2024-07-25/benchmark_2024-07-25_circuito_aleatorio_0004.tfc,835,1,835.0,835,835,
benchmark_aleatorio_otimos_regras/n8_p850/2024-07-25/benchmark_2024-07-25_circuito_aleatorio_0005.tfc,836,1,836.0,836,836,
benchmark_aleatorio_otimos_regras/n8_p850/2024-07-25/benchmark_2024-07-25_circuito_aleatorio_0006.tfc,837,1,837.0,837,837,
benchmark_aleatorio_otimos_regras/n8_p850/2024-07-25/benchmark_2024-07-25_circuito_aleatorio_0007.tfc,825,1,825.0,825,825,
benchmark_aleatorio_otimos_regras/n8_p850/2024-07-25/benchmark_2024-07-25_circuito_aleatorio_0008.tfc,830,1,830.0,830,830,
benchmark_aleatorio_otimos_regras/n8_p850/2024-07-25/benchmark_2024-07-25_circuito_aleatorio_0009.tfc,833,1,833.0,833,833,
