Nome TFC,GC Original,QC Original,GC Otimizado,QC Otimizado,Diff GC,Diff QC,Observações
circuito_aleatorio_0000.tfc,350,9751,342,9695,8,56,
circuito_aleatorio_0001.tfc,350,11596,342,11540,8,56,
circuito_aleatorio_0002.tfc,350,10161,342,10050,8,111,
circuito_aleatorio_0003.tfc,350,11991,344,11866,6,125,
circuito_aleatorio_0004.tfc,350,12026,342,11756,8,270,
circuito_aleatorio_0005.tfc,350,11775,344,11672,6,103,
circuito_aleatorio_0006.tfc,350,10661,347,10579,3,82,
circuito_aleatorio_0007.tfc,350,10566,339,10414,11,152,
circuito_aleatorio_0008.tfc,350,10153,341,10091,9,62,
circuito_aleatorio_0009.tfc,350,12175,345,12036,5,139,
