Nome TFC,Qtd. Portas,Qtd. Subcircuitos,Tamanho Médio das Janelas,Maior Janela,Menor Janela,Observacao
benchmark_aleatorio_otimos_regras/n8_p350/2024-07-25/benchmark_2024-07-25_circuito_aleatorio_0000.tfc,342,1,342.0,342,342,
benchmark_aleatorio_otimos_regras/n8_p350/2024-07-25/benchmark_2024-07-25_circuito_aleatorio_0001.tfc,342,1,342.0,342,342,
benchmark_aleatorio_otimos_regras/n8_p350/2024-07-25/benchmark_2024-07-25_circuito_aleatorio_0002.tfc,342,1,342.0,342,342,
benchmark_aleatorio_otimos_regras/n8_p350/2024-07-25/benchmark_2024-07-25_circuito_aleatorio_0003.tfc,344,1,344.0,344,344,
benchmark_aleatorio_otimos_regras/n8_p350/2024-07-25/benchmark_2024-07-25_circuito_aleatorio_0004.tfc,342,1,342.0,342,342,
benchmark_aleatorio_otimos_regras/n8_p350/2024-07-25/benchmark_2024-07-25_circuito_aleatorio_0005.tfc,344,1,344.0,344,344,
benchmark_aleatorio_otimos_regras/n8_p350/2024-07-25/benchmark_2024-07-25_circuito_aleatorio_0006.tfc,347,1,347.0,347,347,
benchmark_aleatorio_otimos_regras/n8_p350/2024-07-25/benchmark_2024-07-25_circuito_aleatorio_0007.tfc,339,1,339.0,339,339,
benchmark_aleatorio_otimos_regras/n8_p350/2024-07-25/benchmark_2024-07-25_circuito_aleatorio_0008.tfc,341,1,341.0,341,341,
benchmark_aleatorio_otimos_regras/n8_p350/2024-07-25/benchmark_2024-07-25_circuito_aleatorio_0009.tfc,345,1,345.0,345,345,
