Nome TFC,GC Original,QC Original,GC Otimizado,QC Otimizado,Diff GC,Diff QC,Observações
circuito_aleatorio_0000.tfc,350,122497,350,122497,0,0,
circuito_aleatorio_0001.tfc,350,130775,350,130711,0,64,
circuito_aleatorio_0002.tfc,350,170289,350,170289,0,0,
circuito_aleatorio_0003.tfc,350,126517,350,126517,0,0,
circuito_aleatorio_0004.tfc,350,126319,350,126319,0,0,
circuito_aleatorio_0005.tfc,350,140745,350,140745,0,0,
circuito_aleatorio_0006.tfc,350,126640,350,126640,0,0,
circuito_aleatorio_0007.tfc,350,117430,350,117430,0,0,
circuito_aleatorio_0008.tfc,350,105103,350,105103,0,0,
circuito_aleatorio_0009.tfc,350,122969,350,122969,0,0,
