Nome TFC,GC Original,QC Original,GC Otimizado,QC Otimizado,Diff GC,Diff QC,Observações
circuito_aleatorio_0000.tfc,350,87676,350,87676,0,0,
circuito_aleatorio_0001.tfc,350,88186,350,88186,0,0,
circuito_aleatorio_0002.tfc,350,113412,350,113412,0,0,
circuito_aleatorio_0003.tfc,350,94918,350,94918,0,0,
circuito_aleatorio_0004.tfc,350,78300,350,78300,0,0,
circuito_aleatorio_0005.tfc,350,99172,350,99156,0,16,
circuito_aleatorio_0006.tfc,350,84989,350,84989,0,0,
circuito_aleatorio_0007.tfc,350,84910,350,84910,0,0,
circuito_aleatorio_0008.tfc,350,81925,350,81925,0,0,
circuito_aleatorio_0009.tfc,350,68389,350,68389,0,0,
