Nome TFC,Qtd. Portas,Qtd. Subcircuitos,Tamanho Médio das Janelas,Maior Janela,Menor Janela,Observacao
benchmark_aleatorio_otimos_regras/n13_p350/2024-07-26/benchmark_2024-07-26_circuito_aleatorio_0000.tfc,350,1,350.0,350,350,
benchmark_aleatorio_otimos_regras/n13_p350/2024-07-26/benchmark_2024-07-26_circuito_aleatorio_0001.tfc,350,1,350.0,350,350,
benchmark_aleatorio_otimos_regras/n13_p350/2024-07-26/benchmark_2024-07-26_circuito_aleatorio_0002.tfc,350,1,350.0,350,350,
benchmark_aleatorio_otimos_regras/n13_p350/2024-07-26/benchmark_2024-07-26_circuito_aleatorio_0003.tfc,350,1,350.0,350,350,
benchmark_aleatorio_otimos_regras/n13_p350/2024-07-26/benchmark_2024-07-26_circuito_aleatorio_0004.tfc,350,1,350.0,350,350,
benchmark_aleatorio_otimos_regras/n13_p350/2024-07-26/benchmark_2024-07-26_circuito_aleatorio_0005.tfc,350,1,350.0,350,350,
benchmark_aleatorio_otimos_regras/n13_p350/2024-07-26/benchmark_2024-07-26_circuito_aleatorio_0006.tfc,350,1,350.0,350,350,
benchmark_aleatorio_otimos_regras/n13_p350/2024-07-26/benchmark_2024-07-26_circuito_aleatorio_0007.tfc,350,1,350.0,350,350,
benchmark_aleatorio_otimos_regras/n13_p350/2024-07-26/benchmark_2024-07-26_circuito_aleatorio_0008.tfc,350,1,350.0,350,350,
benchmark_aleatorio_otimos_regras/n13_p350/2024-07-26/benchmark_2024-07-26_circuito_aleatorio_0009.tfc,350,1,350.0,350,350,
