Nome TFC,GC Original,QC Original,GC Otimizado,QC Otimizado,Diff GC,Diff QC,Observações
circuito_aleatorio_0000.tfc,100,12588,100,12588,0,0,
circuito_aleatorio_0001.tfc,100,15386,100,15386,0,0,
circuito_aleatorio_0002.tfc,100,14699,100,14699,0,0,
circuito_aleatorio_0003.tfc,100,21196,100,21196,0,0,
circuito_aleatorio_0004.tfc,100,19128,100,19128,0,0,
circuito_aleatorio_0005.tfc,100,17780,99,17751,1,29,
circuito_aleatorio_0006.tfc,100,13199,100,13199,0,0,
circuito_aleatorio_0007.tfc,100,17954,100,17954,0,0,
circuito_aleatorio_0008.tfc,100,22109,99,22108,1,1,
circuito_aleatorio_0009.tfc,100,18016,100,18016,0,0,
