Nome TFC,GC Original,QC Original,GC Otimizado,QC Otimizado,Diff GC,Diff QC,Observações
circuito_aleatorio_0000.tfc,50,2700,169,70977,-119,-68277,
circuito_aleatorio_0001.tfc,50,3702,202,87700,-152,-83998,
circuito_aleatorio_0002.tfc,50,2652,200,84442,-150,-81790,
circuito_aleatorio_0003.tfc,50,4522,206,96481,-156,-91959,
circuito_aleatorio_0004.tfc,50,2811,198,86455,-148,-83644,
circuito_aleatorio_0005.tfc,50,3148,199,80897,-149,-77749,
circuito_aleatorio_0006.tfc,50,3738,188,72263,-138,-68525,
circuito_aleatorio_0007.tfc,50,3384,200,89846,-150,-86462,
circuito_aleatorio_0008.tfc,50,5302,204,86364,-154,-81062,
circuito_aleatorio_0009.tfc,50,3078,200,87276,-150,-84198,
