Nome TFC,Qtd. Portas,Qtd. Subcircuitos,Tamanho Médio das Janelas,Maior Janela,Menor Janela,Observacao
benchmark_aleatorio_reed/n10_p50/2024-07-27/benchmark_2024-07-27_circuito_aleatorio_0000.tfc,169,1,169.0,169,169,
benchmark_aleatorio_reed/n10_p50/2024-07-27/benchmark_2024-07-27_circuito_aleatorio_0001.tfc,202,1,202.0,202,202,
benchmark_aleatorio_reed/n10_p50/2024-07-27/benchmark_2024-07-27_circuito_aleatorio_0002.tfc,200,1,200.0,200,200,
benchmark_aleatorio_reed/n10_p50/2024-07-27/benchmark_2024-07-27_circuito_aleatorio_0003.tfc,206,1,206.0,206,206,
benchmark_aleatorio_reed/n10_p50/2024-07-27/benchmark_2024-07-27_circuito_aleatorio_0004.tfc,198,1,198.0,198,198,
benchmark_aleatorio_reed/n10_p50/2024-07-27/benchmark_2024-07-27_circuito_aleatorio_0005.tfc,199,1,199.0,199,199,
benchmark_aleatorio_reed/n10_p50/2024-07-27/benchmark_2024-07-27_circuito_aleatorio_0006.tfc,188,1,188.0,188,188,
benchmark_aleatorio_reed/n10_p50/2024-07-27/benchmark_2024-07-27_circuito_aleatorio_0007.tfc,200,1,200.0,200,200,
benchmark_aleatorio_reed/n10_p50/2024-07-27/benchmark_2024-07-27_circuito_aleatorio_0008.tfc,204,1,204.0,204,204,
benchmark_aleatorio_reed/n10_p50/2024-07-27/benchmark_2024-07-27_circuito_aleatorio_0009.tfc,200,1,200.0,200,200,
