Nome TFC,GC Original,QC Original,GC Otimizado,QC Otimizado,Diff GC,Diff QC,Observações
circuito_aleatorio_0000.tfc,650,46107,200,82838,450,-36731,
circuito_aleatorio_0001.tfc,650,50032,203,91069,447,-41037,
circuito_aleatorio_0002.tfc,650,49858,202,86888,448,-37030,
circuito_aleatorio_0003.tfc,650,48523,200,90158,450,-41635,
circuito_aleatorio_0004.tfc,650,49910,178,82896,472,-32986,
circuito_aleatorio_0005.tfc,650,47313,207,90241,443,-42928,
circuito_aleatorio_0006.tfc,650,42802,182,77820,468,-35018,
circuito_aleatorio_0007.tfc,650,45036,197,84953,453,-39917,
circuito_aleatorio_0008.tfc,650,43116,164,78286,486,-35170,
circuito_aleatorio_0009.tfc,650,49196,218,96904,432,-47708,
