Nome TFC,Qtd. Portas,Qtd. Subcircuitos,Tamanho Médio das Janelas,Maior Janela,Menor Janela,Observacao
benchmark_aleatorio_reed/n10_p650/2024-07-27/benchmark_2024-07-27_circuito_aleatorio_0000.tfc,200,1,200.0,200,200,
benchmark_aleatorio_reed/n10_p650/2024-07-27/benchmark_2024-07-27_circuito_aleatorio_0001.tfc,203,1,203.0,203,203,
benchmark_aleatorio_reed/n10_p650/2024-07-27/benchmark_2024-07-27_circuito_aleatorio_0002.tfc,202,1,202.0,202,202,
benchmark_aleatorio_reed/n10_p650/2024-07-27/benchmark_2024-07-27_circuito_aleatorio_0003.tfc,200,1,200.0,200,200,
benchmark_aleatorio_reed/n10_p650/2024-07-27/benchmark_2024-07-27_circuito_aleatorio_0004.tfc,178,1,178.0,178,178,
benchmark_aleatorio_reed/n10_p650/2024-07-27/benchmark_2024-07-27_circuito_aleatorio_0005.tfc,207,1,207.0,207,207,
benchmark_aleatorio_reed/n10_p650/2024-07-27/benchmark_2024-07-27_circuito_aleatorio_0006.tfc,182,1,182.0,182,182,
benchmark_aleatorio_reed/n10_p650/2024-07-27/benchmark_2024-07-27_circuito_aleatorio_0007.tfc,197,1,197.0,197,197,
benchmark_aleatorio_reed/n10_p650/2024-07-27/benchmark_2024-07-27_circuito_aleatorio_0008.tfc,164,1,164.0,164,164,
benchmark_aleatorio_reed/n10_p650/2024-07-27/benchmark_2024-07-27_circuito_aleatorio_0009.tfc,218,1,218.0,218,218,
