Nome TFC,GC Original,QC Original,GC Otimizado,QC Otimizado,Diff GC,Diff QC,Observações
circuito_aleatorio_0000.tfc,10,466,10,466,0,0,
circuito_aleatorio_0001.tfc,10,466,10,466,0,0,
circuito_aleatorio_0002.tfc,10,528,10,528,0,0,
circuito_aleatorio_0003.tfc,10,916,10,916,0,0,
circuito_aleatorio_0004.tfc,10,324,10,324,0,0,
circuito_aleatorio_0005.tfc,10,652,10,652,0,0,
circuito_aleatorio_0006.tfc,10,922,10,922,0,0,
circuito_aleatorio_0007.tfc,10,754,10,754,0,0,
circuito_aleatorio_0008.tfc,10,554,10,554,0,0,
circuito_aleatorio_0009.tfc,10,820,10,820,0,0,
