Nome TFC,Qtd. Portas,Qtd. Subcircuitos,Tamanho Médio das Janelas,Maior Janela,Menor Janela,Observacao
benchmark_aleatorio_otimos_regras/n10_p10/2024-07-26/benchmark_2024-07-26_circuito_aleatorio_0000.tfc,10,1,10.0,10,10,
benchmark_aleatorio_otimos_regras/n10_p10/2024-07-26/benchmark_2024-07-26_circuito_aleatorio_0001.tfc,10,1,10.0,10,10,
benchmark_aleatorio_otimos_regras/n10_p10/2024-07-26/benchmark_2024-07-26_circuito_aleatorio_0002.tfc,10,1,10.0,10,10,
benchmark_aleatorio_otimos_regras/n10_p10/2024-07-26/benchmark_2024-07-26_circuito_aleatorio_0003.tfc,10,1,10.0,10,10,
benchmark_aleatorio_otimos_regras/n10_p10/2024-07-26/benchmark_2024-07-26_circuito_aleatorio_0004.tfc,10,1,10.0,10,10,
benchmark_aleatorio_otimos_regras/n10_p10/2024-07-26/benchmark_2024-07-26_circuito_aleatorio_0005.tfc,10,1,10.0,10,10,
benchmark_aleatorio_otimos_regras/n10_p10/2024-07-26/benchmark_2024-07-26_circuito_aleatorio_0006.tfc,10,1,10.0,10,10,
benchmark_aleatorio_otimos_regras/n10_p10/2024-07-26/benchmark_2024-07-26_circuito_aleatorio_0007.tfc,10,1,10.0,10,10,
benchmark_aleatorio_otimos_regras/n10_p10/2024-07-26/benchmark_2024-07-26_circuito_aleatorio_0008.tfc,10,1,10.0,10,10,
benchmark_aleatorio_otimos_regras/n10_p10/2024-07-26/benchmark_2024-07-26_circuito_aleatorio_0009.tfc,10,1,10.0,10,10,
