Nome TFC,GC Original,QC Original,GC Otimizado,QC Otimizado,Diff GC,Diff QC,Observações
circuito_aleatorio_0000.tfc,350,23273,201,88971,149,-65698,
circuito_aleatorio_0001.tfc,350,26494,206,89401,144,-62907,
circuito_aleatorio_0002.tfc,350,25759,173,80093,177,-54334,
circuito_aleatorio_0003.tfc,350,29192,168,83686,182,-54494,
circuito_aleatorio_0004.tfc,350,28791,203,92859,147,-64068,
circuito_aleatorio_0005.tfc,350,23258,191,75777,159,-52519,
circuito_aleatorio_0006.tfc,350,25233,207,85019,143,-59786,
circuito_aleatorio_0007.tfc,350,29747,183,79187,167,-49440,
circuito_aleatorio_0008.tfc,350,24565,189,82937,161,-58372,
circuito_aleatorio_0009.tfc,350,28288,203,88741,147,-60453,
