Nome TFC,Qtd. Portas,Qtd. Subcircuitos,Tamanho Médio das Janelas,Maior Janela,Menor Janela,Observacao
benchmark_aleatorio_reed/n10_p350/2024-07-27/benchmark_2024-07-27_circuito_aleatorio_0000.tfc,201,1,201.0,201,201,
benchmark_aleatorio_reed/n10_p350/2024-07-27/benchmark_2024-07-27_circuito_aleatorio_0001.tfc,206,1,206.0,206,206,
benchmark_aleatorio_reed/n10_p350/2024-07-27/benchmark_2024-07-27_circuito_aleatorio_0002.tfc,173,1,173.0,173,173,
benchmark_aleatorio_reed/n10_p350/2024-07-27/benchmark_2024-07-27_circuito_aleatorio_0003.tfc,168,1,168.0,168,168,
benchmark_aleatorio_reed/n10_p350/2024-07-27/benchmark_2024-07-27_circuito_aleatorio_0004.tfc,203,1,203.0,203,203,
benchmark_aleatorio_reed/n10_p350/2024-07-27/benchmark_2024-07-27_circuito_aleatorio_0005.tfc,191,1,191.0,191,191,
benchmark_aleatorio_reed/n10_p350/2024-07-27/benchmark_2024-07-27_circuito_aleatorio_0006.tfc,207,1,207.0,207,207,
benchmark_aleatorio_reed/n10_p350/2024-07-27/benchmark_2024-07-27_circuito_aleatorio_0007.tfc,183,1,183.0,183,183,
benchmark_aleatorio_reed/n10_p350/2024-07-27/benchmark_2024-07-27_circuito_aleatorio_0008.tfc,189,1,189.0,189,189,
benchmark_aleatorio_reed/n10_p350/2024-07-27/benchmark_2024-07-27_circuito_aleatorio_0009.tfc,203,1,203.0,203,203,
