Nome TFC,GC Original,QC Original,GC Otimizado,QC Otimizado,Diff GC,Diff QC,Observações
circuito_aleatorio_0000.tfc,800,24575,783,24430,17,145,
circuito_aleatorio_0001.tfc,800,25318,783,25006,17,312,
circuito_aleatorio_0002.tfc,800,26804,788,26462,12,342,
circuito_aleatorio_0003.tfc,800,24171,779,23953,21,218,
circuito_aleatorio_0004.tfc,800,25606,785,25324,15,282,
circuito_aleatorio_0005.tfc,800,24434,787,24175,13,259,
circuito_aleatorio_0006.tfc,800,23558,785,23382,15,176,
circuito_aleatorio_0007.tfc,800,23403,782,23026,18,377,
circuito_aleatorio_0008.tfc,800,23408,776,23074,24,334,
circuito_aleatorio_0009.tfc,800,22910,789,22671,11,239,
