Nome TFC,Qtd. Portas,Qtd. Subcircuitos,Tamanho Médio das Janelas,Maior Janela,Menor Janela,Observacao
benchmark_aleatorio_otimos_regras/n8_p800/2024-07-25/benchmark_2024-07-25_circuito_aleatorio_0000.tfc,783,1,783.0,783,783,
benchmark_aleatorio_otimos_regras/n8_p800/2024-07-25/benchmark_2024-07-25_circuito_aleatorio_0001.tfc,783,1,783.0,783,783,
benchmark_aleatorio_otimos_regras/n8_p800/2024-07-25/benchmark_2024-07-25_circuito_aleatorio_0002.tfc,788,1,788.0,788,788,
benchmark_aleatorio_otimos_regras/n8_p800/2024-07-25/benchmark_2024-07-25_circuito_aleatorio_0003.tfc,779,1,779.0,779,779,
benchmark_aleatorio_otimos_regras/n8_p800/2024-07-25/benchmark_2024-07-25_circuito_aleatorio_0004.tfc,785,1,785.0,785,785,
benchmark_aleatorio_otimos_regras/n8_p800/2024-07-25/benchmark_2024-07-25_circuito_aleatorio_0005.tfc,787,1,787.0,787,787,
benchmark_aleatorio_otimos_regras/n8_p800/2024-07-25/benchmark_2024-07-25_circuito_aleatorio_0006.tfc,785,1,785.0,785,785,
benchmark_aleatorio_otimos_regras/n8_p800/2024-07-25/benchmark_2024-07-25_circuito_aleatorio_0007.tfc,782,1,782.0,782,782,
benchmark_aleatorio_otimos_regras/n8_p800/2024-07-25/benchmark_2024-07-25_circuito_aleatorio_0008.tfc,776,1,776.0,776,776,
benchmark_aleatorio_otimos_regras/n8_p800/2024-07-25/benchmark_2024-07-25_circuito_aleatorio_0009.tfc,789,1,789.0,789,789,
