Nome TFC,GC Original,QC Original,GC Otimizado,QC Otimizado,Diff GC,Diff QC,Observações
circuito_aleatorio_0000.tfc,200,13576,216,94790,-16,-81214,
circuito_aleatorio_0001.tfc,200,13081,191,83105,9,-70024,
circuito_aleatorio_0002.tfc,200,16024,192,85649,8,-69625,
circuito_aleatorio_0003.tfc,200,12882,211,95531,-11,-82649,
circuito_aleatorio_0004.tfc,200,13912,190,84666,10,-70754,
circuito_aleatorio_0005.tfc,200,18177,196,81658,4,-63481,
circuito_aleatorio_0006.tfc,200,17066,199,88925,1,-71859,
circuito_aleatorio_0007.tfc,200,17785,191,87307,9,-69522,
circuito_aleatorio_0008.tfc,200,14988,216,92316,-16,-77328,
circuito_aleatorio_0009.tfc,200,12075,201,92555,-1,-80480,
