Nome TFC,Qtd. Portas,Qtd. Subcircuitos,Tamanho Médio das Janelas,Maior Janela,Menor Janela,Observacao
benchmark_aleatorio_reed/n10_p200/2024-07-27/benchmark_2024-07-27_circuito_aleatorio_0000.tfc,216,1,216.0,216,216,
benchmark_aleatorio_reed/n10_p200/2024-07-27/benchmark_2024-07-27_circuito_aleatorio_0001.tfc,191,1,191.0,191,191,
benchmark_aleatorio_reed/n10_p200/2024-07-27/benchmark_2024-07-27_circuito_aleatorio_0002.tfc,192,1,192.0,192,192,
benchmark_aleatorio_reed/n10_p200/2024-07-27/benchmark_2024-07-27_circuito_aleatorio_0003.tfc,211,1,211.0,211,211,
benchmark_aleatorio_reed/n10_p200/2024-07-27/benchmark_2024-07-27_circuito_aleatorio_0004.tfc,190,1,190.0,190,190,
benchmark_aleatorio_reed/n10_p200/2024-07-27/benchmark_2024-07-27_circuito_aleatorio_0005.tfc,196,1,196.0,196,196,
benchmark_aleatorio_reed/n10_p200/2024-07-27/benchmark_2024-07-27_circuito_aleatorio_0006.tfc,199,1,199.0,199,199,
benchmark_aleatorio_reed/n10_p200/2024-07-27/benchmark_2024-07-27_circuito_aleatorio_0007.tfc,191,1,191.0,191,191,
benchmark_aleatorio_reed/n10_p200/2024-07-27/benchmark_2024-07-27_circuito_aleatorio_0008.tfc,216,1,216.0,216,216,
benchmark_aleatorio_reed/n10_p200/2024-07-27/benchmark_2024-07-27_circuito_aleatorio_0009.tfc,201,1,201.0,201,201,
