Nome TFC,GC Original,QC Original,GC Otimizado,QC Otimizado,Diff GC,Diff QC,Observações
circuito_aleatorio_0000.tfc,300,19535,298,19497,2,38,
circuito_aleatorio_0001.tfc,300,23146,299,22993,1,153,
circuito_aleatorio_0002.tfc,300,19006,300,19006,0,0,
circuito_aleatorio_0003.tfc,300,25965,298,25923,2,42,
circuito_aleatorio_0004.tfc,300,26720,300,26660,0,60,
circuito_aleatorio_0005.tfc,300,23119,300,23083,0,36,
circuito_aleatorio_0006.tfc,300,19276,300,19244,0,32,
circuito_aleatorio_0007.tfc,300,22008,297,21923,3,85,
circuito_aleatorio_0008.tfc,300,25009,300,24977,0,32,
circuito_aleatorio_0009.tfc,300,23024,300,22999,0,25,
