Nome TFC,GC Original,QC Original,GC Otimizado,QC Otimizado,Diff GC,Diff QC,Observações
circuito_aleatorio_0000.tfc,200,19790,200,19786,0,4,
circuito_aleatorio_0001.tfc,200,22809,200,22761,0,48,
circuito_aleatorio_0002.tfc,200,21464,199,21211,1,253,
circuito_aleatorio_0003.tfc,200,18414,199,18381,1,33,
circuito_aleatorio_0004.tfc,200,28421,199,28416,1,5,
circuito_aleatorio_0005.tfc,200,25461,200,25459,0,2,
circuito_aleatorio_0006.tfc,200,26254,200,26254,0,0,
circuito_aleatorio_0007.tfc,200,24426,200,24410,0,16,
circuito_aleatorio_0008.tfc,200,19552,200,19520,0,32,
circuito_aleatorio_0009.tfc,200,24681,200,24681,0,0,
