Nome TFC,Qtd. Portas,Qtd. Subcircuitos,Tamanho Médio das Janelas,Maior Janela,Menor Janela,Observacao
benchmark_aleatorio_otimos_regras/n11_p200/2024-07-26/benchmark_2024-07-26_circuito_aleatorio_0000.tfc,200,1,200.0,200,200,
benchmark_aleatorio_otimos_regras/n11_p200/2024-07-26/benchmark_2024-07-26_circuito_aleatorio_0001.tfc,200,1,200.0,200,200,
benchmark_aleatorio_otimos_regras/n11_p200/2024-07-26/benchmark_2024-07-26_circuito_aleatorio_0002.tfc,199,1,199.0,199,199,
benchmark_aleatorio_otimos_regras/n11_p200/2024-07-26/benchmark_2024-07-26_circuito_aleatorio_0003.tfc,199,1,199.0,199,199,
benchmark_aleatorio_otimos_regras/n11_p200/2024-07-26/benchmark_2024-07-26_circuito_aleatorio_0004.tfc,199,1,199.0,199,199,
benchmark_aleatorio_otimos_regras/n11_p200/2024-07-26/benchmark_2024-07-26_circuito_aleatorio_0005.tfc,200,1,200.0,200,200,
benchmark_aleatorio_otimos_regras/n11_p200/2024-07-26/benchmark_2024-07-26_circuito_aleatorio_0006.tfc,200,1,200.0,200,200,
benchmark_aleatorio_otimos_regras/n11_p200/2024-07-26/benchmark_2024-07-26_circuito_aleatorio_0007.tfc,200,1,200.0,200,200,
benchmark_aleatorio_otimos_regras/n11_p200/2024-07-26/benchmark_2024-07-26_circuito_aleatorio_0008.tfc,200,1,200.0,200,200,
benchmark_aleatorio_otimos_regras/n11_p200/2024-07-26/benchmark_2024-07-26_circuito_aleatorio_0009.tfc,200,1,200.0,200,200,
