Nome TFC,GC Original,QC Original,GC Otimizado,QC Otimizado,Diff GC,Diff QC,Observações
circuito_aleatorio_0000.tfc,250,16387,193,82464,57,-66077,
circuito_aleatorio_0001.tfc,250,18650,187,91315,63,-72665,
circuito_aleatorio_0002.tfc,250,18168,199,96205,51,-78037,
circuito_aleatorio_0003.tfc,250,16270,208,90958,42,-74688,
circuito_aleatorio_0004.tfc,250,22292,195,85628,55,-63336,
circuito_aleatorio_0005.tfc,250,22605,184,85227,66,-62622,
circuito_aleatorio_0006.tfc,250,19137,192,83245,58,-64108,
circuito_aleatorio_0007.tfc,250,16057,210,92793,40,-76736,
circuito_aleatorio_0008.tfc,250,18502,195,90833,55,-72331,
circuito_aleatorio_0009.tfc,250,18927,182,91570,68,-72643,
