Nome TFC,Qtd. Portas,Qtd. Subcircuitos,Tamanho Médio das Janelas,Maior Janela,Menor Janela,Observacao
benchmark_aleatorio_reed/n10_p250/2024-07-27/benchmark_2024-07-27_circuito_aleatorio_0000.tfc,193,1,193.0,193,193,
benchmark_aleatorio_reed/n10_p250/2024-07-27/benchmark_2024-07-27_circuito_aleatorio_0001.tfc,187,1,187.0,187,187,
benchmark_aleatorio_reed/n10_p250/2024-07-27/benchmark_2024-07-27_circuito_aleatorio_0002.tfc,199,1,199.0,199,199,
benchmark_aleatorio_reed/n10_p250/2024-07-27/benchmark_2024-07-27_circuito_aleatorio_0003.tfc,208,1,208.0,208,208,
benchmark_aleatorio_reed/n10_p250/2024-07-27/benchmark_2024-07-27_circuito_aleatorio_0004.tfc,195,1,195.0,195,195,
benchmark_aleatorio_reed/n10_p250/2024-07-27/benchmark_2024-07-27_circuito_aleatorio_0005.tfc,184,1,184.0,184,184,
benchmark_aleatorio_reed/n10_p250/2024-07-27/benchmark_2024-07-27_circuito_aleatorio_0006.tfc,192,1,192.0,192,192,
benchmark_aleatorio_reed/n10_p250/2024-07-27/benchmark_2024-07-27_circuito_aleatorio_0007.tfc,210,1,210.0,210,210,
benchmark_aleatorio_reed/n10_p250/2024-07-27/benchmark_2024-07-27_circuito_aleatorio_0008.tfc,195,1,195.0,195,195,
benchmark_aleatorio_reed/n10_p250/2024-07-27/benchmark_2024-07-27_circuito_aleatorio_0009.tfc,182,1,182.0,182,182,
