Nome TFC,GC Original,QC Original,GC Otimizado,QC Otimizado,Diff GC,Diff QC,Observações
circuito_aleatorio_0000.tfc,250,7070,244,7013,6,57,
circuito_aleatorio_0001.tfc,250,7659,248,7654,2,5,
circuito_aleatorio_0002.tfc,250,8623,242,8565,8,58,
circuito_aleatorio_0003.tfc,250,6916,245,6841,5,75,
circuito_aleatorio_0004.tfc,250,7504,242,7351,8,153,
circuito_aleatorio_0005.tfc,250,9135,246,9083,4,52,
circuito_aleatorio_0006.tfc,250,8618,245,8400,5,218,
circuito_aleatorio_0007.tfc,250,8813,246,8736,4,77,
circuito_aleatorio_0008.tfc,250,7595,247,7517,3,78,
circuito_aleatorio_0009.tfc,250,7180,242,7134,8,46,
