Nome TFC,Qtd. Portas,Qtd. Subcircuitos,Tamanho Médio das Janelas,Maior Janela,Menor Janela,Observacao
benchmark_aleatorio_otimos_regras/n8_p250/2024-07-25/benchmark_2024-07-25_circuito_aleatorio_0000.tfc,244,1,244.0,244,244,
benchmark_aleatorio_otimos_regras/n8_p250/2024-07-25/benchmark_2024-07-25_circuito_aleatorio_0001.tfc,248,1,248.0,248,248,
benchmark_aleatorio_otimos_regras/n8_p250/2024-07-25/benchmark_2024-07-25_circuito_aleatorio_0002.tfc,242,1,242.0,242,242,
benchmark_aleatorio_otimos_regras/n8_p250/2024-07-25/benchmark_2024-07-25_circuito_aleatorio_0003.tfc,245,1,245.0,245,245,
benchmark_aleatorio_otimos_regras/n8_p250/2024-07-25/benchmark_2024-07-25_circuito_aleatorio_0004.tfc,242,1,242.0,242,242,
benchmark_aleatorio_otimos_regras/n8_p250/2024-07-25/benchmark_2024-07-25_circuito_aleatorio_0005.tfc,246,1,246.0,246,246,
benchmark_aleatorio_otimos_regras/n8_p250/2024-07-25/benchmark_2024-07-25_circuito_aleatorio_0006.tfc,245,1,245.0,245,245,
benchmark_aleatorio_otimos_regras/n8_p250/2024-07-25/benchmark_2024-07-25_circuito_aleatorio_0007.tfc,246,1,246.0,246,246,
benchmark_aleatorio_otimos_regras/n8_p250/2024-07-25/benchmark_2024-07-25_circuito_aleatorio_0008.tfc,247,1,247.0,247,247,
benchmark_aleatorio_otimos_regras/n8_p250/2024-07-25/benchmark_2024-07-25_circuito_aleatorio_0009.tfc,242,1,242.0,242,242,
