Nome TFC,GC Original,QC Original,GC Otimizado,QC Otimizado,Diff GC,Diff QC,Observações
circuito_aleatorio_0000.tfc,850,143663,849,143634,1,29,
circuito_aleatorio_0001.tfc,850,154337,849,154183,1,154,
circuito_aleatorio_0002.tfc,850,142798,850,142798,0,0,
circuito_aleatorio_0003.tfc,850,145600,849,145587,1,13,
circuito_aleatorio_0004.tfc,850,118199,849,118186,1,13,
circuito_aleatorio_0005.tfc,850,128180,849,128143,1,37,
circuito_aleatorio_0006.tfc,850,155772,850,155756,0,16,
circuito_aleatorio_0007.tfc,850,142054,850,142054,0,0,
circuito_aleatorio_0008.tfc,850,143895,849,143874,1,21,
circuito_aleatorio_0009.tfc,850,145190,850,145150,0,40,
