Nome TFC,Qtd. Portas,Qtd. Subcircuitos,Tamanho Médio das Janelas,Maior Janela,Menor Janela,Observacao
benchmark_aleatorio_otimos_regras/n12_p850/2024-07-26/benchmark_2024-07-26_circuito_aleatorio_0000.tfc,849,1,849.0,849,849,
benchmark_aleatorio_otimos_regras/n12_p850/2024-07-26/benchmark_2024-07-26_circuito_aleatorio_0001.tfc,849,1,849.0,849,849,
benchmark_aleatorio_otimos_regras/n12_p850/2024-07-26/benchmark_2024-07-26_circuito_aleatorio_0002.tfc,850,1,850.0,850,850,
benchmark_aleatorio_otimos_regras/n12_p850/2024-07-26/benchmark_2024-07-26_circuito_aleatorio_0003.tfc,849,1,849.0,849,849,
benchmark_aleatorio_otimos_regras/n12_p850/2024-07-26/benchmark_2024-07-26_circuito_aleatorio_0004.tfc,849,1,849.0,849,849,
benchmark_aleatorio_otimos_regras/n12_p850/2024-07-26/benchmark_2024-07-26_circuito_aleatorio_0005.tfc,849,1,849.0,849,849,
benchmark_aleatorio_otimos_regras/n12_p850/2024-07-26/benchmark_2024-07-26_circuito_aleatorio_0006.tfc,850,1,850.0,850,850,
benchmark_aleatorio_otimos_regras/n12_p850/2024-07-26/benchmark_2024-07-26_circuito_aleatorio_0007.tfc,850,1,850.0,850,850,
benchmark_aleatorio_otimos_regras/n12_p850/2024-07-26/benchmark_2024-07-26_circuito_aleatorio_0008.tfc,849,1,849.0,849,849,
benchmark_aleatorio_otimos_regras/n12_p850/2024-07-26/benchmark_2024-07-26_circuito_aleatorio_0009.tfc,850,1,850.0,850,850,
