Nome TFC,GC Original,QC Original,GC Otimizado,QC Otimizado,Diff GC,Diff QC,Observações
circuito_aleatorio_0000.tfc,250,11163,248,11154,2,9,
circuito_aleatorio_0001.tfc,250,12322,250,12304,0,18,
circuito_aleatorio_0002.tfc,250,12283,247,12240,3,43,
circuito_aleatorio_0003.tfc,250,10832,248,10817,2,15,
circuito_aleatorio_0004.tfc,250,13572,249,13559,1,13,
circuito_aleatorio_0005.tfc,250,12689,248,12673,2,16,
circuito_aleatorio_0006.tfc,250,13597,247,13440,3,157,
circuito_aleatorio_0007.tfc,250,11840,247,11677,3,163,
circuito_aleatorio_0008.tfc,250,10827,245,10624,5,203,
circuito_aleatorio_0009.tfc,250,11980,248,11831,2,149,
