Nome TFC,GC Original,QC Original,GC Otimizado,QC Otimizado,Diff GC,Diff QC,Observações
circuito_aleatorio_0000.tfc,400,63869,400,63869,0,0,
circuito_aleatorio_0001.tfc,400,68061,399,68032,1,29,
circuito_aleatorio_0002.tfc,400,81068,399,81067,1,1,
circuito_aleatorio_0003.tfc,400,67731,400,67578,0,153,
circuito_aleatorio_0004.tfc,400,66211,400,66211,0,0,
circuito_aleatorio_0005.tfc,400,72369,400,72369,0,0,
circuito_aleatorio_0006.tfc,400,69329,400,69329,0,0,
circuito_aleatorio_0007.tfc,400,64266,399,64253,1,13,
circuito_aleatorio_0008.tfc,400,60014,400,60014,0,0,
circuito_aleatorio_0009.tfc,400,55168,399,55155,1,13,
