Nome TFC,Qtd. Portas,Qtd. Subcircuitos,Tamanho Médio das Janelas,Maior Janela,Menor Janela,Observacao
benchmark_aleatorio_otimos_regras/n12_p400/2024-07-26/benchmark_2024-07-26_circuito_aleatorio_0000.tfc,400,1,400.0,400,400,
benchmark_aleatorio_otimos_regras/n12_p400/2024-07-26/benchmark_2024-07-26_circuito_aleatorio_0001.tfc,399,1,399.0,399,399,
benchmark_aleatorio_otimos_regras/n12_p400/2024-07-26/benchmark_2024-07-26_circuito_aleatorio_0002.tfc,399,1,399.0,399,399,
benchmark_aleatorio_otimos_regras/n12_p400/2024-07-26/benchmark_2024-07-26_circuito_aleatorio_0003.tfc,400,1,400.0,400,400,
benchmark_aleatorio_otimos_regras/n12_p400/2024-07-26/benchmark_2024-07-26_circuito_aleatorio_0004.tfc,400,1,400.0,400,400,
benchmark_aleatorio_otimos_regras/n12_p400/2024-07-26/benchmark_2024-07-26_circuito_aleatorio_0005.tfc,400,1,400.0,400,400,
benchmark_aleatorio_otimos_regras/n12_p400/2024-07-26/benchmark_2024-07-26_circuito_aleatorio_0006.tfc,400,1,400.0,400,400,
benchmark_aleatorio_otimos_regras/n12_p400/2024-07-26/benchmark_2024-07-26_circuito_aleatorio_0007.tfc,399,1,399.0,399,399,
benchmark_aleatorio_otimos_regras/n12_p400/2024-07-26/benchmark_2024-07-26_circuito_aleatorio_0008.tfc,400,1,400.0,400,400,
benchmark_aleatorio_otimos_regras/n12_p400/2024-07-26/benchmark_2024-07-26_circuito_aleatorio_0009.tfc,399,1,399.0,399,399,
