Nome TFC,GC Original,QC Original,GC Otimizado,QC Otimizado,Diff GC,Diff QC,Observações
circuito_aleatorio_0000.tfc,700,253272,700,253208,0,64,
circuito_aleatorio_0001.tfc,700,296806,700,296806,0,0,
circuito_aleatorio_0002.tfc,700,267064,700,267064,0,0,
circuito_aleatorio_0003.tfc,700,244070,700,244070,0,0,
circuito_aleatorio_0004.tfc,700,228072,700,228072,0,0,
circuito_aleatorio_0005.tfc,700,244652,700,244648,0,4,
circuito_aleatorio_0006.tfc,700,257683,700,257683,0,0,
circuito_aleatorio_0007.tfc,700,263063,700,263063,0,0,
circuito_aleatorio_0008.tfc,700,256468,700,256308,0,160,
circuito_aleatorio_0009.tfc,700,248979,700,248979,0,0,
