Nome TFC,GC Original,QC Original,GC Otimizado,QC Otimizado,Diff GC,Diff QC,Observações
circuito_aleatorio_0000.tfc,100,6402,192,82504,-92,-76102,
circuito_aleatorio_0001.tfc,100,7174,201,87569,-101,-80395,
circuito_aleatorio_0002.tfc,100,5959,193,87237,-93,-81278,
circuito_aleatorio_0003.tfc,100,7122,214,80028,-114,-72906,
circuito_aleatorio_0004.tfc,100,8380,191,93507,-91,-85127,
circuito_aleatorio_0005.tfc,100,7644,197,84302,-97,-76658,
circuito_aleatorio_0006.tfc,100,7086,202,90748,-102,-83662,
circuito_aleatorio_0007.tfc,100,5796,188,80247,-88,-74451,
circuito_aleatorio_0008.tfc,100,6124,179,84852,-79,-78728,
circuito_aleatorio_0009.tfc,100,7788,198,88158,-98,-80370,
