Nome TFC,Qtd. Portas,Qtd. Subcircuitos,Tamanho Médio das Janelas,Maior Janela,Menor Janela,Observacao
benchmark_aleatorio_reed/n10_p100/2024-07-27/benchmark_2024-07-27_circuito_aleatorio_0000.tfc,192,1,192.0,192,192,
benchmark_aleatorio_reed/n10_p100/2024-07-27/benchmark_2024-07-27_circuito_aleatorio_0001.tfc,201,1,201.0,201,201,
benchmark_aleatorio_reed/n10_p100/2024-07-27/benchmark_2024-07-27_circuito_aleatorio_0002.tfc,193,1,193.0,193,193,
benchmark_aleatorio_reed/n10_p100/2024-07-27/benchmark_2024-07-27_circuito_aleatorio_0003.tfc,214,1,214.0,214,214,
benchmark_aleatorio_reed/n10_p100/2024-07-27/benchmark_2024-07-27_circuito_aleatorio_0004.tfc,191,1,191.0,191,191,
benchmark_aleatorio_reed/n10_p100/2024-07-27/benchmark_2024-07-27_circuito_aleatorio_0005.tfc,197,1,197.0,197,197,
benchmark_aleatorio_reed/n10_p100/2024-07-27/benchmark_2024-07-27_circuito_aleatorio_0006.tfc,202,1,202.0,202,202,
benchmark_aleatorio_reed/n10_p100/2024-07-27/benchmark_2024-07-27_circuito_aleatorio_0007.tfc,188,1,188.0,188,188,
benchmark_aleatorio_reed/n10_p100/2024-07-27/benchmark_2024-07-27_circuito_aleatorio_0008.tfc,179,1,179.0,179,179,
benchmark_aleatorio_reed/n10_p100/2024-07-27/benchmark_2024-07-27_circuito_aleatorio_0009.tfc,198,1,198.0,198,198,
