Nome TFC,GC Original,QC Original,GC Otimizado,QC Otimizado,Diff GC,Diff QC,Observações
circuito_aleatorio_0000.tfc,600,42681,199,94869,401,-52188,
circuito_aleatorio_0001.tfc,600,44971,202,91463,398,-46492,
circuito_aleatorio_0002.tfc,600,49839,198,83460,402,-33621,
circuito_aleatorio_0003.tfc,600,41284,217,94243,383,-52959,
circuito_aleatorio_0004.tfc,600,48033,197,85675,403,-37642,
circuito_aleatorio_0005.tfc,600,44466,181,81025,419,-36559,
circuito_aleatorio_0006.tfc,600,41889,221,91816,379,-49927,
circuito_aleatorio_0007.tfc,600,37562,209,89131,391,-51569,
circuito_aleatorio_0008.tfc,600,43271,184,80988,416,-37717,
circuito_aleatorio_0009.tfc,600,39402,218,95642,382,-56240,
