Nome TFC,Qtd. Portas,Qtd. Subcircuitos,Tamanho Médio das Janelas,Maior Janela,Menor Janela,Observacao
benchmark_aleatorio_reed/n10_p600/2024-07-27/benchmark_2024-07-27_circuito_aleatorio_0000.tfc,199,1,199.0,199,199,
benchmark_aleatorio_reed/n10_p600/2024-07-27/benchmark_2024-07-27_circuito_aleatorio_0001.tfc,202,1,202.0,202,202,
benchmark_aleatorio_reed/n10_p600/2024-07-27/benchmark_2024-07-27_circuito_aleatorio_0002.tfc,198,1,198.0,198,198,
benchmark_aleatorio_reed/n10_p600/2024-07-27/benchmark_2024-07-27_circuito_aleatorio_0003.tfc,217,1,217.0,217,217,
benchmark_aleatorio_reed/n10_p600/2024-07-27/benchmark_2024-07-27_circuito_aleatorio_0004.tfc,197,1,197.0,197,197,
benchmark_aleatorio_reed/n10_p600/2024-07-27/benchmark_2024-07-27_circuito_aleatorio_0005.tfc,181,1,181.0,181,181,
benchmark_aleatorio_reed/n10_p600/2024-07-27/benchmark_2024-07-27_circuito_aleatorio_0006.tfc,221,1,221.0,221,221,
benchmark_aleatorio_reed/n10_p600/2024-07-27/benchmark_2024-07-27_circuito_aleatorio_0007.tfc,209,1,209.0,209,209,
benchmark_aleatorio_reed/n10_p600/2024-07-27/benchmark_2024-07-27_circuito_aleatorio_0008.tfc,184,1,184.0,184,184,
benchmark_aleatorio_reed/n10_p600/2024-07-27/benchmark_2024-07-27_circuito_aleatorio_0009.tfc,218,1,218.0,218,218,
