Nome TFC,GC Original,QC Original,GC Otimizado,QC Otimizado,Diff GC,Diff QC,Observações
circuito_aleatorio_0000.tfc,700,73026,699,72721,1,305,
circuito_aleatorio_0001.tfc,700,89587,698,89547,2,40,
circuito_aleatorio_0002.tfc,700,79089,700,79037,0,52,
circuito_aleatorio_0003.tfc,700,79636,700,79636,0,0,
circuito_aleatorio_0004.tfc,700,75568,700,75568,0,0,
circuito_aleatorio_0005.tfc,700,64777,700,64637,0,140,
circuito_aleatorio_0006.tfc,700,72563,699,72520,1,43,
circuito_aleatorio_0007.tfc,700,68733,700,68709,0,24,
circuito_aleatorio_0008.tfc,700,80765,699,80672,1,93,
circuito_aleatorio_0009.tfc,700,80116,698,80052,2,64,
