Nome TFC,GC Original,QC Original,GC Otimizado,QC Otimizado,Diff GC,Diff QC,Observações
circuito_aleatorio_0000.tfc,200,4976,195,4923,5,53,
circuito_aleatorio_0001.tfc,200,6657,197,6658,3,-1,
circuito_aleatorio_0002.tfc,200,6639,195,6594,5,45,
circuito_aleatorio_0003.tfc,200,6303,196,6255,4,48,
circuito_aleatorio_0004.tfc,200,5693,196,5643,4,50,
circuito_aleatorio_0005.tfc,200,5872,194,5773,6,99,
circuito_aleatorio_0006.tfc,200,7359,197,7305,3,54,
circuito_aleatorio_0007.tfc,200,6394,196,6285,4,109,
circuito_aleatorio_0008.tfc,200,7421,196,7257,4,164,
circuito_aleatorio_0009.tfc,200,7024,197,6951,3,73,
