Nome TFC,Qtd. Portas,Qtd. Subcircuitos,Tamanho Médio das Janelas,Maior Janela,Menor Janela,Observacao
benchmark_aleatorio_otimos_regras/n8_p200/2024-07-25/benchmark_2024-07-25_circuito_aleatorio_0000.tfc,195,1,195.0,195,195,
benchmark_aleatorio_otimos_regras/n8_p200/2024-07-25/benchmark_2024-07-25_circuito_aleatorio_0001.tfc,197,1,197.0,197,197,
benchmark_aleatorio_otimos_regras/n8_p200/2024-07-25/benchmark_2024-07-25_circuito_aleatorio_0002.tfc,195,1,195.0,195,195,
benchmark_aleatorio_otimos_regras/n8_p200/2024-07-25/benchmark_2024-07-25_circuito_aleatorio_0003.tfc,196,1,196.0,196,196,
benchmark_aleatorio_otimos_regras/n8_p200/2024-07-25/benchmark_2024-07-25_circuito_aleatorio_0004.tfc,196,1,196.0,196,196,
benchmark_aleatorio_otimos_regras/n8_p200/2024-07-25/benchmark_2024-07-25_circuito_aleatorio_0005.tfc,194,1,194.0,194,194,
benchmark_aleatorio_otimos_regras/n8_p200/2024-07-25/benchmark_2024-07-25_circuito_aleatorio_0006.tfc,197,1,197.0,197,197,
benchmark_aleatorio_otimos_regras/n8_p200/2024-07-25/benchmark_2024-07-25_circuito_aleatorio_0007.tfc,196,1,196.0,196,196,
benchmark_aleatorio_otimos_regras/n8_p200/2024-07-25/benchmark_2024-07-25_circuito_aleatorio_0008.tfc,196,1,196.0,196,196,
benchmark_aleatorio_otimos_regras/n8_p200/2024-07-25/benchmark_2024-07-25_circuito_aleatorio_0009.tfc,197,1,197.0,197,197,
