Nome TFC,GC Original,QC Original,GC Otimizado,QC Otimizado,Diff GC,Diff QC,Observações
circuito_aleatorio_0000.tfc,200,27974,200,27974,0,0,
circuito_aleatorio_0001.tfc,200,35895,200,35895,0,0,
circuito_aleatorio_0002.tfc,200,36908,199,36879,1,29,
circuito_aleatorio_0003.tfc,200,31153,200,31153,0,0,
circuito_aleatorio_0004.tfc,200,40125,199,40124,1,1,
circuito_aleatorio_0005.tfc,200,40943,200,40943,0,0,
circuito_aleatorio_0006.tfc,200,37557,200,37532,0,25,
circuito_aleatorio_0007.tfc,200,30174,200,30046,0,128,
circuito_aleatorio_0008.tfc,200,34162,200,34162,0,0,
circuito_aleatorio_0009.tfc,200,32049,200,32049,0,0,
