Nome TFC,GC Original,QC Original,GC Otimizado,QC Otimizado,Diff GC,Diff QC,Observações
circuito_aleatorio_0000.tfc,650,31292,646,31251,4,41,
circuito_aleatorio_0001.tfc,650,31739,645,31669,5,70,
circuito_aleatorio_0002.tfc,650,32682,644,32440,6,242,
circuito_aleatorio_0003.tfc,650,29476,642,29011,8,465,
circuito_aleatorio_0004.tfc,650,32623,648,32493,2,130,
circuito_aleatorio_0005.tfc,650,32428,649,32314,1,114,
circuito_aleatorio_0006.tfc,650,29328,642,29120,8,208,
circuito_aleatorio_0007.tfc,650,27766,648,27645,2,121,
circuito_aleatorio_0008.tfc,650,28880,644,28755,6,125,
circuito_aleatorio_0009.tfc,650,28640,643,28518,7,122,
