Nome TFC,Qtd. Portas,Qtd. Subcircuitos,Tamanho Médio das Janelas,Maior Janela,Menor Janela,Observacao
benchmark_aleatorio_otimos_regras/n9_p650/2024-07-26/benchmark_2024-07-26_circuito_aleatorio_0000.tfc,646,1,646.0,646,646,
benchmark_aleatorio_otimos_regras/n9_p650/2024-07-26/benchmark_2024-07-26_circuito_aleatorio_0001.tfc,645,1,645.0,645,645,
benchmark_aleatorio_otimos_regras/n9_p650/2024-07-26/benchmark_2024-07-26_circuito_aleatorio_0002.tfc,644,1,644.0,644,644,
benchmark_aleatorio_otimos_regras/n9_p650/2024-07-26/benchmark_2024-07-26_circuito_aleatorio_0003.tfc,642,1,642.0,642,642,
benchmark_aleatorio_otimos_regras/n9_p650/2024-07-26/benchmark_2024-07-26_circuito_aleatorio_0004.tfc,648,1,648.0,648,648,
benchmark_aleatorio_otimos_regras/n9_p650/2024-07-26/benchmark_2024-07-26_circuito_aleatorio_0005.tfc,649,1,649.0,649,649,
benchmark_aleatorio_otimos_regras/n9_p650/2024-07-26/benchmark_2024-07-26_circuito_aleatorio_0006.tfc,642,1,642.0,642,642,
benchmark_aleatorio_otimos_regras/n9_p650/2024-07-26/benchmark_2024-07-26_circuito_aleatorio_0007.tfc,648,1,648.0,648,648,
benchmark_aleatorio_otimos_regras/n9_p650/2024-07-26/benchmark_2024-07-26_circuito_aleatorio_0008.tfc,644,1,644.0,644,644,
benchmark_aleatorio_otimos_regras/n9_p650/2024-07-26/benchmark_2024-07-26_circuito_aleatorio_0009.tfc,643,1,643.0,643,643,
