Nome TFC,GC Original,QC Original,GC Otimizado,QC Otimizado,Diff GC,Diff QC,Observações
circuito_aleatorio_0000.tfc,150,6130,150,6130,0,0,
circuito_aleatorio_0001.tfc,150,6903,148,6892,2,11,
circuito_aleatorio_0002.tfc,150,7372,150,7356,0,16,
circuito_aleatorio_0003.tfc,150,8204,148,8190,2,14,
circuito_aleatorio_0004.tfc,150,7159,149,7130,1,29,
circuito_aleatorio_0005.tfc,150,6382,148,6368,2,14,
circuito_aleatorio_0006.tfc,150,6668,149,6662,1,6,
circuito_aleatorio_0007.tfc,150,8496,150,8488,0,8,
circuito_aleatorio_0008.tfc,150,7699,149,7686,1,13,
circuito_aleatorio_0009.tfc,150,7848,149,7845,1,3,
