Nome TFC,Qtd. Portas,Qtd. Subcircuitos,Tamanho Médio das Janelas,Maior Janela,Menor Janela,Observacao
benchmark_aleatorio_otimos_regras/n9_p150/2024-07-25/benchmark_2024-07-25_circuito_aleatorio_0000.tfc,150,1,150.0,150,150,
benchmark_aleatorio_otimos_regras/n9_p150/2024-07-25/benchmark_2024-07-25_circuito_aleatorio_0001.tfc,148,1,148.0,148,148,
benchmark_aleatorio_otimos_regras/n9_p150/2024-07-25/benchmark_2024-07-25_circuito_aleatorio_0002.tfc,150,1,150.0,150,150,
benchmark_aleatorio_otimos_regras/n9_p150/2024-07-25/benchmark_2024-07-25_circuito_aleatorio_0003.tfc,148,1,148.0,148,148,
benchmark_aleatorio_otimos_regras/n9_p150/2024-07-25/benchmark_2024-07-25_circuito_aleatorio_0004.tfc,149,1,149.0,149,149,
benchmark_aleatorio_otimos_regras/n9_p150/2024-07-25/benchmark_2024-07-25_circuito_aleatorio_0005.tfc,148,1,148.0,148,148,
benchmark_aleatorio_otimos_regras/n9_p150/2024-07-25/benchmark_2024-07-25_circuito_aleatorio_0006.tfc,149,1,149.0,149,149,
benchmark_aleatorio_otimos_regras/n9_p150/2024-07-25/benchmark_2024-07-25_circuito_aleatorio_0007.tfc,150,1,150.0,150,150,
benchmark_aleatorio_otimos_regras/n9_p150/2024-07-25/benchmark_2024-07-25_circuito_aleatorio_0008.tfc,149,1,149.0,149,149,
benchmark_aleatorio_otimos_regras/n9_p150/2024-07-25/benchmark_2024-07-25_circuito_aleatorio_0009.tfc,149,1,149.0,149,149,
