Nome TFC,GC Original,QC Original,GC Otimizado,QC Otimizado,Diff GC,Diff QC,Observações
circuito_aleatorio_0000.tfc,750,53205,747,53014,3,191,
circuito_aleatorio_0001.tfc,750,61167,748,61065,2,102,
circuito_aleatorio_0002.tfc,750,53696,749,53629,1,67,
circuito_aleatorio_0003.tfc,750,58740,748,58597,2,143,
circuito_aleatorio_0004.tfc,750,54523,749,54291,1,232,
circuito_aleatorio_0005.tfc,750,50158,749,50080,1,78,
circuito_aleatorio_0006.tfc,750,52599,748,52479,2,120,
circuito_aleatorio_0007.tfc,750,49310,748,49189,2,121,
circuito_aleatorio_0008.tfc,750,56483,748,56345,2,138,
circuito_aleatorio_0009.tfc,750,58037,748,57927,2,110,
