Nome TFC,GC Original,QC Original,GC Otimizado,QC Otimizado,Diff GC,Diff QC,Observações
circuito_aleatorio_0000.tfc,300,103130,300,103130,0,0,
circuito_aleatorio_0001.tfc,300,102947,300,102947,0,0,
circuito_aleatorio_0002.tfc,300,155570,300,155506,0,64,
circuito_aleatorio_0003.tfc,300,117334,300,117334,0,0,
circuito_aleatorio_0004.tfc,300,110693,300,110693,0,0,
circuito_aleatorio_0005.tfc,300,104170,300,104170,0,0,
circuito_aleatorio_0006.tfc,300,123298,300,123298,0,0,
circuito_aleatorio_0007.tfc,300,112374,300,112374,0,0,
circuito_aleatorio_0008.tfc,300,93596,300,93596,0,0,
circuito_aleatorio_0009.tfc,300,101124,300,101124,0,0,
