Nome TFC,GC Original,QC Original,GC Otimizado,QC Otimizado,Diff GC,Diff QC,Observações
circuito_aleatorio_0000.tfc,800,38183,793,38104,7,79,
circuito_aleatorio_0001.tfc,800,39840,795,39720,5,120,
circuito_aleatorio_0002.tfc,800,38239,789,37686,11,553,
circuito_aleatorio_0003.tfc,800,39155,799,38964,1,191,
circuito_aleatorio_0004.tfc,800,39425,797,39303,3,122,
circuito_aleatorio_0005.tfc,800,35811,792,35569,8,242,
circuito_aleatorio_0006.tfc,800,34336,796,34174,4,162,
circuito_aleatorio_0007.tfc,800,35930,794,35834,6,96,
circuito_aleatorio_0008.tfc,800,37053,792,36874,8,179,
circuito_aleatorio_0009.tfc,800,39347,798,39283,2,64,
