Nome TFC,Qtd. Portas,Qtd. Subcircuitos,Tamanho Médio das Janelas,Maior Janela,Menor Janela,Observacao
benchmark_aleatorio_otimos_regras/n9_p800/2024-07-26/benchmark_2024-07-26_circuito_aleatorio_0000.tfc,793,1,793.0,793,793,
benchmark_aleatorio_otimos_regras/n9_p800/2024-07-26/benchmark_2024-07-26_circuito_aleatorio_0001.tfc,795,1,795.0,795,795,
benchmark_aleatorio_otimos_regras/n9_p800/2024-07-26/benchmark_2024-07-26_circuito_aleatorio_0002.tfc,789,1,789.0,789,789,
benchmark_aleatorio_otimos_regras/n9_p800/2024-07-26/benchmark_2024-07-26_circuito_aleatorio_0003.tfc,799,1,799.0,799,799,
benchmark_aleatorio_otimos_regras/n9_p800/2024-07-26/benchmark_2024-07-26_circuito_aleatorio_0004.tfc,797,1,797.0,797,797,
benchmark_aleatorio_otimos_regras/n9_p800/2024-07-26/benchmark_2024-07-26_circuito_aleatorio_0005.tfc,792,1,792.0,792,792,
benchmark_aleatorio_otimos_regras/n9_p800/2024-07-26/benchmark_2024-07-26_circuito_aleatorio_0006.tfc,796,1,796.0,796,796,
benchmark_aleatorio_otimos_regras/n9_p800/2024-07-26/benchmark_2024-07-26_circuito_aleatorio_0007.tfc,794,1,794.0,794,794,
benchmark_aleatorio_otimos_regras/n9_p800/2024-07-26/benchmark_2024-07-26_circuito_aleatorio_0008.tfc,792,1,792.0,792,792,
benchmark_aleatorio_otimos_regras/n9_p800/2024-07-26/benchmark_2024-07-26_circuito_aleatorio_0009.tfc,798,1,798.0,798,798,
