Nome TFC,GC Original,QC Original,GC Otimizado,QC Otimizado,Diff GC,Diff QC,Observações
circuito_aleatorio_0000.tfc,950,165326,948,165296,2,30,
circuito_aleatorio_0001.tfc,950,165620,950,165467,0,153,
circuito_aleatorio_0002.tfc,950,165928,950,165928,0,0,
circuito_aleatorio_0003.tfc,950,141318,948,141292,2,26,
circuito_aleatorio_0004.tfc,950,138378,950,138362,0,16,
circuito_aleatorio_0005.tfc,950,162895,949,162858,1,37,
circuito_aleatorio_0006.tfc,950,166222,950,166222,0,0,
circuito_aleatorio_0007.tfc,950,161641,949,161620,1,21,
circuito_aleatorio_0008.tfc,950,161810,950,161770,0,40,
circuito_aleatorio_0009.tfc,950,158540,949,158315,1,225,
