Nome TFC,GC Original,QC Original,GC Otimizado,QC Otimizado,Diff GC,Diff QC,Observações
circuito_aleatorio_0000.tfc,600,18272,587,18175,13,97,
circuito_aleatorio_0001.tfc,600,17868,586,17671,14,197,
circuito_aleatorio_0002.tfc,600,21174,589,20847,11,327,
circuito_aleatorio_0003.tfc,600,19383,593,19206,7,177,
circuito_aleatorio_0004.tfc,600,17335,583,17143,17,192,
circuito_aleatorio_0005.tfc,600,20291,591,20075,9,216,
circuito_aleatorio_0006.tfc,600,18380,586,18215,14,165,
circuito_aleatorio_0007.tfc,600,18205,591,18019,9,186,
circuito_aleatorio_0008.tfc,600,18413,588,18316,12,97,
circuito_aleatorio_0009.tfc,600,16225,591,15945,9,280,
