Nome TFC,Qtd. Portas,Qtd. Subcircuitos,Tamanho Médio das Janelas,Maior Janela,Menor Janela,Observacao
benchmark_aleatorio_otimos_regras/n8_p600/2024-07-25/benchmark_2024-07-25_circuito_aleatorio_0000.tfc,587,1,587.0,587,587,
benchmark_aleatorio_otimos_regras/n8_p600/2024-07-25/benchmark_2024-07-25_circuito_aleatorio_0001.tfc,586,1,586.0,586,586,
benchmark_aleatorio_otimos_regras/n8_p600/2024-07-25/benchmark_2024-07-25_circuito_aleatorio_0002.tfc,589,1,589.0,589,589,
benchmark_aleatorio_otimos_regras/n8_p600/2024-07-25/benchmark_2024-07-25_circuito_aleatorio_0003.tfc,593,1,593.0,593,593,
benchmark_aleatorio_otimos_regras/n8_p600/2024-07-25/benchmark_2024-07-25_circuito_aleatorio_0004.tfc,583,1,583.0,583,583,
benchmark_aleatorio_otimos_regras/n8_p600/2024-07-25/benchmark_2024-07-25_circuito_aleatorio_0005.tfc,591,1,591.0,591,591,
benchmark_aleatorio_otimos_regras/n8_p600/2024-07-25/benchmark_2024-07-25_circuito_aleatorio_0006.tfc,586,1,586.0,586,586,
benchmark_aleatorio_otimos_regras/n8_p600/2024-07-25/benchmark_2024-07-25_circuito_aleatorio_0007.tfc,591,1,591.0,591,591,
benchmark_aleatorio_otimos_regras/n8_p600/2024-07-25/benchmark_2024-07-25_circuito_aleatorio_0008.tfc,588,1,588.0,588,588,
benchmark_aleatorio_otimos_regras/n8_p600/2024-07-25/benchmark_2024-07-25_circuito_aleatorio_0009.tfc,591,1,591.0,591,591,
