Nome TFC,GC Original,QC Original,GC Otimizado,QC Otimizado,Diff GC,Diff QC,Observações
circuito_aleatorio_0000.tfc,550,38933,187,90507,363,-51574,
circuito_aleatorio_0001.tfc,550,40782,200,93788,350,-53006,
circuito_aleatorio_0002.tfc,550,46220,195,83737,355,-37517,
circuito_aleatorio_0003.tfc,550,38015,201,97022,349,-59007,
circuito_aleatorio_0004.tfc,550,43826,186,78202,364,-34376,
circuito_aleatorio_0005.tfc,550,42212,197,90879,353,-48667,
circuito_aleatorio_0006.tfc,550,38659,192,93666,358,-55007,
circuito_aleatorio_0007.tfc,550,36438,186,80258,364,-43820,
circuito_aleatorio_0008.tfc,550,36962,213,97265,337,-60303,
circuito_aleatorio_0009.tfc,550,36738,203,81937,347,-45199,
