Nome TFC,Qtd. Portas,Qtd. Subcircuitos,Tamanho Médio das Janelas,Maior Janela,Menor Janela,Observacao
benchmark_aleatorio_reed/n10_p550/2024-07-27/benchmark_2024-07-27_circuito_aleatorio_0000.tfc,187,1,187.0,187,187,
benchmark_aleatorio_reed/n10_p550/2024-07-27/benchmark_2024-07-27_circuito_aleatorio_0001.tfc,200,1,200.0,200,200,
benchmark_aleatorio_reed/n10_p550/2024-07-27/benchmark_2024-07-27_circuito_aleatorio_0002.tfc,195,1,195.0,195,195,
benchmark_aleatorio_reed/n10_p550/2024-07-27/benchmark_2024-07-27_circuito_aleatorio_0003.tfc,201,1,201.0,201,201,
benchmark_aleatorio_reed/n10_p550/2024-07-27/benchmark_2024-07-27_circuito_aleatorio_0004.tfc,186,1,186.0,186,186,
benchmark_aleatorio_reed/n10_p550/2024-07-27/benchmark_2024-07-27_circuito_aleatorio_0005.tfc,197,1,197.0,197,197,
benchmark_aleatorio_reed/n10_p550/2024-07-27/benchmark_2024-07-27_circuito_aleatorio_0006.tfc,192,1,192.0,192,192,
benchmark_aleatorio_reed/n10_p550/2024-07-27/benchmark_2024-07-27_circuito_aleatorio_0007.tfc,186,1,186.0,186,186,
benchmark_aleatorio_reed/n10_p550/2024-07-27/benchmark_2024-07-27_circuito_aleatorio_0008.tfc,213,1,213.0,213,213,
benchmark_aleatorio_reed/n10_p550/2024-07-27/benchmark_2024-07-27_circuito_aleatorio_0009.tfc,203,1,203.0,203,203,
