Nome TFC,GC Original,QC Original,GC Otimizado,QC Otimizado,Diff GC,Diff QC,Observações
circuito_aleatorio_0000.tfc,450,73885,450,73885,0,0,
circuito_aleatorio_0001.tfc,450,80154,448,80124,2,30,
circuito_aleatorio_0002.tfc,450,87040,450,87024,0,16,
circuito_aleatorio_0003.tfc,450,73812,450,73675,0,137,
circuito_aleatorio_0004.tfc,450,78196,450,78196,0,0,
circuito_aleatorio_0005.tfc,450,78125,450,78125,0,0,
circuito_aleatorio_0006.tfc,450,73128,449,73115,1,13,
circuito_aleatorio_0007.tfc,450,68578,450,68578,0,0,
circuito_aleatorio_0008.tfc,450,62498,449,62485,1,13,
circuito_aleatorio_0009.tfc,450,66334,450,66334,0,0,
