Nome TFC,GC Original,QC Original,GC Otimizado,QC Otimizado,Diff GC,Diff QC,Observações
circuito_aleatorio_0000.tfc,300,30176,300,30124,0,52,
circuito_aleatorio_0001.tfc,300,33887,299,33634,1,253,
circuito_aleatorio_0002.tfc,300,30670,298,30632,2,38,
circuito_aleatorio_0003.tfc,300,41626,300,41624,0,2,
circuito_aleatorio_0004.tfc,300,37917,300,37917,0,0,
circuito_aleatorio_0005.tfc,300,32315,300,32267,0,48,
circuito_aleatorio_0006.tfc,300,35111,300,35107,0,4,
circuito_aleatorio_0007.tfc,300,34346,300,34346,0,0,
circuito_aleatorio_0008.tfc,300,34126,300,34126,0,0,
circuito_aleatorio_0009.tfc,300,37199,300,37199,0,0,
