Nome TFC,GC Original,QC Original,GC Otimizado,QC Otimizado,Diff GC,Diff QC,Observações
circuito_aleatorio_0000.tfc,350,54773,350,54773,0,0,
circuito_aleatorio_0001.tfc,350,59203,349,59174,1,29,
circuito_aleatorio_0002.tfc,350,69348,349,69347,1,1,
circuito_aleatorio_0003.tfc,350,67231,350,67206,0,25,
circuito_aleatorio_0004.tfc,350,55120,350,54992,0,128,
circuito_aleatorio_0005.tfc,350,59852,350,59852,0,0,
circuito_aleatorio_0006.tfc,350,60927,350,60927,0,0,
circuito_aleatorio_0007.tfc,350,62184,350,62184,0,0,
circuito_aleatorio_0008.tfc,350,55702,349,55689,1,13,
circuito_aleatorio_0009.tfc,350,55720,350,55720,0,0,
