Nome TFC,GC Original,QC Original,GC Otimizado,QC Otimizado,Diff GC,Diff QC,Observações
circuito_aleatorio_0000.tfc,600,64063,599,63758,1,305,
circuito_aleatorio_0001.tfc,600,72296,598,72256,2,40,
circuito_aleatorio_0002.tfc,600,70232,600,70184,0,48,
circuito_aleatorio_0003.tfc,600,69457,600,69453,0,4,
circuito_aleatorio_0004.tfc,600,71325,600,71325,0,0,
circuito_aleatorio_0005.tfc,600,59812,600,59796,0,16,
circuito_aleatorio_0006.tfc,600,54498,600,54374,0,124,
circuito_aleatorio_0007.tfc,600,62761,599,62734,1,27,
circuito_aleatorio_0008.tfc,600,59070,600,59030,0,40,
circuito_aleatorio_0009.tfc,600,64364,599,64335,1,29,
