Nome TFC,GC Original,QC Original,GC Otimizado,QC Otimizado,Diff GC,Diff QC,Observações
circuito_aleatorio_0000.tfc,750,35768,745,35698,5,70,
circuito_aleatorio_0001.tfc,750,37093,745,37049,5,44,
circuito_aleatorio_0002.tfc,750,36264,739,35741,11,523,
circuito_aleatorio_0003.tfc,750,36169,748,35876,2,293,
circuito_aleatorio_0004.tfc,750,37652,747,37532,3,120,
circuito_aleatorio_0005.tfc,750,34335,743,34160,7,175,
circuito_aleatorio_0006.tfc,750,32001,747,31835,3,166,
circuito_aleatorio_0007.tfc,750,34381,744,34248,6,133,
circuito_aleatorio_0008.tfc,750,33031,744,32889,6,142,
circuito_aleatorio_0009.tfc,750,34715,745,34626,5,89,
