Nome TFC,Qtd. Portas,Qtd. Subcircuitos,Tamanho Médio das Janelas,Maior Janela,Menor Janela,Observacao
benchmark_aleatorio_otimos_regras/n9_p750/2024-07-26/benchmark_2024-07-26_circuito_aleatorio_0000.tfc,745,1,745.0,745,745,
benchmark_aleatorio_otimos_regras/n9_p750/2024-07-26/benchmark_2024-07-26_circuito_aleatorio_0001.tfc,745,1,745.0,745,745,
benchmark_aleatorio_otimos_regras/n9_p750/2024-07-26/benchmark_2024-07-26_circuito_aleatorio_0002.tfc,739,1,739.0,739,739,
benchmark_aleatorio_otimos_regras/n9_p750/2024-07-26/benchmark_2024-07-26_circuito_aleatorio_0003.tfc,748,1,748.0,748,748,
benchmark_aleatorio_otimos_regras/n9_p750/2024-07-26/benchmark_2024-07-26_circuito_aleatorio_0004.tfc,747,1,747.0,747,747,
benchmark_aleatorio_otimos_regras/n9_p750/2024-07-26/benchmark_2024-07-26_circuito_aleatorio_0005.tfc,743,1,743.0,743,743,
benchmark_aleatorio_otimos_regras/n9_p750/2024-07-26/benchmark_2024-07-26_circuito_aleatorio_0006.tfc,747,1,747.0,747,747,
benchmark_aleatorio_otimos_regras/n9_p750/2024-07-26/benchmark_2024-07-26_circuito_aleatorio_0007.tfc,744,1,744.0,744,744,
benchmark_aleatorio_otimos_regras/n9_p750/2024-07-26/benchmark_2024-07-26_circuito_aleatorio_0008.tfc,744,1,744.0,744,744,
benchmark_aleatorio_otimos_regras/n9_p750/2024-07-26/benchmark_2024-07-26_circuito_aleatorio_0009.tfc,745,1,745.0,745,745,
