Nome TFC,GC Original,QC Original,GC Otimizado,QC Otimizado,Diff GC,Diff QC,Observações
circuito_aleatorio_0000.tfc,10,466,64,18448,-54,-17982,
circuito_aleatorio_0001.tfc,10,466,41,16821,-31,-16355,
circuito_aleatorio_0002.tfc,10,528,74,26256,-64,-25728,
circuito_aleatorio_0003.tfc,10,916,54,20963,-44,-20047,
circuito_aleatorio_0004.tfc,10,324,80,20018,-70,-19694,
circuito_aleatorio_0005.tfc,10,652,45,19007,-35,-18355,
circuito_aleatorio_0006.tfc,10,922,88,48396,-78,-47474,
circuito_aleatorio_0007.tfc,10,754,72,27312,-62,-26558,
circuito_aleatorio_0008.tfc,10,554,109,48541,-99,-47987,
circuito_aleatorio_0009.tfc,10,820,80,21660,-70,-20840,
