Nome TFC,Qtd. Portas,Qtd. Subcircuitos,Tamanho Médio das Janelas,Maior Janela,Menor Janela,Observacao
benchmark_aleatorio_reed/n10_p10/2024-07-27/benchmark_2024-07-27_circuito_aleatorio_0000.tfc,64,1,64.0,64,64,
benchmark_aleatorio_reed/n10_p10/2024-07-27/benchmark_2024-07-27_circuito_aleatorio_0001.tfc,41,1,41.0,41,41,
benchmark_aleatorio_reed/n10_p10/2024-07-27/benchmark_2024-07-27_circuito_aleatorio_0002.tfc,74,1,74.0,74,74,
benchmark_aleatorio_reed/n10_p10/2024-07-27/benchmark_2024-07-27_circuito_aleatorio_0003.tfc,54,1,54.0,54,54,
benchmark_aleatorio_reed/n10_p10/2024-07-27/benchmark_2024-07-27_circuito_aleatorio_0004.tfc,80,1,80.0,80,80,
benchmark_aleatorio_reed/n10_p10/2024-07-27/benchmark_2024-07-27_circuito_aleatorio_0005.tfc,45,1,45.0,45,45,
benchmark_aleatorio_reed/n10_p10/2024-07-27/benchmark_2024-07-27_circuito_aleatorio_0006.tfc,88,1,88.0,88,88,
benchmark_aleatorio_reed/n10_p10/2024-07-27/benchmark_2024-07-27_circuito_aleatorio_0007.tfc,72,1,72.0,72,72,
benchmark_aleatorio_reed/n10_p10/2024-07-27/benchmark_2024-07-27_circuito_aleatorio_0008.tfc,109,1,109.0,109,109,
benchmark_aleatorio_reed/n10_p10/2024-07-27/benchmark_2024-07-27_circuito_aleatorio_0009.tfc,80,1,80.0,80,80,
