Nome TFC,GC Original,QC Original,GC Otimizado,QC Otimizado,Diff GC,Diff QC,Observações
circuito_aleatorio_0000.tfc,950,104000,947,103657,3,343,
circuito_aleatorio_0001.tfc,950,114047,950,113997,0,50,
circuito_aleatorio_0002.tfc,950,107206,950,107202,0,4,
circuito_aleatorio_0003.tfc,950,102226,950,102210,0,16,
circuito_aleatorio_0004.tfc,950,92543,949,92392,1,151,
circuito_aleatorio_0005.tfc,950,97026,950,96986,0,40,
circuito_aleatorio_0006.tfc,950,106768,948,106672,2,96,
circuito_aleatorio_0007.tfc,950,104587,946,104475,4,112,
circuito_aleatorio_0008.tfc,950,107685,950,107651,0,34,
circuito_aleatorio_0009.tfc,950,107967,949,107764,1,203,
