Nome TFC,GC Original,QC Original,GC Otimizado,QC Otimizado,Diff GC,Diff QC,Observações
circuito_aleatorio_0000.tfc,900,240166,900,240166,0,0,
circuito_aleatorio_0001.tfc,900,236340,900,236340,0,0,
circuito_aleatorio_0002.tfc,900,232407,900,232391,0,16,
circuito_aleatorio_0003.tfc,900,199373,900,199373,0,0,
circuito_aleatorio_0004.tfc,900,206442,900,206442,0,0,
circuito_aleatorio_0005.tfc,900,227354,899,227355,1,-1,
circuito_aleatorio_0006.tfc,900,222960,900,222928,0,32,
circuito_aleatorio_0007.tfc,900,231643,900,231643,0,0,
circuito_aleatorio_0008.tfc,900,239039,900,239039,0,0,
circuito_aleatorio_0009.tfc,900,228363,899,228318,1,45,
