Nome TFC,GC Original,QC Original,GC Otimizado,QC Otimizado,Diff GC,Diff QC,Observações
circuito_aleatorio_0000.tfc,400,42599,400,42547,0,52,
circuito_aleatorio_0001.tfc,400,39878,398,39592,2,286,
circuito_aleatorio_0002.tfc,400,53882,399,53875,1,7,
circuito_aleatorio_0003.tfc,400,50680,400,50664,0,16,
circuito_aleatorio_0004.tfc,400,44233,400,44201,0,32,
circuito_aleatorio_0005.tfc,400,44776,400,44772,0,4,
circuito_aleatorio_0006.tfc,400,45290,400,45290,0,0,
circuito_aleatorio_0007.tfc,400,46820,400,46820,0,0,
circuito_aleatorio_0008.tfc,400,39027,400,39011,0,16,
circuito_aleatorio_0009.tfc,400,37395,400,37331,0,64,
