Nome TFC,GC Original,QC Original,GC Otimizado,QC Otimizado,Diff GC,Diff QC,Observações
circuito_aleatorio_0000.tfc,550,16823,542,16761,8,62,
circuito_aleatorio_0001.tfc,550,16300,534,16139,16,161,
circuito_aleatorio_0002.tfc,550,18838,538,18450,12,388,
circuito_aleatorio_0003.tfc,550,18548,540,18391,10,157,
circuito_aleatorio_0004.tfc,550,16463,538,16316,12,147,
circuito_aleatorio_0005.tfc,550,17152,537,16948,13,204,
circuito_aleatorio_0006.tfc,550,17771,541,17603,9,168,
circuito_aleatorio_0007.tfc,550,18034,540,17865,10,169,
circuito_aleatorio_0008.tfc,550,15734,542,15599,8,135,
circuito_aleatorio_0009.tfc,550,16483,538,16340,12,143,
