Nome TFC,Qtd. Portas,Qtd. Subcircuitos,Tamanho Médio das Janelas,Maior Janela,Menor Janela,Observacao
benchmark_aleatorio_otimos_regras/n8_p550/2024-07-25/benchmark_2024-07-25_circuito_aleatorio_0000.tfc,542,1,542.0,542,542,
benchmark_aleatorio_otimos_regras/n8_p550/2024-07-25/benchmark_2024-07-25_circuito_aleatorio_0001.tfc,534,1,534.0,534,534,
benchmark_aleatorio_otimos_regras/n8_p550/2024-07-25/benchmark_2024-07-25_circuito_aleatorio_0002.tfc,538,1,538.0,538,538,
benchmark_aleatorio_otimos_regras/n8_p550/2024-07-25/benchmark_2024-07-25_circuito_aleatorio_0003.tfc,540,1,540.0,540,540,
benchmark_aleatorio_otimos_regras/n8_p550/2024-07-25/benchmark_2024-07-25_circuito_aleatorio_0004.tfc,538,1,538.0,538,538,
benchmark_aleatorio_otimos_regras/n8_p550/2024-07-25/benchmark_2024-07-25_circuito_aleatorio_0005.tfc,537,1,537.0,537,537,
benchmark_aleatorio_otimos_regras/n8_p550/2024-07-25/benchmark_2024-07-25_circuito_aleatorio_0006.tfc,541,1,541.0,541,541,
benchmark_aleatorio_otimos_regras/n8_p550/2024-07-25/benchmark_2024-07-25_circuito_aleatorio_0007.tfc,540,1,540.0,540,540,
benchmark_aleatorio_otimos_regras/n8_p550/2024-07-25/benchmark_2024-07-25_circuito_aleatorio_0008.tfc,542,1,542.0,542,542,
benchmark_aleatorio_otimos_regras/n8_p550/2024-07-25/benchmark_2024-07-25_circuito_aleatorio_0009.tfc,538,1,538.0,538,538,
