Nome TFC,GC Original,QC Original,GC Otimizado,QC Otimizado,Diff GC,Diff QC,Observações
circuito_aleatorio_0000.tfc,650,107322,649,107293,1,29,
circuito_aleatorio_0001.tfc,650,125392,649,125375,1,17,
circuito_aleatorio_0002.tfc,650,108404,650,108267,0,137,
circuito_aleatorio_0003.tfc,650,106298,650,106298,0,0,
circuito_aleatorio_0004.tfc,650,113126,649,113113,1,13,
circuito_aleatorio_0005.tfc,650,91822,649,91809,1,13,
circuito_aleatorio_0006.tfc,650,96591,650,96591,0,0,
circuito_aleatorio_0007.tfc,650,104111,649,104074,1,37,
circuito_aleatorio_0008.tfc,650,115303,650,115287,0,16,
circuito_aleatorio_0009.tfc,650,114972,650,114972,0,0,
