Nome TFC,GC Original,QC Original,GC Otimizado,QC Otimizado,Diff GC,Diff QC,Observações
circuito_aleatorio_0000.tfc,10,1290,10,1290,0,0,
circuito_aleatorio_0001.tfc,10,1362,10,1362,0,0,
circuito_aleatorio_0002.tfc,10,1450,10,1450,0,0,
circuito_aleatorio_0003.tfc,10,578,10,578,0,0,
circuito_aleatorio_0004.tfc,10,986,10,986,0,0,
circuito_aleatorio_0005.tfc,10,1426,10,1426,0,0,
circuito_aleatorio_0006.tfc,10,1426,10,1426,0,0,
circuito_aleatorio_0007.tfc,10,1490,10,1490,0,0,
circuito_aleatorio_0008.tfc,10,1522,10,1522,0,0,
circuito_aleatorio_0009.tfc,10,1058,10,1058,0,0,
