Nome TFC,GC Original,QC Original,GC Otimizado,QC Otimizado,Diff GC,Diff QC,Observações
circuito_aleatorio_0000.tfc,650,46107,647,45916,3,191,
circuito_aleatorio_0001.tfc,650,50032,648,49990,2,42,
circuito_aleatorio_0002.tfc,650,49858,650,49730,0,128,
circuito_aleatorio_0003.tfc,650,48523,647,48406,3,117,
circuito_aleatorio_0004.tfc,650,49910,650,49819,0,91,
circuito_aleatorio_0005.tfc,650,47313,648,47091,2,222,
circuito_aleatorio_0006.tfc,650,42802,650,42780,0,22,
circuito_aleatorio_0007.tfc,650,45036,648,44916,2,120,
circuito_aleatorio_0008.tfc,650,43116,648,43010,2,106,
circuito_aleatorio_0009.tfc,650,49196,648,49046,2,150,
