Nome TFC,Qtd. Portas,Qtd. Subcircuitos,Tamanho Médio das Janelas,Maior Janela,Menor Janela,Observacao
benchmark_aleatorio_otimos_regras/n10_p650/2024-07-26/benchmark_2024-07-26_circuito_aleatorio_0000.tfc,647,1,647.0,647,647,
benchmark_aleatorio_otimos_regras/n10_p650/2024-07-26/benchmark_2024-07-26_circuito_aleatorio_0001.tfc,648,1,648.0,648,648,
benchmark_aleatorio_otimos_regras/n10_p650/2024-07-26/benchmark_2024-07-26_circuito_aleatorio_0002.tfc,650,1,650.0,650,650,
benchmark_aleatorio_otimos_regras/n10_p650/2024-07-26/benchmark_2024-07-26_circuito_aleatorio_0003.tfc,647,1,647.0,647,647,
benchmark_aleatorio_otimos_regras/n10_p650/2024-07-26/benchmark_2024-07-26_circuito_aleatorio_0004.tfc,650,1,650.0,650,650,
benchmark_aleatorio_otimos_regras/n10_p650/2024-07-26/benchmark_2024-07-26_circuito_aleatorio_0005.tfc,648,1,648.0,648,648,
benchmark_aleatorio_otimos_regras/n10_p650/2024-07-26/benchmark_2024-07-26_circuito_aleatorio_0006.tfc,650,1,650.0,650,650,
benchmark_aleatorio_otimos_regras/n10_p650/2024-07-26/benchmark_2024-07-26_circuito_aleatorio_0007.tfc,648,1,648.0,648,648,
benchmark_aleatorio_otimos_regras/n10_p650/2024-07-26/benchmark_2024-07-26_circuito_aleatorio_0008.tfc,648,1,648.0,648,648,
benchmark_aleatorio_otimos_regras/n10_p650/2024-07-26/benchmark_2024-07-26_circuito_aleatorio_0009.tfc,648,1,648.0,648,648,
