Nome TFC,GC Original,QC Original,GC Otimizado,QC Otimizado,Diff GC,Diff QC,Observações
circuito_aleatorio_0000.tfc,550,25903,547,25870,3,33,
circuito_aleatorio_0001.tfc,550,25669,545,25612,5,57,
circuito_aleatorio_0002.tfc,550,29659,545,29546,5,113,
circuito_aleatorio_0003.tfc,550,25934,542,25580,8,354,
circuito_aleatorio_0004.tfc,550,24817,548,24528,2,289,
circuito_aleatorio_0005.tfc,550,28582,548,28480,2,102,
circuito_aleatorio_0006.tfc,550,27257,549,27143,1,114,
circuito_aleatorio_0007.tfc,550,24626,543,24479,7,147,
circuito_aleatorio_0008.tfc,550,24412,548,24273,2,139,
circuito_aleatorio_0009.tfc,550,23889,546,23771,4,118,
