Nome TFC,Qtd. Portas,Qtd. Subcircuitos,Tamanho Médio das Janelas,Maior Janela,Menor Janela,Observacao
benchmark_aleatorio_otimos_regras/n9_p550/2024-07-25/benchmark_2024-07-25_circuito_aleatorio_0000.tfc,547,1,547.0,547,547,
benchmark_aleatorio_otimos_regras/n9_p550/2024-07-25/benchmark_2024-07-25_circuito_aleatorio_0001.tfc,545,1,545.0,545,545,
benchmark_aleatorio_otimos_regras/n9_p550/2024-07-25/benchmark_2024-07-25_circuito_aleatorio_0002.tfc,545,1,545.0,545,545,
benchmark_aleatorio_otimos_regras/n9_p550/2024-07-25/benchmark_2024-07-25_circuito_aleatorio_0003.tfc,542,1,542.0,542,542,
benchmark_aleatorio_otimos_regras/n9_p550/2024-07-25/benchmark_2024-07-25_circuito_aleatorio_0004.tfc,548,1,548.0,548,548,
benchmark_aleatorio_otimos_regras/n9_p550/2024-07-25/benchmark_2024-07-25_circuito_aleatorio_0005.tfc,548,1,548.0,548,548,
benchmark_aleatorio_otimos_regras/n9_p550/2024-07-25/benchmark_2024-07-25_circuito_aleatorio_0006.tfc,549,1,549.0,549,549,
benchmark_aleatorio_otimos_regras/n9_p550/2024-07-25/benchmark_2024-07-25_circuito_aleatorio_0007.tfc,543,1,543.0,543,543,
benchmark_aleatorio_otimos_regras/n9_p550/2024-07-25/benchmark_2024-07-25_circuito_aleatorio_0008.tfc,548,1,548.0,548,548,
benchmark_aleatorio_otimos_regras/n9_p550/2024-07-25/benchmark_2024-07-25_circuito_aleatorio_0009.tfc,546,1,546.0,546,546,
