Nome TFC,GC Original,QC Original,GC Otimizado,QC Otimizado,Diff GC,Diff QC,Observações
circuito_aleatorio_0000.tfc,900,61687,897,61496,3,191,
circuito_aleatorio_0001.tfc,900,75804,898,75666,2,138,
circuito_aleatorio_0002.tfc,900,66293,897,66144,3,149,
circuito_aleatorio_0003.tfc,900,67490,899,67242,1,248,
circuito_aleatorio_0004.tfc,900,60215,899,60128,1,87,
circuito_aleatorio_0005.tfc,900,62507,898,62323,2,184,
circuito_aleatorio_0006.tfc,900,63923,898,63773,2,150,
circuito_aleatorio_0007.tfc,900,67724,896,67595,4,129,
circuito_aleatorio_0008.tfc,900,64784,898,64711,2,73,
circuito_aleatorio_0009.tfc,900,65129,897,65099,3,30,
