Nome TFC,GC Original,QC Original,GC Otimizado,QC Otimizado,Diff GC,Diff QC,Observações
circuito_aleatorio_0000.tfc,350,15546,348,15519,2,27,
circuito_aleatorio_0001.tfc,350,17770,347,17743,3,27,
circuito_aleatorio_0002.tfc,350,15502,347,15466,3,36,
circuito_aleatorio_0003.tfc,350,18020,349,17999,1,21,
circuito_aleatorio_0004.tfc,350,19620,346,19460,4,160,
circuito_aleatorio_0005.tfc,350,16714,342,16456,8,258,
circuito_aleatorio_0006.tfc,350,15643,348,15386,2,257,
circuito_aleatorio_0007.tfc,350,16452,350,16328,0,124,
circuito_aleatorio_0008.tfc,350,17527,349,17494,1,33,
circuito_aleatorio_0009.tfc,350,16468,348,16436,2,32,
