Nome TFC,Qtd. Portas,Qtd. Subcircuitos,Tamanho Médio das Janelas,Maior Janela,Menor Janela,Observacao
benchmark_aleatorio_otimos_regras/n9_p350/2024-07-25/benchmark_2024-07-25_circuito_aleatorio_0000.tfc,348,1,348.0,348,348,
benchmark_aleatorio_otimos_regras/n9_p350/2024-07-25/benchmark_2024-07-25_circuito_aleatorio_0001.tfc,347,1,347.0,347,347,
benchmark_aleatorio_otimos_regras/n9_p350/2024-07-25/benchmark_2024-07-25_circuito_aleatorio_0002.tfc,347,1,347.0,347,347,
benchmark_aleatorio_otimos_regras/n9_p350/2024-07-25/benchmark_2024-07-25_circuito_aleatorio_0003.tfc,349,1,349.0,349,349,
benchmark_aleatorio_otimos_regras/n9_p350/2024-07-25/benchmark_2024-07-25_circuito_aleatorio_0004.tfc,346,1,346.0,346,346,
benchmark_aleatorio_otimos_regras/n9_p350/2024-07-25/benchmark_2024-07-25_circuito_aleatorio_0005.tfc,342,1,342.0,342,342,
benchmark_aleatorio_otimos_regras/n9_p350/2024-07-25/benchmark_2024-07-25_circuito_aleatorio_0006.tfc,348,1,348.0,348,348,
benchmark_aleatorio_otimos_regras/n9_p350/2024-07-25/benchmark_2024-07-25_circuito_aleatorio_0007.tfc,350,1,350.0,350,350,
benchmark_aleatorio_otimos_regras/n9_p350/2024-07-25/benchmark_2024-07-25_circuito_aleatorio_0008.tfc,349,1,349.0,349,349,
benchmark_aleatorio_otimos_regras/n9_p350/2024-07-25/benchmark_2024-07-25_circuito_aleatorio_0009.tfc,348,1,348.0,348,348,
