Nome TFC,GC Original,QC Original,GC Otimizado,QC Otimizado,Diff GC,Diff QC,Observações
circuito_aleatorio_0000.tfc,450,158933,450,158933,0,0,
circuito_aleatorio_0001.tfc,450,202714,450,202650,0,64,
circuito_aleatorio_0002.tfc,450,172252,450,172252,0,0,
circuito_aleatorio_0003.tfc,450,159945,450,159945,0,0,
circuito_aleatorio_0004.tfc,450,174882,450,174882,0,0,
circuito_aleatorio_0005.tfc,450,154386,450,154386,0,0,
circuito_aleatorio_0006.tfc,450,143203,450,143203,0,0,
circuito_aleatorio_0007.tfc,450,162929,450,162929,0,0,
circuito_aleatorio_0008.tfc,450,138028,450,138028,0,0,
circuito_aleatorio_0009.tfc,450,177273,450,177269,0,4,
