Nome TFC,GC Original,QC Original,GC Otimizado,QC Otimizado,Diff GC,Diff QC,Observações
circuito_aleatorio_0000.tfc,450,20405,448,20378,2,27,
circuito_aleatorio_0001.tfc,450,21745,445,21688,5,57,
circuito_aleatorio_0002.tfc,450,22863,448,22836,2,27,
circuito_aleatorio_0003.tfc,450,23815,444,23589,6,226,
circuito_aleatorio_0004.tfc,450,20297,444,19997,6,300,
circuito_aleatorio_0005.tfc,450,20623,448,20430,2,193,
circuito_aleatorio_0006.tfc,450,23046,449,22933,1,113,
circuito_aleatorio_0007.tfc,450,20897,448,20857,2,40,
circuito_aleatorio_0008.tfc,450,23069,449,22987,1,82,
circuito_aleatorio_0009.tfc,450,20521,444,20361,6,160,
