Nome TFC,Qtd. Portas,Qtd. Subcircuitos,Tamanho Médio das Janelas,Maior Janela,Menor Janela,Observacao
benchmark_aleatorio_otimos_regras/n9_p450/2024-07-25/benchmark_2024-07-25_circuito_aleatorio_0000.tfc,448,1,448.0,448,448,
benchmark_aleatorio_otimos_regras/n9_p450/2024-07-25/benchmark_2024-07-25_circuito_aleatorio_0001.tfc,445,1,445.0,445,445,
benchmark_aleatorio_otimos_regras/n9_p450/2024-07-25/benchmark_2024-07-25_circuito_aleatorio_0002.tfc,448,1,448.0,448,448,
benchmark_aleatorio_otimos_regras/n9_p450/2024-07-25/benchmark_2024-07-25_circuito_aleatorio_0003.tfc,444,1,444.0,444,444,
benchmark_aleatorio_otimos_regras/n9_p450/2024-07-25/benchmark_2024-07-25_circuito_aleatorio_0004.tfc,444,1,444.0,444,444,
benchmark_aleatorio_otimos_regras/n9_p450/2024-07-25/benchmark_2024-07-25_circuito_aleatorio_0005.tfc,448,1,448.0,448,448,
benchmark_aleatorio_otimos_regras/n9_p450/2024-07-25/benchmark_2024-07-25_circuito_aleatorio_0006.tfc,449,1,449.0,449,449,
benchmark_aleatorio_otimos_regras/n9_p450/2024-07-25/benchmark_2024-07-25_circuito_aleatorio_0007.tfc,448,1,448.0,448,448,
benchmark_aleatorio_otimos_regras/n9_p450/2024-07-25/benchmark_2024-07-25_circuito_aleatorio_0008.tfc,449,1,449.0,449,449,
benchmark_aleatorio_otimos_regras/n9_p450/2024-07-25/benchmark_2024-07-25_circuito_aleatorio_0009.tfc,444,1,444.0,444,444,
