Nome TFC,GC Original,QC Original,GC Otimizado,QC Otimizado,Diff GC,Diff QC,Observações
circuito_aleatorio_0000.tfc,400,100316,400,100316,0,0,
circuito_aleatorio_0001.tfc,400,107988,400,107988,0,0,
circuito_aleatorio_0002.tfc,400,124066,400,124066,0,0,
circuito_aleatorio_0003.tfc,400,92924,400,92924,0,0,
circuito_aleatorio_0004.tfc,400,109528,400,109512,0,16,
circuito_aleatorio_0005.tfc,400,97295,400,97295,0,0,
circuito_aleatorio_0006.tfc,400,99446,400,99446,0,0,
circuito_aleatorio_0007.tfc,400,92017,400,92017,0,0,
circuito_aleatorio_0008.tfc,400,84706,400,84706,0,0,
circuito_aleatorio_0009.tfc,400,93066,400,93066,0,0,
