Nome TFC,Qtd. Portas,Qtd. Subcircuitos,Tamanho Médio das Janelas,Maior Janela,Menor Janela,Observacao
benchmark_aleatorio_otimos_regras/n13_p400/circuito_aleatorio_0000.tfc,400,1,400.0,400,400,
benchmark_aleatorio_otimos_regras/n13_p400/circuito_aleatorio_0001.tfc,400,1,400.0,400,400,
benchmark_aleatorio_otimos_regras/n13_p400/circuito_aleatorio_0002.tfc,400,1,400.0,400,400,
benchmark_aleatorio_otimos_regras/n13_p400/circuito_aleatorio_0003.tfc,400,1,400.0,400,400,
benchmark_aleatorio_otimos_regras/n13_p400/circuito_aleatorio_0004.tfc,400,1,400.0,400,400,
benchmark_aleatorio_otimos_regras/n13_p400/circuito_aleatorio_0005.tfc,400,1,400.0,400,400,
benchmark_aleatorio_otimos_regras/n13_p400/circuito_aleatorio_0006.tfc,400,1,400.0,400,400,
benchmark_aleatorio_otimos_regras/n13_p400/circuito_aleatorio_0007.tfc,400,1,400.0,400,400,
benchmark_aleatorio_otimos_regras/n13_p400/circuito_aleatorio_0008.tfc,400,1,400.0,400,400,
benchmark_aleatorio_otimos_regras/n13_p400/circuito_aleatorio_0009.tfc,400,1,400.0,400,400,
