Nome TFC,GC Original,QC Original,GC Otimizado,QC Otimizado,Diff GC,Diff QC,Observações
circuito_aleatorio_0000.tfc,600,153942,600,153942,0,0,
circuito_aleatorio_0001.tfc,600,178428,600,178428,0,0,
circuito_aleatorio_0002.tfc,600,144136,600,144136,0,0,
circuito_aleatorio_0003.tfc,600,155611,600,155595,0,16,
circuito_aleatorio_0004.tfc,600,147801,600,147801,0,0,
circuito_aleatorio_0005.tfc,600,128368,600,128368,0,0,
circuito_aleatorio_0006.tfc,600,138888,600,138888,0,0,
circuito_aleatorio_0007.tfc,600,136218,600,136218,0,0,
circuito_aleatorio_0008.tfc,600,158690,599,158691,1,-1,
circuito_aleatorio_0009.tfc,600,151319,600,151287,0,32,
