Nome TFC,GC Original,QC Original,GC Otimizado,QC Otimizado,Diff GC,Diff QC,Observações
circuito_aleatorio_0000.tfc,50,5666,50,5666,0,0,
circuito_aleatorio_0001.tfc,50,6922,50,6922,0,0,
circuito_aleatorio_0002.tfc,50,6566,50,6566,0,0,
circuito_aleatorio_0003.tfc,50,8820,50,8820,0,0,
circuito_aleatorio_0004.tfc,50,7791,50,7791,0,0,
circuito_aleatorio_0005.tfc,50,6908,50,6908,0,0,
circuito_aleatorio_0006.tfc,50,12100,50,12100,0,0,
circuito_aleatorio_0007.tfc,50,9096,50,9096,0,0,
circuito_aleatorio_0008.tfc,50,10016,50,10016,0,0,
circuito_aleatorio_0009.tfc,50,9112,50,9112,0,0,
