Nome TFC,GC Original,QC Original,GC Otimizado,QC Otimizado,Diff GC,Diff QC,Observações
circuito_aleatorio_0000.tfc,450,115330,450,115330,0,0,
circuito_aleatorio_0001.tfc,450,124836,450,124836,0,0,
circuito_aleatorio_0002.tfc,450,132744,450,132744,0,0,
circuito_aleatorio_0003.tfc,450,103596,450,103596,0,0,
circuito_aleatorio_0004.tfc,450,122661,450,122645,0,16,
circuito_aleatorio_0005.tfc,450,109746,450,109746,0,0,
circuito_aleatorio_0006.tfc,450,104575,450,104575,0,0,
circuito_aleatorio_0007.tfc,450,94798,450,94798,0,0,
circuito_aleatorio_0008.tfc,450,106824,450,106824,0,0,
circuito_aleatorio_0009.tfc,450,99618,450,99618,0,0,
