Nome TFC,GC Original,QC Original,GC Otimizado,QC Otimizado,Diff GC,Diff QC,Observações
circuito_aleatorio_0000.tfc,550,59269,550,59217,0,52,
circuito_aleatorio_0001.tfc,550,62767,547,62476,3,291,
circuito_aleatorio_0002.tfc,550,71223,550,71173,0,50,
circuito_aleatorio_0003.tfc,550,59043,550,59039,0,4,
circuito_aleatorio_0004.tfc,550,63032,550,63032,0,0,
circuito_aleatorio_0005.tfc,550,61424,550,61424,0,0,
circuito_aleatorio_0006.tfc,550,55049,550,55033,0,16,
circuito_aleatorio_0007.tfc,550,51916,550,51773,0,143,
circuito_aleatorio_0008.tfc,550,53877,549,53853,1,24,
circuito_aleatorio_0009.tfc,550,55054,550,55030,0,24,
