Nome TFC,GC Original,QC Original,GC Otimizado,QC Otimizado,Diff GC,Diff QC,Observações
circuito_aleatorio_0000.tfc,50,1940,50,1940,0,0,
circuito_aleatorio_0001.tfc,50,2218,50,2218,0,0,
circuito_aleatorio_0002.tfc,50,1972,50,1972,0,0,
circuito_aleatorio_0003.tfc,50,2095,48,2086,2,9,
circuito_aleatorio_0004.tfc,50,2938,50,2938,0,0,
circuito_aleatorio_0005.tfc,50,1870,50,1868,0,2,
circuito_aleatorio_0006.tfc,50,2513,50,2497,0,16,
circuito_aleatorio_0007.tfc,50,2471,50,2471,0,0,
circuito_aleatorio_0008.tfc,50,2388,50,2388,0,0,
circuito_aleatorio_0009.tfc,50,3080,50,3080,0,0,
