Nome TFC,GC Original,QC Original,GC Otimizado,QC Otimizado,Diff GC,Diff QC,Observações
circuito_aleatorio_0000.tfc,250,35765,250,35765,0,0,
circuito_aleatorio_0001.tfc,250,47232,250,47232,0,0,
circuito_aleatorio_0002.tfc,250,39721,249,39692,1,29,
circuito_aleatorio_0003.tfc,250,49337,249,49336,1,1,
circuito_aleatorio_0004.tfc,250,50213,250,50197,0,16,
circuito_aleatorio_0005.tfc,250,45722,250,45585,0,137,
circuito_aleatorio_0006.tfc,250,37685,250,37685,0,0,
circuito_aleatorio_0007.tfc,250,41265,250,41265,0,0,
circuito_aleatorio_0008.tfc,250,46147,250,46147,0,0,
circuito_aleatorio_0009.tfc,250,40749,250,40749,0,0,
