Nome TFC,Qtd. Portas,Qtd. Subcircuitos,Tamanho Médio das Janelas,Maior Janela,Menor Janela,Observacao
benchmark_aleatorio_otimos_regras/n12_p250/2024-07-26/benchmark_2024-07-26_circuito_aleatorio_0000.tfc,250,1,250.0,250,250,
benchmark_aleatorio_otimos_regras/n12_p250/2024-07-26/benchmark_2024-07-26_circuito_aleatorio_0001.tfc,250,1,250.0,250,250,
benchmark_aleatorio_otimos_regras/n12_p250/2024-07-26/benchmark_2024-07-26_circuito_aleatorio_0002.tfc,249,1,249.0,249,249,
benchmark_aleatorio_otimos_regras/n12_p250/2024-07-26/benchmark_2024-07-26_circuito_aleatorio_0003.tfc,249,1,249.0,249,249,
benchmark_aleatorio_otimos_regras/n12_p250/2024-07-26/benchmark_2024-07-26_circuito_aleatorio_0004.tfc,250,1,250.0,250,250,
benchmark_aleatorio_otimos_regras/n12_p250/2024-07-26/benchmark_2024-07-26_circuito_aleatorio_0005.tfc,250,1,250.0,250,250,
benchmark_aleatorio_otimos_regras/n12_p250/2024-07-26/benchmark_2024-07-26_circuito_aleatorio_0006.tfc,250,1,250.0,250,250,
benchmark_aleatorio_otimos_regras/n12_p250/2024-07-26/benchmark_2024-07-26_circuito_aleatorio_0007.tfc,250,1,250.0,250,250,
benchmark_aleatorio_otimos_regras/n12_p250/2024-07-26/benchmark_2024-07-26_circuito_aleatorio_0008.tfc,250,1,250.0,250,250,
benchmark_aleatorio_otimos_regras/n12_p250/2024-07-26/benchmark_2024-07-26_circuito_aleatorio_0009.tfc,250,1,250.0,250,250,
