Nome TFC,GC Original,QC Original,GC Otimizado,QC Otimizado,Diff GC,Diff QC,Observações
circuito_aleatorio_0000.tfc,650,19681,635,19574,15,107,
circuito_aleatorio_0001.tfc,650,20280,636,20040,14,240,
circuito_aleatorio_0002.tfc,650,22446,637,22098,13,348,
circuito_aleatorio_0003.tfc,650,19558,636,19413,14,145,
circuito_aleatorio_0004.tfc,650,20445,636,20186,14,259,
circuito_aleatorio_0005.tfc,650,21182,639,20981,11,201,
circuito_aleatorio_0006.tfc,650,20425,640,20237,10,188,
circuito_aleatorio_0007.tfc,650,19171,639,19032,11,139,
circuito_aleatorio_0008.tfc,650,18156,639,17902,11,254,
circuito_aleatorio_0009.tfc,650,18958,632,18702,18,256,
