Nome TFC,Qtd. Portas,Qtd. Subcircuitos,Tamanho Médio das Janelas,Maior Janela,Menor Janela,Observacao
benchmark_aleatorio_otimos_regras/n8_p650/2024-07-25/benchmark_2024-07-25_circuito_aleatorio_0000.tfc,635,1,635.0,635,635,
benchmark_aleatorio_otimos_regras/n8_p650/2024-07-25/benchmark_2024-07-25_circuito_aleatorio_0001.tfc,636,1,636.0,636,636,
benchmark_aleatorio_otimos_regras/n8_p650/2024-07-25/benchmark_2024-07-25_circuito_aleatorio_0002.tfc,637,1,637.0,637,637,
benchmark_aleatorio_otimos_regras/n8_p650/2024-07-25/benchmark_2024-07-25_circuito_aleatorio_0003.tfc,636,1,636.0,636,636,
benchmark_aleatorio_otimos_regras/n8_p650/2024-07-25/benchmark_2024-07-25_circuito_aleatorio_0004.tfc,636,1,636.0,636,636,
benchmark_aleatorio_otimos_regras/n8_p650/2024-07-25/benchmark_2024-07-25_circuito_aleatorio_0005.tfc,639,1,639.0,639,639,
benchmark_aleatorio_otimos_regras/n8_p650/2024-07-25/benchmark_2024-07-25_circuito_aleatorio_0006.tfc,640,1,640.0,640,640,
benchmark_aleatorio_otimos_regras/n8_p650/2024-07-25/benchmark_2024-07-25_circuito_aleatorio_0007.tfc,639,1,639.0,639,639,
benchmark_aleatorio_otimos_regras/n8_p650/2024-07-25/benchmark_2024-07-25_circuito_aleatorio_0008.tfc,639,1,639.0,639,639,
benchmark_aleatorio_otimos_regras/n8_p650/2024-07-25/benchmark_2024-07-25_circuito_aleatorio_0009.tfc,632,1,632.0,632,632,
