Nome TFC,GC Original,QC Original,GC Otimizado,QC Otimizado,Diff GC,Diff QC,Observações
circuito_aleatorio_0000.tfc,900,94733,897,94390,3,343,
circuito_aleatorio_0001.tfc,900,111858,900,111808,0,50,
circuito_aleatorio_0002.tfc,900,103583,900,103579,0,4,
circuito_aleatorio_0003.tfc,900,97011,900,96995,0,16,
circuito_aleatorio_0004.tfc,900,86946,900,86803,0,143,
circuito_aleatorio_0005.tfc,900,89383,899,89335,1,48,
circuito_aleatorio_0006.tfc,900,100230,899,100137,1,93,
circuito_aleatorio_0007.tfc,900,101602,896,101494,4,108,
circuito_aleatorio_0008.tfc,900,99765,899,99760,1,5,
circuito_aleatorio_0009.tfc,900,98180,900,98142,0,38,
