Nome TFC,GC Original,QC Original,GC Otimizado,QC Otimizado,Diff GC,Diff QC,Observações
circuito_aleatorio_0000.tfc,250,16387,248,16349,2,38,
circuito_aleatorio_0001.tfc,250,18650,249,18561,1,89,
circuito_aleatorio_0002.tfc,250,18168,250,18104,0,64,
circuito_aleatorio_0003.tfc,250,16270,250,16230,0,40,
circuito_aleatorio_0004.tfc,250,22292,248,22290,2,2,
circuito_aleatorio_0005.tfc,250,22605,250,22545,0,60,
circuito_aleatorio_0006.tfc,250,19137,250,19101,0,36,
circuito_aleatorio_0007.tfc,250,16057,250,16025,0,32,
circuito_aleatorio_0008.tfc,250,18502,249,18503,1,-1,
circuito_aleatorio_0009.tfc,250,18927,248,18809,2,118,
