Nome TFC,GC Original,QC Original,GC Otimizado,QC Otimizado,Diff GC,Diff QC,Observações
circuito_aleatorio_0000.tfc,700,175862,700,175862,0,0,
circuito_aleatorio_0001.tfc,700,208330,700,208330,0,0,
circuito_aleatorio_0002.tfc,700,177472,700,177456,0,16,
circuito_aleatorio_0003.tfc,700,169899,700,169899,0,0,
circuito_aleatorio_0004.tfc,700,150314,700,150314,0,0,
circuito_aleatorio_0005.tfc,700,165297,700,165297,0,0,
circuito_aleatorio_0006.tfc,700,164914,700,164914,0,0,
circuito_aleatorio_0007.tfc,700,179122,699,179123,1,-1,
circuito_aleatorio_0008.tfc,700,173832,700,173800,0,32,
circuito_aleatorio_0009.tfc,700,181894,700,181894,0,0,
