Nome TFC,GC Original,QC Original,GC Otimizado,QC Otimizado,Diff GC,Diff QC,Observações
circuito_aleatorio_0000.tfc,800,311283,800,311219,0,64,
circuito_aleatorio_0001.tfc,800,307102,800,307102,0,0,
circuito_aleatorio_0002.tfc,800,311131,800,311131,0,0,
circuito_aleatorio_0003.tfc,800,252738,800,252738,0,0,
circuito_aleatorio_0004.tfc,800,268656,800,268656,0,0,
circuito_aleatorio_0005.tfc,800,304897,800,304893,0,4,
circuito_aleatorio_0006.tfc,800,298875,800,298875,0,0,
circuito_aleatorio_0007.tfc,800,301346,800,301186,0,160,
circuito_aleatorio_0008.tfc,800,304509,800,304509,0,0,
circuito_aleatorio_0009.tfc,800,318023,800,318023,0,0,
