Nome TFC,GC Original,QC Original,GC Otimizado,QC Otimizado,Diff GC,Diff QC,Observações
circuito_aleatorio_0000.tfc,250,23249,250,23229,0,20,
circuito_aleatorio_0001.tfc,250,29510,250,29478,0,32,
circuito_aleatorio_0002.tfc,250,24001,248,23719,2,282,
circuito_aleatorio_0003.tfc,250,34138,249,34129,1,9,
circuito_aleatorio_0004.tfc,250,32195,250,32193,0,2,
circuito_aleatorio_0005.tfc,250,31183,250,31183,0,0,
circuito_aleatorio_0006.tfc,250,27645,250,27597,0,48,
circuito_aleatorio_0007.tfc,250,29351,250,29351,0,0,
circuito_aleatorio_0008.tfc,250,28241,250,28237,0,4,
circuito_aleatorio_0009.tfc,250,30453,250,30453,0,0,
