Nome TFC,GC Original,QC Original,GC Otimizado,QC Otimizado,Diff GC,Diff QC,Observações
circuito_aleatorio_0000.tfc,950,383025,950,382961,0,64,
circuito_aleatorio_0001.tfc,950,358057,950,358057,0,0,
circuito_aleatorio_0002.tfc,950,338946,950,338946,0,0,
circuito_aleatorio_0003.tfc,950,310914,950,310914,0,0,
circuito_aleatorio_0004.tfc,950,344117,950,344113,0,4,
circuito_aleatorio_0005.tfc,950,359859,950,359859,0,0,
circuito_aleatorio_0006.tfc,950,346292,950,346132,0,160,
circuito_aleatorio_0007.tfc,950,376544,950,376544,0,0,
circuito_aleatorio_0008.tfc,950,365429,950,365429,0,0,
circuito_aleatorio_0009.tfc,950,380193,950,380184,0,9,
