Nome TFC,GC Original,QC Original,GC Otimizado,QC Otimizado,Diff GC,Diff QC,Observações
circuito_aleatorio_0000.tfc,800,55563,797,55372,3,191,
circuito_aleatorio_0001.tfc,800,66940,798,66838,2,102,
circuito_aleatorio_0002.tfc,800,56272,797,56119,3,153,
circuito_aleatorio_0003.tfc,800,62031,800,61972,0,59,
circuito_aleatorio_0004.tfc,800,57518,798,57296,2,222,
circuito_aleatorio_0005.tfc,800,52401,800,52347,0,54,
circuito_aleatorio_0006.tfc,800,55649,797,55463,3,186,
circuito_aleatorio_0007.tfc,800,57307,797,57181,3,126,
circuito_aleatorio_0008.tfc,800,61962,798,61843,2,119,
circuito_aleatorio_0009.tfc,800,57479,799,57414,1,65,
