Nome TFC,GC Original,QC Original,GC Otimizado,QC Otimizado,Diff GC,Diff QC,Observações
circuito_aleatorio_0000.tfc,700,21347,684,21235,16,112,
circuito_aleatorio_0001.tfc,700,22152,686,21916,14,236,
circuito_aleatorio_0002.tfc,700,23801,686,23428,14,373,
circuito_aleatorio_0003.tfc,700,21227,686,20993,14,234,
circuito_aleatorio_0004.tfc,700,22328,686,22127,14,201,
circuito_aleatorio_0005.tfc,700,21848,686,21632,14,216,
circuito_aleatorio_0006.tfc,700,21474,690,21267,10,207,
circuito_aleatorio_0007.tfc,700,20289,686,20134,14,155,
circuito_aleatorio_0008.tfc,700,20346,682,19964,18,382,
circuito_aleatorio_0009.tfc,700,20916,686,20681,14,235,
