Nome TFC,Qtd. Portas,Qtd. Subcircuitos,Tamanho Médio das Janelas,Maior Janela,Menor Janela,Observacao
benchmark_aleatorio_otimos_regras/n8_p700/2024-07-25/benchmark_2024-07-25_circuito_aleatorio_0000.tfc,684,1,684.0,684,684,
benchmark_aleatorio_otimos_regras/n8_p700/2024-07-25/benchmark_2024-07-25_circuito_aleatorio_0001.tfc,686,1,686.0,686,686,
benchmark_aleatorio_otimos_regras/n8_p700/2024-07-25/benchmark_2024-07-25_circuito_aleatorio_0002.tfc,686,1,686.0,686,686,
benchmark_aleatorio_otimos_regras/n8_p700/2024-07-25/benchmark_2024-07-25_circuito_aleatorio_0003.tfc,686,1,686.0,686,686,
benchmark_aleatorio_otimos_regras/n8_p700/2024-07-25/benchmark_2024-07-25_circuito_aleatorio_0004.tfc,686,1,686.0,686,686,
benchmark_aleatorio_otimos_regras/n8_p700/2024-07-25/benchmark_2024-07-25_circuito_aleatorio_0005.tfc,686,1,686.0,686,686,
benchmark_aleatorio_otimos_regras/n8_p700/2024-07-25/benchmark_2024-07-25_circuito_aleatorio_0006.tfc,690,1,690.0,690,690,
benchmark_aleatorio_otimos_regras/n8_p700/2024-07-25/benchmark_2024-07-25_circuito_aleatorio_0007.tfc,686,1,686.0,686,686,
benchmark_aleatorio_otimos_regras/n8_p700/2024-07-25/benchmark_2024-07-25_circuito_aleatorio_0008.tfc,682,1,682.0,682,682,
benchmark_aleatorio_otimos_regras/n8_p700/2024-07-25/benchmark_2024-07-25_circuito_aleatorio_0009.tfc,686,1,686.0,686,686,
