Nome TFC,GC Original,QC Original,GC Otimizado,QC Otimizado,Diff GC,Diff QC,Observações
circuito_aleatorio_0000.tfc,150,3967,145,3929,5,38,
circuito_aleatorio_0001.tfc,150,4617,149,4598,1,19,
circuito_aleatorio_0002.tfc,150,4645,148,4641,2,4,
circuito_aleatorio_0003.tfc,150,5043,145,5007,5,36,
circuito_aleatorio_0004.tfc,150,5080,147,5057,3,23,
circuito_aleatorio_0005.tfc,150,4249,147,4185,3,64,
circuito_aleatorio_0006.tfc,150,3907,145,3868,5,39,
circuito_aleatorio_0007.tfc,150,4632,147,4561,3,71,
circuito_aleatorio_0008.tfc,150,5622,148,5569,2,53,
circuito_aleatorio_0009.tfc,150,5145,146,5092,4,53,
