Nome TFC,Qtd. Portas,Qtd. Subcircuitos,Tamanho Médio das Janelas,Maior Janela,Menor Janela,Observacao
benchmark_aleatorio_otimos_regras/n8_p150/2024-07-25/benchmark_2024-07-25_circuito_aleatorio_0000.tfc,145,1,145.0,145,145,
benchmark_aleatorio_otimos_regras/n8_p150/2024-07-25/benchmark_2024-07-25_circuito_aleatorio_0001.tfc,149,1,149.0,149,149,
benchmark_aleatorio_otimos_regras/n8_p150/2024-07-25/benchmark_2024-07-25_circuito_aleatorio_0002.tfc,148,1,148.0,148,148,
benchmark_aleatorio_otimos_regras/n8_p150/2024-07-25/benchmark_2024-07-25_circuito_aleatorio_0003.tfc,145,1,145.0,145,145,
benchmark_aleatorio_otimos_regras/n8_p150/2024-07-25/benchmark_2024-07-25_circuito_aleatorio_0004.tfc,147,1,147.0,147,147,
benchmark_aleatorio_otimos_regras/n8_p150/2024-07-25/benchmark_2024-07-25_circuito_aleatorio_0005.tfc,147,1,147.0,147,147,
benchmark_aleatorio_otimos_regras/n8_p150/2024-07-25/benchmark_2024-07-25_circuito_aleatorio_0006.tfc,145,1,145.0,145,145,
benchmark_aleatorio_otimos_regras/n8_p150/2024-07-25/benchmark_2024-07-25_circuito_aleatorio_0007.tfc,147,1,147.0,147,147,
benchmark_aleatorio_otimos_regras/n8_p150/2024-07-25/benchmark_2024-07-25_circuito_aleatorio_0008.tfc,148,1,148.0,148,148,
benchmark_aleatorio_otimos_regras/n8_p150/2024-07-25/benchmark_2024-07-25_circuito_aleatorio_0009.tfc,146,1,146.0,146,146,
