Nome TFC,GC Original,QC Original,GC Otimizado,QC Otimizado,Diff GC,Diff QC,Observações
circuito_aleatorio_0000.tfc,100,29596,100,29596,0,0,
circuito_aleatorio_0001.tfc,100,31670,100,31670,0,0,
circuito_aleatorio_0002.tfc,100,41864,100,41864,0,0,
circuito_aleatorio_0003.tfc,100,42385,100,42385,0,0,
circuito_aleatorio_0004.tfc,100,30440,100,30440,0,0,
circuito_aleatorio_0005.tfc,100,30122,100,30122,0,0,
circuito_aleatorio_0006.tfc,100,47195,100,47131,0,64,
circuito_aleatorio_0007.tfc,100,58011,100,58011,0,0,
circuito_aleatorio_0008.tfc,100,50364,100,50364,0,0,
circuito_aleatorio_0009.tfc,100,39152,100,39152,0,0,
