Nome TFC,GC Original,QC Original,GC Otimizado,QC Otimizado,Diff GC,Diff QC,Observações
circuito_aleatorio_0000.tfc,350,23273,348,23235,2,38,
circuito_aleatorio_0001.tfc,350,26494,349,26341,1,153,
circuito_aleatorio_0002.tfc,350,25759,350,25719,0,40,
circuito_aleatorio_0003.tfc,350,29192,348,29162,2,30,
circuito_aleatorio_0004.tfc,350,28791,350,28723,0,68,
circuito_aleatorio_0005.tfc,350,23258,350,23226,0,32,
circuito_aleatorio_0006.tfc,350,25233,347,25148,3,85,
circuito_aleatorio_0007.tfc,350,29747,350,29715,0,32,
circuito_aleatorio_0008.tfc,350,24565,350,24538,0,27,
circuito_aleatorio_0009.tfc,350,28288,350,28224,0,64,
