Nome TFC,GC Original,QC Original,GC Otimizado,QC Otimizado,Diff GC,Diff QC,Observações
circuito_aleatorio_0000.tfc,250,57678,250,57678,0,0,
circuito_aleatorio_0001.tfc,250,70086,250,70086,0,0,
circuito_aleatorio_0002.tfc,250,61996,250,61996,0,0,
circuito_aleatorio_0003.tfc,250,84038,250,84038,0,0,
circuito_aleatorio_0004.tfc,250,68992,250,68992,0,0,
circuito_aleatorio_0005.tfc,250,58142,250,58142,0,0,
circuito_aleatorio_0006.tfc,250,61560,250,61560,0,0,
circuito_aleatorio_0007.tfc,250,72330,250,72314,0,16,
circuito_aleatorio_0008.tfc,250,64345,250,64345,0,0,
circuito_aleatorio_0009.tfc,250,65694,250,65694,0,0,
