Nome TFC,GC Original,QC Original,GC Otimizado,QC Otimizado,Diff GC,Diff QC,Observações
circuito_aleatorio_0000.tfc,100,18756,100,18756,0,0,
circuito_aleatorio_0001.tfc,100,22664,100,22664,0,0,
circuito_aleatorio_0002.tfc,100,29864,100,29864,0,0,
circuito_aleatorio_0003.tfc,100,29032,100,29032,0,0,
circuito_aleatorio_0004.tfc,100,27448,100,27448,0,0,
circuito_aleatorio_0005.tfc,100,26178,100,26178,0,0,
circuito_aleatorio_0006.tfc,100,21920,100,21920,0,0,
circuito_aleatorio_0007.tfc,100,32442,100,32442,0,0,
circuito_aleatorio_0008.tfc,100,31862,100,31862,0,0,
circuito_aleatorio_0009.tfc,100,33632,100,33632,0,0,
