Nome TFC,GC Original,QC Original,GC Otimizado,QC Otimizado,Diff GC,Diff QC,Observações
circuito_aleatorio_0000.tfc,50,14314,50,14314,0,0,
circuito_aleatorio_0001.tfc,50,15282,50,15282,0,0,
circuito_aleatorio_0002.tfc,50,19012,50,19012,0,0,
circuito_aleatorio_0003.tfc,50,12658,50,12658,0,0,
circuito_aleatorio_0004.tfc,50,20238,50,20238,0,0,
circuito_aleatorio_0005.tfc,50,21626,50,21626,0,0,
circuito_aleatorio_0006.tfc,50,19367,50,19367,0,0,
circuito_aleatorio_0007.tfc,50,23018,50,23018,0,0,
circuito_aleatorio_0008.tfc,50,13418,50,13418,0,0,
circuito_aleatorio_0009.tfc,50,17022,50,17022,0,0,
