Nome TFC,GC Original,QC Original,GC Otimizado,QC Otimizado,Diff GC,Diff QC,Observações
circuito_aleatorio_0000.tfc,850,58615,847,58424,3,191,
circuito_aleatorio_0001.tfc,850,71286,848,71148,2,138,
circuito_aleatorio_0002.tfc,850,61174,847,61025,3,149,
circuito_aleatorio_0003.tfc,850,66851,850,66760,0,91,
circuito_aleatorio_0004.tfc,850,58219,848,57991,2,228,
circuito_aleatorio_0005.tfc,850,55720,850,55636,0,84,
circuito_aleatorio_0006.tfc,850,57618,846,57445,4,173,
circuito_aleatorio_0007.tfc,850,63746,848,63608,2,138,
circuito_aleatorio_0008.tfc,850,66113,847,65980,3,133,
circuito_aleatorio_0009.tfc,850,58616,848,58581,2,35,
