Nome TFC,Qtd. Portas,Qtd. Subcircuitos,Tamanho Médio das Janelas,Maior Janela,Menor Janela,Observacao
benchmark_aleatorio_otimos_regras/n10_p850/2024-07-26/benchmark_2024-07-26_circuito_aleatorio_0000.tfc,847,1,847.0,847,847,
benchmark_aleatorio_otimos_regras/n10_p850/2024-07-26/benchmark_2024-07-26_circuito_aleatorio_0001.tfc,848,1,848.0,848,848,
benchmark_aleatorio_otimos_regras/n10_p850/2024-07-26/benchmark_2024-07-26_circuito_aleatorio_0002.tfc,847,1,847.0,847,847,
benchmark_aleatorio_otimos_regras/n10_p850/2024-07-26/benchmark_2024-07-26_circuito_aleatorio_0003.tfc,850,1,850.0,850,850,
benchmark_aleatorio_otimos_regras/n10_p850/2024-07-26/benchmark_2024-07-26_circuito_aleatorio_0004.tfc,848,1,848.0,848,848,
benchmark_aleatorio_otimos_regras/n10_p850/2024-07-26/benchmark_2024-07-26_circuito_aleatorio_0005.tfc,850,1,850.0,850,850,
benchmark_aleatorio_otimos_regras/n10_p850/2024-07-26/benchmark_2024-07-26_circuito_aleatorio_0006.tfc,846,1,846.0,846,846,
benchmark_aleatorio_otimos_regras/n10_p850/2024-07-26/benchmark_2024-07-26_circuito_aleatorio_0007.tfc,848,1,848.0,848,848,
benchmark_aleatorio_otimos_regras/n10_p850/2024-07-26/benchmark_2024-07-26_circuito_aleatorio_0008.tfc,847,1,847.0,847,847,
benchmark_aleatorio_otimos_regras/n10_p850/2024-07-26/benchmark_2024-07-26_circuito_aleatorio_0009.tfc,848,1,848.0,848,848,
