Nome TFC,GC Original,QC Original,GC Otimizado,QC Otimizado,Diff GC,Diff QC,Observações
circuito_aleatorio_0000.tfc,550,90201,549,90172,1,29,
circuito_aleatorio_0001.tfc,550,101459,549,101458,1,1,
circuito_aleatorio_0002.tfc,550,96560,550,96407,0,153,
circuito_aleatorio_0003.tfc,550,94631,550,94631,0,0,
circuito_aleatorio_0004.tfc,550,96215,550,96215,0,0,
circuito_aleatorio_0005.tfc,550,89873,549,89860,1,13,
circuito_aleatorio_0006.tfc,550,76581,549,76568,1,13,
circuito_aleatorio_0007.tfc,550,84498,550,84498,0,0,
circuito_aleatorio_0008.tfc,550,81974,550,81958,0,16,
circuito_aleatorio_0009.tfc,550,88535,549,88514,1,21,
