Nome TFC,GC Original,QC Original,GC Otimizado,QC Otimizado,Diff GC,Diff QC,Observações
circuito_aleatorio_0000.tfc,300,42673,300,42673,0,0,
circuito_aleatorio_0001.tfc,300,58104,299,58075,1,29,
circuito_aleatorio_0002.tfc,300,53262,299,53261,1,1,
circuito_aleatorio_0003.tfc,300,58959,300,58959,0,0,
circuito_aleatorio_0004.tfc,300,54992,300,54839,0,153,
circuito_aleatorio_0005.tfc,300,46901,300,46901,0,0,
circuito_aleatorio_0006.tfc,300,50636,300,50636,0,0,
circuito_aleatorio_0007.tfc,300,53782,300,53782,0,0,
circuito_aleatorio_0008.tfc,300,51903,300,51903,0,0,
circuito_aleatorio_0009.tfc,300,46509,299,46496,1,13,
