Nome TFC,GC Original,QC Original,GC Otimizado,QC Otimizado,Diff GC,Diff QC,Observações
circuito_aleatorio_0000.tfc,150,13289,150,13285,0,4,
circuito_aleatorio_0001.tfc,150,16887,150,16839,0,48,
circuito_aleatorio_0002.tfc,150,17038,150,17038,0,0,
circuito_aleatorio_0003.tfc,150,16849,149,16596,1,253,
circuito_aleatorio_0004.tfc,150,12697,149,12668,1,29,
circuito_aleatorio_0005.tfc,150,17973,149,17964,1,9,
circuito_aleatorio_0006.tfc,150,22094,150,22094,0,0,
circuito_aleatorio_0007.tfc,150,19532,150,19530,0,2,
circuito_aleatorio_0008.tfc,150,19648,150,19648,0,0,
circuito_aleatorio_0009.tfc,150,18269,150,18269,0,0,
