Nome TFC,GC Original,QC Original,GC Otimizado,QC Otimizado,Diff GC,Diff QC,Observações
circuito_aleatorio_0000.tfc,50,1292,48,1276,2,16,
circuito_aleatorio_0001.tfc,50,1324,47,1309,3,15,
circuito_aleatorio_0002.tfc,50,1351,50,1347,0,4,
circuito_aleatorio_0003.tfc,50,1009,50,994,0,15,
circuito_aleatorio_0004.tfc,50,2094,49,2090,1,4,
circuito_aleatorio_0005.tfc,50,1514,50,1514,0,0,
circuito_aleatorio_0006.tfc,50,1167,48,1168,2,-1,
circuito_aleatorio_0007.tfc,50,1882,50,1886,0,-4,
circuito_aleatorio_0008.tfc,50,1596,50,1587,0,9,
circuito_aleatorio_0009.tfc,50,1500,50,1499,0,1,
