Nome TFC,Qtd. Portas,Qtd. Subcircuitos,Tamanho Médio das Janelas,Maior Janela,Menor Janela,Observacao
benchmark_aleatorio_otimos_regras/n8_p50/2024-07-25/benchmark_2024-07-25_circuito_aleatorio_0000.tfc,48,1,48.0,48,48,
benchmark_aleatorio_otimos_regras/n8_p50/2024-07-25/benchmark_2024-07-25_circuito_aleatorio_0001.tfc,47,1,47.0,47,47,
benchmark_aleatorio_otimos_regras/n8_p50/2024-07-25/benchmark_2024-07-25_circuito_aleatorio_0002.tfc,50,1,50.0,50,50,
benchmark_aleatorio_otimos_regras/n8_p50/2024-07-25/benchmark_2024-07-25_circuito_aleatorio_0003.tfc,50,1,50.0,50,50,
benchmark_aleatorio_otimos_regras/n8_p50/2024-07-25/benchmark_2024-07-25_circuito_aleatorio_0004.tfc,49,1,49.0,49,49,
benchmark_aleatorio_otimos_regras/n8_p50/2024-07-25/benchmark_2024-07-25_circuito_aleatorio_0005.tfc,50,1,50.0,50,50,
benchmark_aleatorio_otimos_regras/n8_p50/2024-07-25/benchmark_2024-07-25_circuito_aleatorio_0006.tfc,48,1,48.0,48,48,
benchmark_aleatorio_otimos_regras/n8_p50/2024-07-25/benchmark_2024-07-25_circuito_aleatorio_0007.tfc,50,1,50.0,50,50,
benchmark_aleatorio_otimos_regras/n8_p50/2024-07-25/benchmark_2024-07-25_circuito_aleatorio_0008.tfc,50,1,50.0,50,50,
benchmark_aleatorio_otimos_regras/n8_p50/2024-07-25/benchmark_2024-07-25_circuito_aleatorio_0009.tfc,50,1,50.0,50,50,
