Nome TFC,GC Original,QC Original,GC Otimizado,QC Otimizado,Diff GC,Diff QC,Observações
circuito_aleatorio_0000.tfc,50,4004,50,4004,0,0,
circuito_aleatorio_0001.tfc,50,5324,50,5320,0,4,
circuito_aleatorio_0002.tfc,50,3961,50,3961,0,0,
circuito_aleatorio_0003.tfc,50,6501,50,6501,0,0,
circuito_aleatorio_0004.tfc,50,3459,50,3443,0,16,
circuito_aleatorio_0005.tfc,50,6927,50,6895,0,32,
circuito_aleatorio_0006.tfc,50,4910,50,4910,0,0,
circuito_aleatorio_0007.tfc,50,7513,50,7513,0,0,
circuito_aleatorio_0008.tfc,50,4615,50,4615,0,0,
circuito_aleatorio_0009.tfc,50,5545,50,5545,0,0,
