Nome TFC,GC Original,QC Original,GC Otimizado,QC Otimizado,Diff GC,Diff QC,Observações
circuito_aleatorio_0000.tfc,450,13229,442,13168,8,61,
circuito_aleatorio_0001.tfc,450,14372,439,14249,11,123,
circuito_aleatorio_0002.tfc,450,14161,440,13998,10,163,
circuito_aleatorio_0003.tfc,450,15552,441,15278,9,274,
circuito_aleatorio_0004.tfc,450,14619,443,14455,7,164,
circuito_aleatorio_0005.tfc,450,13432,438,13340,12,92,
circuito_aleatorio_0006.tfc,450,13315,441,13176,9,139,
circuito_aleatorio_0007.tfc,450,15643,445,15453,5,190,
circuito_aleatorio_0008.tfc,450,13424,437,13320,13,104,
circuito_aleatorio_0009.tfc,450,14970,445,14811,5,159,
