Nome TFC,Qtd. Portas,Qtd. Subcircuitos,Tamanho Médio das Janelas,Maior Janela,Menor Janela,Observacao
benchmark_aleatorio_otimos_regras/n8_p450/2024-07-25/benchmark_2024-07-25_circuito_aleatorio_0000.tfc,442,1,442.0,442,442,
benchmark_aleatorio_otimos_regras/n8_p450/2024-07-25/benchmark_2024-07-25_circuito_aleatorio_0001.tfc,439,1,439.0,439,439,
benchmark_aleatorio_otimos_regras/n8_p450/2024-07-25/benchmark_2024-07-25_circuito_aleatorio_0002.tfc,440,1,440.0,440,440,
benchmark_aleatorio_otimos_regras/n8_p450/2024-07-25/benchmark_2024-07-25_circuito_aleatorio_0003.tfc,441,1,441.0,441,441,
benchmark_aleatorio_otimos_regras/n8_p450/2024-07-25/benchmark_2024-07-25_circuito_aleatorio_0004.tfc,443,1,443.0,443,443,
benchmark_aleatorio_otimos_regras/n8_p450/2024-07-25/benchmark_2024-07-25_circuito_aleatorio_0005.tfc,438,1,438.0,438,438,
benchmark_aleatorio_otimos_regras/n8_p450/2024-07-25/benchmark_2024-07-25_circuito_aleatorio_0006.tfc,441,1,441.0,441,441,
benchmark_aleatorio_otimos_regras/n8_p450/2024-07-25/benchmark_2024-07-25_circuito_aleatorio_0007.tfc,445,1,445.0,445,445,
benchmark_aleatorio_otimos_regras/n8_p450/2024-07-25/benchmark_2024-07-25_circuito_aleatorio_0008.tfc,437,1,437.0,437,437,
benchmark_aleatorio_otimos_regras/n8_p450/2024-07-25/benchmark_2024-07-25_circuito_aleatorio_0009.tfc,445,1,445.0,445,445,
