Nome TFC,GC Original,QC Original,GC Otimizado,QC Otimizado,Diff GC,Diff QC,Observações
circuito_aleatorio_0000.tfc,50,8904,50,8904,0,0,
circuito_aleatorio_0001.tfc,50,9852,50,9852,0,0,
circuito_aleatorio_0002.tfc,50,13998,50,13998,0,0,
circuito_aleatorio_0003.tfc,50,8666,50,8666,0,0,
circuito_aleatorio_0004.tfc,50,16258,50,16258,0,0,
circuito_aleatorio_0005.tfc,50,13606,50,13606,0,0,
circuito_aleatorio_0006.tfc,50,16392,50,16392,0,0,
circuito_aleatorio_0007.tfc,50,12640,50,12640,0,0,
circuito_aleatorio_0008.tfc,50,15014,50,15014,0,0,
circuito_aleatorio_0009.tfc,50,12434,50,12434,0,0,
