Nome TFC,GC Original,QC Original,GC Otimizado,QC Otimizado,Diff GC,Diff QC,Observações
circuito_aleatorio_0000.tfc,150,32754,150,32754,0,0,
circuito_aleatorio_0001.tfc,150,38530,150,38530,0,0,
circuito_aleatorio_0002.tfc,150,44046,150,44046,0,0,
circuito_aleatorio_0003.tfc,150,38612,150,38612,0,0,
circuito_aleatorio_0004.tfc,150,35818,150,35818,0,0,
circuito_aleatorio_0005.tfc,150,50406,150,50406,0,0,
circuito_aleatorio_0006.tfc,150,49108,150,49108,0,0,
circuito_aleatorio_0007.tfc,150,43096,150,43096,0,0,
circuito_aleatorio_0008.tfc,150,40540,150,40540,0,0,
circuito_aleatorio_0009.tfc,150,28022,150,28022,0,0,
