Nome TFC,GC Original,QC Original,GC Otimizado,QC Otimizado,Diff GC,Diff QC,Observações
circuito_aleatorio_0000.tfc,550,189571,550,189571,0,0,
circuito_aleatorio_0001.tfc,550,256016,550,255952,0,64,
circuito_aleatorio_0002.tfc,550,190732,550,190732,0,0,
circuito_aleatorio_0003.tfc,550,211965,550,211965,0,0,
circuito_aleatorio_0004.tfc,550,193010,550,193010,0,0,
circuito_aleatorio_0005.tfc,550,171106,550,171106,0,0,
circuito_aleatorio_0006.tfc,550,194308,550,194308,0,0,
circuito_aleatorio_0007.tfc,550,203099,550,203095,0,4,
circuito_aleatorio_0008.tfc,550,201594,550,201594,0,0,
circuito_aleatorio_0009.tfc,550,215215,550,215215,0,0,
