Nome TFC,GC Original,QC Original,GC Otimizado,QC Otimizado,Diff GC,Diff QC,Observações
circuito_aleatorio_0000.tfc,150,9054,149,9041,1,13,
circuito_aleatorio_0001.tfc,150,10481,149,10456,1,25,
circuito_aleatorio_0002.tfc,150,12424,149,12335,1,89,
circuito_aleatorio_0003.tfc,150,10722,150,10658,0,64,
circuito_aleatorio_0004.tfc,150,10524,150,10524,0,0,
circuito_aleatorio_0005.tfc,150,8482,150,8482,0,0,
circuito_aleatorio_0006.tfc,150,13839,150,13799,0,40,
circuito_aleatorio_0007.tfc,150,12126,148,12124,2,2,
circuito_aleatorio_0008.tfc,150,12123,150,12095,0,28,
circuito_aleatorio_0009.tfc,150,14597,150,14565,0,32,
