Nome TFC,GC Original,QC Original,GC Otimizado,QC Otimizado,Diff GC,Diff QC,Observações
circuito_aleatorio_0000.tfc,750,23352,734,23232,16,120,
circuito_aleatorio_0001.tfc,750,23555,733,23275,17,280,
circuito_aleatorio_0002.tfc,750,25026,737,24640,13,386,
circuito_aleatorio_0003.tfc,750,22099,733,21894,17,205,
circuito_aleatorio_0004.tfc,750,25058,735,24781,15,277,
circuito_aleatorio_0005.tfc,750,23627,738,23425,12,202,
circuito_aleatorio_0006.tfc,750,22303,736,22137,14,166,
circuito_aleatorio_0007.tfc,750,20526,738,20231,12,295,
circuito_aleatorio_0008.tfc,750,23003,728,22635,22,368,
circuito_aleatorio_0009.tfc,750,21046,729,20759,21,287,
