Nome TFC,Qtd. Portas,Qtd. Subcircuitos,Tamanho Médio das Janelas,Maior Janela,Menor Janela,Observacao
benchmark_aleatorio_otimos_regras/n8_p750/2024-07-25/benchmark_2024-07-25_circuito_aleatorio_0000.tfc,734,1,734.0,734,734,
benchmark_aleatorio_otimos_regras/n8_p750/2024-07-25/benchmark_2024-07-25_circuito_aleatorio_0001.tfc,733,1,733.0,733,733,
benchmark_aleatorio_otimos_regras/n8_p750/2024-07-25/benchmark_2024-07-25_circuito_aleatorio_0002.tfc,737,1,737.0,737,737,
benchmark_aleatorio_otimos_regras/n8_p750/2024-07-25/benchmark_2024-07-25_circuito_aleatorio_0003.tfc,733,1,733.0,733,733,
benchmark_aleatorio_otimos_regras/n8_p750/2024-07-25/benchmark_2024-07-25_circuito_aleatorio_0004.tfc,735,1,735.0,735,735,
benchmark_aleatorio_otimos_regras/n8_p750/2024-07-25/benchmark_2024-07-25_circuito_aleatorio_0005.tfc,738,1,738.0,738,738,
benchmark_aleatorio_otimos_regras/n8_p750/2024-07-25/benchmark_2024-07-25_circuito_aleatorio_0006.tfc,736,1,736.0,736,736,
benchmark_aleatorio_otimos_regras/n8_p750/2024-07-25/benchmark_2024-07-25_circuito_aleatorio_0007.tfc,738,1,738.0,738,738,
benchmark_aleatorio_otimos_regras/n8_p750/2024-07-25/benchmark_2024-07-25_circuito_aleatorio_0008.tfc,728,1,728.0,728,728,
benchmark_aleatorio_otimos_regras/n8_p750/2024-07-25/benchmark_2024-07-25_circuito_aleatorio_0009.tfc,729,1,729.0,729,729,
