Nome TFC,GC Original,QC Original,GC Otimizado,QC Otimizado,Diff GC,Diff QC,Observações
circuito_aleatorio_0000.tfc,900,154039,898,154009,2,30,
circuito_aleatorio_0001.tfc,900,160852,900,160699,0,153,
circuito_aleatorio_0002.tfc,900,156321,900,156321,0,0,
circuito_aleatorio_0003.tfc,900,141706,899,141693,1,13,
circuito_aleatorio_0004.tfc,900,128832,899,128819,1,13,
circuito_aleatorio_0005.tfc,900,144667,899,144630,1,37,
circuito_aleatorio_0006.tfc,900,157013,900,156997,0,16,
circuito_aleatorio_0007.tfc,900,149065,899,149044,1,21,
circuito_aleatorio_0008.tfc,900,155264,900,155232,0,32,
circuito_aleatorio_0009.tfc,900,155112,900,155004,0,108,
