Nome TFC,Qtd. Portas,Qtd. Subcircuitos,Tamanho Médio das Janelas,Maior Janela,Menor Janela,Observacao
benchmark_aleatorio_otimos_regras/n9_p500/2024-07-25/benchmark_2024-07-25_circuito_aleatorio_0000.tfc,498,1,498.0,498,498,
benchmark_aleatorio_otimos_regras/n9_p500/2024-07-25/benchmark_2024-07-25_circuito_aleatorio_0001.tfc,495,1,495.0,495,495,
benchmark_aleatorio_otimos_regras/n9_p500/2024-07-25/benchmark_2024-07-25_circuito_aleatorio_0002.tfc,497,1,497.0,497,497,
benchmark_aleatorio_otimos_regras/n9_p500/2024-07-25/benchmark_2024-07-25_circuito_aleatorio_0003.tfc,494,1,494.0,494,494,
benchmark_aleatorio_otimos_regras/n9_p500/2024-07-25/benchmark_2024-07-25_circuito_aleatorio_0004.tfc,493,1,493.0,493,493,
benchmark_aleatorio_otimos_regras/n9_p500/2024-07-25/benchmark_2024-07-25_circuito_aleatorio_0005.tfc,500,1,500.0,500,500,
benchmark_aleatorio_otimos_regras/n9_p500/2024-07-25/benchmark_2024-07-25_circuito_aleatorio_0006.tfc,497,1,497.0,497,497,
benchmark_aleatorio_otimos_regras/n9_p500/2024-07-25/benchmark_2024-07-25_circuito_aleatorio_0007.tfc,499,1,499.0,499,499,
benchmark_aleatorio_otimos_regras/n9_p500/2024-07-25/benchmark_2024-07-25_circuito_aleatorio_0008.tfc,494,1,494.0,494,494,
benchmark_aleatorio_otimos_regras/n9_p500/2024-07-25/benchmark_2024-07-25_circuito_aleatorio_0009.tfc,498,1,498.0,498,498,
