Nome TFC,GC Original,QC Original,GC Otimizado,QC Otimizado,Diff GC,Diff QC,Observações
circuito_aleatorio_0000.tfc,750,53205,203,89653,547,-36448,
circuito_aleatorio_0001.tfc,750,61167,203,94725,547,-33558,
circuito_aleatorio_0002.tfc,750,53696,211,91276,539,-37580,
circuito_aleatorio_0003.tfc,750,58740,209,88918,541,-30178,
circuito_aleatorio_0004.tfc,750,54523,185,82319,565,-27796,
circuito_aleatorio_0005.tfc,750,50158,205,101434,545,-51276,
circuito_aleatorio_0006.tfc,750,52599,184,80946,566,-28347,
circuito_aleatorio_0007.tfc,750,49310,187,86623,563,-37313,
circuito_aleatorio_0008.tfc,750,56483,211,95097,539,-38614,
circuito_aleatorio_0009.tfc,750,58037,201,85609,549,-27572,
