Nome TFC,Qtd. Portas,Qtd. Subcircuitos,Tamanho Médio das Janelas,Maior Janela,Menor Janela,Observacao
benchmark_aleatorio_reed/n10_p750/2024-07-27/benchmark_2024-07-27_circuito_aleatorio_0000.tfc,203,1,203.0,203,203,
benchmark_aleatorio_reed/n10_p750/2024-07-27/benchmark_2024-07-27_circuito_aleatorio_0001.tfc,203,1,203.0,203,203,
benchmark_aleatorio_reed/n10_p750/2024-07-27/benchmark_2024-07-27_circuito_aleatorio_0002.tfc,211,1,211.0,211,211,
benchmark_aleatorio_reed/n10_p750/2024-07-27/benchmark_2024-07-27_circuito_aleatorio_0003.tfc,209,1,209.0,209,209,
benchmark_aleatorio_reed/n10_p750/2024-07-27/benchmark_2024-07-27_circuito_aleatorio_0004.tfc,185,1,185.0,185,185,
benchmark_aleatorio_reed/n10_p750/2024-07-27/benchmark_2024-07-27_circuito_aleatorio_0005.tfc,205,1,205.0,205,205,
benchmark_aleatorio_reed/n10_p750/2024-07-27/benchmark_2024-07-27_circuito_aleatorio_0006.tfc,184,1,184.0,184,184,
benchmark_aleatorio_reed/n10_p750/2024-07-27/benchmark_2024-07-27_circuito_aleatorio_0007.tfc,187,1,187.0,187,187,
benchmark_aleatorio_reed/n10_p750/2024-07-27/benchmark_2024-07-27_circuito_aleatorio_0008.tfc,211,1,211.0,211,211,
benchmark_aleatorio_reed/n10_p750/2024-07-27/benchmark_2024-07-27_circuito_aleatorio_0009.tfc,201,1,201.0,201,201,
