Nome TFC,GC Original,QC Original,GC Otimizado,QC Otimizado,Diff GC,Diff QC,Observações
circuito_aleatorio_0000.tfc,400,26657,210,93894,190,-67237,
circuito_aleatorio_0001.tfc,400,28906,205,87781,195,-58875,
circuito_aleatorio_0002.tfc,400,32089,201,89859,199,-57770,
circuito_aleatorio_0003.tfc,400,34851,213,93387,187,-58536,
circuito_aleatorio_0004.tfc,400,27063,191,87913,209,-60850,
circuito_aleatorio_0005.tfc,400,29209,189,86157,211,-56948,
circuito_aleatorio_0006.tfc,400,32972,197,87301,203,-54329,
circuito_aleatorio_0007.tfc,400,29059,197,86817,203,-57758,
circuito_aleatorio_0008.tfc,400,30468,175,87103,225,-56635,
circuito_aleatorio_0009.tfc,400,27050,195,87589,205,-60539,
