Nome TFC,Qtd. Portas,Qtd. Subcircuitos,Tamanho Médio das Janelas,Maior Janela,Menor Janela,Observacao
benchmark_aleatorio_reed/n10_p400/2024-07-27/benchmark_2024-07-27_circuito_aleatorio_0000.tfc,210,1,210.0,210,210,
benchmark_aleatorio_reed/n10_p400/2024-07-27/benchmark_2024-07-27_circuito_aleatorio_0001.tfc,205,1,205.0,205,205,
benchmark_aleatorio_reed/n10_p400/2024-07-27/benchmark_2024-07-27_circuito_aleatorio_0002.tfc,201,1,201.0,201,201,
benchmark_aleatorio_reed/n10_p400/2024-07-27/benchmark_2024-07-27_circuito_aleatorio_0003.tfc,213,1,213.0,213,213,
benchmark_aleatorio_reed/n10_p400/2024-07-27/benchmark_2024-07-27_circuito_aleatorio_0004.tfc,191,1,191.0,191,191,
benchmark_aleatorio_reed/n10_p400/2024-07-27/benchmark_2024-07-27_circuito_aleatorio_0005.tfc,189,1,189.0,189,189,
benchmark_aleatorio_reed/n10_p400/2024-07-27/benchmark_2024-07-27_circuito_aleatorio_0006.tfc,197,1,197.0,197,197,
benchmark_aleatorio_reed/n10_p400/2024-07-27/benchmark_2024-07-27_circuito_aleatorio_0007.tfc,197,1,197.0,197,197,
benchmark_aleatorio_reed/n10_p400/2024-07-27/benchmark_2024-07-27_circuito_aleatorio_0008.tfc,175,1,175.0,175,175,
benchmark_aleatorio_reed/n10_p400/2024-07-27/benchmark_2024-07-27_circuito_aleatorio_0009.tfc,195,1,195.0,195,195,
