Nome TFC,GC Original,QC Original,GC Otimizado,QC Otimizado,Diff GC,Diff QC,Observações
circuito_aleatorio_0000.tfc,350,35086,350,35034,0,52,
circuito_aleatorio_0001.tfc,350,37940,349,37687,1,253,
circuito_aleatorio_0002.tfc,350,43801,348,43763,2,38,
circuito_aleatorio_0003.tfc,350,45786,350,45784,0,2,
circuito_aleatorio_0004.tfc,350,39308,350,39260,0,48,
circuito_aleatorio_0005.tfc,350,39781,350,39777,0,4,
circuito_aleatorio_0006.tfc,350,41144,350,41144,0,0,
circuito_aleatorio_0007.tfc,350,38492,350,38492,0,0,
circuito_aleatorio_0008.tfc,350,41433,350,41433,0,0,
circuito_aleatorio_0009.tfc,350,34135,350,34135,0,0,
