Nome TFC,GC Original,QC Original,GC Otimizado,QC Otimizado,Diff GC,Diff QC,Observações
circuito_aleatorio_0000.tfc,450,31959,223,98587,227,-66628,
circuito_aleatorio_0001.tfc,450,29728,200,86527,250,-56799,
circuito_aleatorio_0002.tfc,450,38088,205,89559,245,-51471,
circuito_aleatorio_0003.tfc,450,37716,231,90297,219,-52581,
circuito_aleatorio_0004.tfc,450,30577,220,89498,230,-58921,
circuito_aleatorio_0005.tfc,450,35716,201,93510,249,-57794,
circuito_aleatorio_0006.tfc,450,32528,210,98526,240,-65998,
circuito_aleatorio_0007.tfc,450,34962,193,82289,257,-47327,
circuito_aleatorio_0008.tfc,450,30925,193,90829,257,-59904,
circuito_aleatorio_0009.tfc,450,29290,206,87076,244,-57786,
