Nome TFC,Qtd. Portas,Qtd. Subcircuitos,Tamanho Médio das Janelas,Maior Janela,Menor Janela,Observacao
benchmark_aleatorio_reed/n10_p450/2024-07-27/benchmark_2024-07-27_circuito_aleatorio_0000.tfc,223,1,223.0,223,223,
benchmark_aleatorio_reed/n10_p450/2024-07-27/benchmark_2024-07-27_circuito_aleatorio_0001.tfc,200,1,200.0,200,200,
benchmark_aleatorio_reed/n10_p450/2024-07-27/benchmark_2024-07-27_circuito_aleatorio_0002.tfc,205,1,205.0,205,205,
benchmark_aleatorio_reed/n10_p450/2024-07-27/benchmark_2024-07-27_circuito_aleatorio_0003.tfc,231,1,231.0,231,231,
benchmark_aleatorio_reed/n10_p450/2024-07-27/benchmark_2024-07-27_circuito_aleatorio_0004.tfc,220,1,220.0,220,220,
benchmark_aleatorio_reed/n10_p450/2024-07-27/benchmark_2024-07-27_circuito_aleatorio_0005.tfc,201,1,201.0,201,201,
benchmark_aleatorio_reed/n10_p450/2024-07-27/benchmark_2024-07-27_circuito_aleatorio_0006.tfc,210,1,210.0,210,210,
benchmark_aleatorio_reed/n10_p450/2024-07-27/benchmark_2024-07-27_circuito_aleatorio_0007.tfc,193,1,193.0,193,193,
benchmark_aleatorio_reed/n10_p450/2024-07-27/benchmark_2024-07-27_circuito_aleatorio_0008.tfc,193,1,193.0,193,193,
benchmark_aleatorio_reed/n10_p450/2024-07-27/benchmark_2024-07-27_circuito_aleatorio_0009.tfc,206,1,206.0,206,206,
