Nome TFC,Qtd. Portas,Qtd. Subcircuitos,Tamanho Médio das Janelas,Maior Janela,Menor Janela,Observacao
benchmark_aleatorio_reed/n10_p450/circuito_aleatorio_0000.tfc,450,1,450.0,450,450,
benchmark_aleatorio_reed/n10_p450/circuito_aleatorio_0001.tfc,450,1,450.0,450,450,
benchmark_aleatorio_reed/n10_p450/circuito_aleatorio_0002.tfc,450,1,450.0,450,450,
benchmark_aleatorio_reed/n10_p450/circuito_aleatorio_0003.tfc,450,1,450.0,450,450,
benchmark_aleatorio_reed/n10_p450/circuito_aleatorio_0004.tfc,450,1,450.0,450,450,
benchmark_aleatorio_reed/n10_p450/circuito_aleatorio_0005.tfc,450,1,450.0,450,450,
benchmark_aleatorio_reed/n10_p450/circuito_aleatorio_0006.tfc,450,1,450.0,450,450,
benchmark_aleatorio_reed/n10_p450/circuito_aleatorio_0007.tfc,450,1,450.0,450,450,
benchmark_aleatorio_reed/n10_p450/circuito_aleatorio_0008.tfc,450,1,450.0,450,450,
benchmark_aleatorio_reed/n10_p450/circuito_aleatorio_0009.tfc,450,1,450.0,450,450,
