Nome TFC,GC Original,QC Original,GC Otimizado,QC Otimizado,Diff GC,Diff QC,Observações
circuito_aleatorio_0000.tfc,300,8584,294,8527,6,57,
circuito_aleatorio_0001.tfc,300,9688,293,9648,7,40,
circuito_aleatorio_0002.tfc,300,9329,294,9242,6,87,
circuito_aleatorio_0003.tfc,300,8539,292,8429,8,110,
circuito_aleatorio_0004.tfc,300,10767,294,10661,6,106,
circuito_aleatorio_0005.tfc,300,10407,295,10186,5,221,
circuito_aleatorio_0006.tfc,300,9986,295,9887,5,99,
circuito_aleatorio_0007.tfc,300,9397,298,9319,2,78,
circuito_aleatorio_0008.tfc,300,8668,288,8589,12,79,
circuito_aleatorio_0009.tfc,300,8667,295,8554,5,113,
