Nome TFC,Qtd. Portas,Qtd. Subcircuitos,Tamanho Médio das Janelas,Maior Janela,Menor Janela,Observacao
benchmark_aleatorio_otimos_regras/n8_p300/circuito_aleatorio_0000.tfc,300,1,300.0,300,300,
benchmark_aleatorio_otimos_regras/n8_p300/circuito_aleatorio_0001.tfc,300,1,300.0,300,300,
benchmark_aleatorio_otimos_regras/n8_p300/circuito_aleatorio_0002.tfc,300,1,300.0,300,300,
benchmark_aleatorio_otimos_regras/n8_p300/circuito_aleatorio_0003.tfc,300,1,300.0,300,300,
benchmark_aleatorio_otimos_regras/n8_p300/circuito_aleatorio_0004.tfc,300,1,300.0,300,300,
benchmark_aleatorio_otimos_regras/n8_p300/circuito_aleatorio_0005.tfc,300,1,300.0,300,300,
benchmark_aleatorio_otimos_regras/n8_p300/circuito_aleatorio_0006.tfc,300,1,300.0,300,300,
benchmark_aleatorio_otimos_regras/n8_p300/circuito_aleatorio_0007.tfc,300,1,300.0,300,300,
benchmark_aleatorio_otimos_regras/n8_p300/circuito_aleatorio_0008.tfc,300,1,300.0,300,300,
benchmark_aleatorio_otimos_regras/n8_p300/circuito_aleatorio_0009.tfc,300,1,300.0,300,300,
