Nome TFC,Qtd. Portas,Qtd. Subcircuitos,Tamanho Médio das Janelas,Maior Janela,Menor Janela,Observacao
benchmark_aleatorio_otimos_regras/n8_p300/2024-07-25/benchmark_2024-07-25_circuito_aleatorio_0000.tfc,294,1,294.0,294,294,
benchmark_aleatorio_otimos_regras/n8_p300/2024-07-25/benchmark_2024-07-25_circuito_aleatorio_0001.tfc,293,1,293.0,293,293,
benchmark_aleatorio_otimos_regras/n8_p300/2024-07-25/benchmark_2024-07-25_circuito_aleatorio_0002.tfc,294,1,294.0,294,294,
benchmark_aleatorio_otimos_regras/n8_p300/2024-07-25/benchmark_2024-07-25_circuito_aleatorio_0003.tfc,292,1,292.0,292,292,
benchmark_aleatorio_otimos_regras/n8_p300/2024-07-25/benchmark_2024-07-25_circuito_aleatorio_0004.tfc,294,1,294.0,294,294,
benchmark_aleatorio_otimos_regras/n8_p300/2024-07-25/benchmark_2024-07-25_circuito_aleatorio_0005.tfc,295,1,295.0,295,295,
benchmark_aleatorio_otimos_regras/n8_p300/2024-07-25/benchmark_2024-07-25_circuito_aleatorio_0006.tfc,295,1,295.0,295,295,
benchmark_aleatorio_otimos_regras/n8_p300/2024-07-25/benchmark_2024-07-25_circuito_aleatorio_0007.tfc,298,1,298.0,298,298,
benchmark_aleatorio_otimos_regras/n8_p300/2024-07-25/benchmark_2024-07-25_circuito_aleatorio_0008.tfc,288,1,288.0,288,288,
benchmark_aleatorio_otimos_regras/n8_p300/2024-07-25/benchmark_2024-07-25_circuito_aleatorio_0009.tfc,295,1,295.0,295,295,
