Nome TFC,GC Original,QC Original,GC Otimizado,QC Otimizado,Diff GC,Diff QC,Observações
circuito_aleatorio_0000.tfc,450,31959,447,31832,3,127,
circuito_aleatorio_0001.tfc,450,29728,450,29664,0,64,
circuito_aleatorio_0002.tfc,450,38088,448,38018,2,70,
circuito_aleatorio_0003.tfc,450,37716,450,37648,0,68,
circuito_aleatorio_0004.tfc,450,30577,449,30546,1,31,
circuito_aleatorio_0005.tfc,450,35716,448,35598,2,118,
circuito_aleatorio_0006.tfc,450,32528,450,32501,0,27,
circuito_aleatorio_0007.tfc,450,34962,449,34741,1,221,
circuito_aleatorio_0008.tfc,450,30925,449,30860,1,65,
circuito_aleatorio_0009.tfc,450,29290,450,29268,0,22,
