Nome TFC,Qtd. Portas,Qtd. Subcircuitos,Tamanho Médio das Janelas,Maior Janela,Menor Janela,Observacao
benchmark_aleatorio_otimos_regras/n10_p450/2024-07-26/benchmark_2024-07-26_circuito_aleatorio_0000.tfc,447,1,447.0,447,447,
benchmark_aleatorio_otimos_regras/n10_p450/2024-07-26/benchmark_2024-07-26_circuito_aleatorio_0001.tfc,450,1,450.0,450,450,
benchmark_aleatorio_otimos_regras/n10_p450/2024-07-26/benchmark_2024-07-26_circuito_aleatorio_0002.tfc,448,1,448.0,448,448,
benchmark_aleatorio_otimos_regras/n10_p450/2024-07-26/benchmark_2024-07-26_circuito_aleatorio_0003.tfc,450,1,450.0,450,450,
benchmark_aleatorio_otimos_regras/n10_p450/2024-07-26/benchmark_2024-07-26_circuito_aleatorio_0004.tfc,449,1,449.0,449,449,
benchmark_aleatorio_otimos_regras/n10_p450/2024-07-26/benchmark_2024-07-26_circuito_aleatorio_0005.tfc,448,1,448.0,448,448,
benchmark_aleatorio_otimos_regras/n10_p450/2024-07-26/benchmark_2024-07-26_circuito_aleatorio_0006.tfc,450,1,450.0,450,450,
benchmark_aleatorio_otimos_regras/n10_p450/2024-07-26/benchmark_2024-07-26_circuito_aleatorio_0007.tfc,449,1,449.0,449,449,
benchmark_aleatorio_otimos_regras/n10_p450/2024-07-26/benchmark_2024-07-26_circuito_aleatorio_0008.tfc,449,1,449.0,449,449,
benchmark_aleatorio_otimos_regras/n10_p450/2024-07-26/benchmark_2024-07-26_circuito_aleatorio_0009.tfc,450,1,450.0,450,450,
