Nome TFC,GC Original,QC Original,GC Otimizado,QC Otimizado,Diff GC,Diff QC,Observações
circuito_aleatorio_0000.tfc,800,208304,800,208304,0,0,
circuito_aleatorio_0001.tfc,800,216990,800,216990,0,0,
circuito_aleatorio_0002.tfc,800,206823,800,206807,0,16,
circuito_aleatorio_0003.tfc,800,191463,800,191463,0,0,
circuito_aleatorio_0004.tfc,800,177772,800,177772,0,0,
circuito_aleatorio_0005.tfc,800,182040,800,182040,0,0,
circuito_aleatorio_0006.tfc,800,207818,799,207819,1,-1,
circuito_aleatorio_0007.tfc,800,198635,800,198603,0,32,
circuito_aleatorio_0008.tfc,800,206840,800,206840,0,0,
circuito_aleatorio_0009.tfc,800,213216,800,213216,0,0,
