Nome TFC,Qtd. Portas,Qtd. Subcircuitos,Tamanho Médio das Janelas,Maior Janela,Menor Janela,Observacao
benchmark_aleatorio_otimos_regras/n13_p800/2024-07-27/benchmark_2024-07-27_circuito_aleatorio_0000.tfc,800,1,800.0,800,800,
benchmark_aleatorio_otimos_regras/n13_p800/2024-07-27/benchmark_2024-07-27_circuito_aleatorio_0001.tfc,800,1,800.0,800,800,
benchmark_aleatorio_otimos_regras/n13_p800/2024-07-27/benchmark_2024-07-27_circuito_aleatorio_0002.tfc,800,1,800.0,800,800,
benchmark_aleatorio_otimos_regras/n13_p800/2024-07-27/benchmark_2024-07-27_circuito_aleatorio_0003.tfc,800,1,800.0,800,800,
benchmark_aleatorio_otimos_regras/n13_p800/2024-07-27/benchmark_2024-07-27_circuito_aleatorio_0004.tfc,800,1,800.0,800,800,
benchmark_aleatorio_otimos_regras/n13_p800/2024-07-27/benchmark_2024-07-27_circuito_aleatorio_0005.tfc,800,1,800.0,800,800,
benchmark_aleatorio_otimos_regras/n13_p800/2024-07-27/benchmark_2024-07-27_circuito_aleatorio_0006.tfc,799,1,799.0,799,799,
benchmark_aleatorio_otimos_regras/n13_p800/2024-07-27/benchmark_2024-07-27_circuito_aleatorio_0007.tfc,800,1,800.0,800,800,
benchmark_aleatorio_otimos_regras/n13_p800/2024-07-27/benchmark_2024-07-27_circuito_aleatorio_0008.tfc,800,1,800.0,800,800,
benchmark_aleatorio_otimos_regras/n13_p800/2024-07-27/benchmark_2024-07-27_circuito_aleatorio_0009.tfc,800,1,800.0,800,800,
