N,P,Nome TFC,GC Original,QC Original,GC Otimizado,QC Otimizado,Diff GC,Diff QC
8,10,circuito_aleatorio_0000.tfc,10,240,9,235,1,5,
8,10,circuito_aleatorio_0001.tfc,10,256,10,256,0,0,
8,10,circuito_aleatorio_0002.tfc,10,276,10,268,0,8,
8,10,circuito_aleatorio_0003.tfc,10,156,9,153,1,3,
8,10,circuito_aleatorio_0004.tfc,10,364,10,364,0,0,
8,10,circuito_aleatorio_0005.tfc,10,134,10,134,0,0,
8,10,circuito_aleatorio_0006.tfc,10,198,8,192,2,6,
8,10,circuito_aleatorio_0007.tfc,10,357,10,357,0,0,
8,10,circuito_aleatorio_0008.tfc,10,296,10,296,0,0,
8,10,circuito_aleatorio_0009.tfc,10,339,10,331,0,8,
8,50,circuito_aleatorio_0000.tfc,50,1292,48,1276,2,16,
8,50,circuito_aleatorio_0001.tfc,50,1324,47,1309,3,15,
8,50,circuito_aleatorio_0002.tfc,50,1351,50,1347,0,4,
8,50,circuito_aleatorio_0003.tfc,50,1009,50,994,0,15,
8,50,circuito_aleatorio_0004.tfc,50,2094,49,2090,1,4,
8,50,circuito_aleatorio_0005.tfc,50,1514,50,1514,0,0,
8,50,circuito_aleatorio_0006.tfc,50,1167,48,1168,2,-1,
8,50,circuito_aleatorio_0007.tfc,50,1882,50,1886,0,-4,
8,50,circuito_aleatorio_0008.tfc,50,1596,50,1587,0,9,
8,50,circuito_aleatorio_0009.tfc,50,1500,50,1499,0,1,
8,100,circuito_aleatorio_0000.tfc,100,2616,95,2585,5,31,
8,100,circuito_aleatorio_0001.tfc,100,2360,100,2341,0,19,
8,100,circuito_aleatorio_0002.tfc,100,3608,99,3604,1,4,
8,100,circuito_aleatorio_0003.tfc,100,3049,98,3054,2,-5,
8,100,circuito_aleatorio_0004.tfc,100,3096,100,3086,0,10,
8,100,circuito_aleatorio_0005.tfc,100,3543,95,3508,5,35,
8,100,circuito_aleatorio_0006.tfc,100,3075,97,3060,3,15,
8,100,circuito_aleatorio_0007.tfc,100,3228,99,3195,1,33,
8,100,circuito_aleatorio_0008.tfc,100,3026,98,2987,2,39,
8,100,circuito_aleatorio_0009.tfc,100,2667,98,2656,2,11,
8,150,circuito_aleatorio_0000.tfc,150,3967,145,3929,5,38,
8,150,circuito_aleatorio_0001.tfc,150,4617,149,4598,1,19,
8,150,circuito_aleatorio_0002.tfc,150,4645,148,4641,2,4,
8,150,circuito_aleatorio_0003.tfc,150,5043,145,5007,5,36,
8,150,circuito_aleatorio_0004.tfc,150,5080,147,5057,3,23,
8,150,circuito_aleatorio_0005.tfc,150,4249,147,4185,3,64,
8,150,circuito_aleatorio_0006.tfc,150,3907,145,3868,5,39,
8,150,circuito_aleatorio_0007.tfc,150,4632,147,4561,3,71,
8,150,circuito_aleatorio_0008.tfc,150,5622,148,5569,2,53,
8,150,circuito_aleatorio_0009.tfc,150,5145,146,5092,4,53,
8,200,circuito_aleatorio_0000.tfc,200,4976,195,4923,5,53,
8,200,circuito_aleatorio_0001.tfc,200,6657,197,6658,3,-1,
8,200,circuito_aleatorio_0002.tfc,200,6639,195,6594,5,45,
8,200,circuito_aleatorio_0003.tfc,200,6303,196,6255,4,48,
8,200,circuito_aleatorio_0004.tfc,200,5693,196,5643,4,50,
8,200,circuito_aleatorio_0005.tfc,200,5872,194,5773,6,99,
8,200,circuito_aleatorio_0006.tfc,200,7359,197,7305,3,54,
8,200,circuito_aleatorio_0007.tfc,200,6394,196,6285,4,109,
8,200,circuito_aleatorio_0008.tfc,200,7421,196,7257,4,164,
8,200,circuito_aleatorio_0009.tfc,200,7024,197,6951,3,73,
8,250,circuito_aleatorio_0000.tfc,250,7070,244,7013,6,57,
8,250,circuito_aleatorio_0001.tfc,250,7659,248,7654,2,5,
8,250,circuito_aleatorio_0002.tfc,250,8623,242,8565,8,58,
8,250,circuito_aleatorio_0003.tfc,250,6916,245,6841,5,75,
8,250,circuito_aleatorio_0004.tfc,250,7504,242,7351,8,153,
8,250,circuito_aleatorio_0005.tfc,250,9135,246,9083,4,52,
8,250,circuito_aleatorio_0006.tfc,250,8618,245,8400,5,218,
8,250,circuito_aleatorio_0007.tfc,250,8813,246,8736,4,77,
8,250,circuito_aleatorio_0008.tfc,250,7595,247,7517,3,78,
8,250,circuito_aleatorio_0009.tfc,250,7180,242,7134,8,46,
8,300,circuito_aleatorio_0000.tfc,300,8584,294,8527,6,57,
8,300,circuito_aleatorio_0001.tfc,300,9688,293,9648,7,40,
8,300,circuito_aleatorio_0002.tfc,300,9329,294,9242,6,87,
8,300,circuito_aleatorio_0003.tfc,300,8539,292,8429,8,110,
8,300,circuito_aleatorio_0004.tfc,300,10767,294,10661,6,106,
8,300,circuito_aleatorio_0005.tfc,300,10407,295,10186,5,221,
8,300,circuito_aleatorio_0006.tfc,300,9986,295,9887,5,99,
8,300,circuito_aleatorio_0007.tfc,300,9397,298,9319,2,78,
8,300,circuito_aleatorio_0008.tfc,300,8668,288,8589,12,79,
8,300,circuito_aleatorio_0009.tfc,300,8667,295,8554,5,113,
8,350,circuito_aleatorio_0000.tfc,350,9751,342,9695,8,56,
8,350,circuito_aleatorio_0001.tfc,350,11596,342,11540,8,56,
8,350,circuito_aleatorio_0002.tfc,350,10161,342,10050,8,111,
8,350,circuito_aleatorio_0003.tfc,350,11991,344,11866,6,125,
8,350,circuito_aleatorio_0004.tfc,350,12026,342,11756,8,270,
8,350,circuito_aleatorio_0005.tfc,350,11775,344,11672,6,103,
8,350,circuito_aleatorio_0006.tfc,350,10661,347,10579,3,82,
8,350,circuito_aleatorio_0007.tfc,350,10566,339,10414,11,152,
8,350,circuito_aleatorio_0008.tfc,350,10153,341,10091,9,62,
8,350,circuito_aleatorio_0009.tfc,350,12175,345,12036,5,139,
8,400,circuito_aleatorio_0000.tfc,400,11633,392,11581,8,52,
8,400,circuito_aleatorio_0001.tfc,400,12942,391,12849,9,93,
8,400,circuito_aleatorio_0002.tfc,400,11565,390,11416,10,149,
8,400,circuito_aleatorio_0003.tfc,400,13753,393,13590,7,163,
8,400,circuito_aleatorio_0004.tfc,400,14445,392,14207,8,238,
8,400,circuito_aleatorio_0005.tfc,400,12359,397,12268,3,91,
8,400,circuito_aleatorio_0006.tfc,400,11830,388,11674,12,156,
8,400,circuito_aleatorio_0007.tfc,400,12341,391,12279,9,62,
8,400,circuito_aleatorio_0008.tfc,400,13455,395,13265,5,190,
8,400,circuito_aleatorio_0009.tfc,400,12151,390,12059,10,92,
8,450,circuito_aleatorio_0000.tfc,450,13229,442,13168,8,61,
8,450,circuito_aleatorio_0001.tfc,450,14372,439,14249,11,123,
8,450,circuito_aleatorio_0002.tfc,450,14161,440,13998,10,163,
8,450,circuito_aleatorio_0003.tfc,450,15552,441,15278,9,274,
8,450,circuito_aleatorio_0004.tfc,450,14619,443,14455,7,164,
8,450,circuito_aleatorio_0005.tfc,450,13432,438,13340,12,92,
8,450,circuito_aleatorio_0006.tfc,450,13315,441,13176,9,139,
8,450,circuito_aleatorio_0007.tfc,450,15643,445,15453,5,190,
8,450,circuito_aleatorio_0008.tfc,450,13424,437,13320,13,104,
8,450,circuito_aleatorio_0009.tfc,450,14970,445,14811,5,159,
8,500,circuito_aleatorio_0000.tfc,500,14729,492,14667,8,62,
8,500,circuito_aleatorio_0001.tfc,500,15539,487,15406,13,133,
8,500,circuito_aleatorio_0002.tfc,500,16639,488,16434,12,205,
8,500,circuito_aleatorio_0003.tfc,500,17431,491,17136,9,295,
8,500,circuito_aleatorio_0004.tfc,500,14775,489,14651,11,124,
8,500,circuito_aleatorio_0005.tfc,500,14919,491,14760,9,159,
8,500,circuito_aleatorio_0006.tfc,500,16823,491,16658,9,165,
8,500,circuito_aleatorio_0007.tfc,500,15619,490,15476,10,143,
8,500,circuito_aleatorio_0008.tfc,500,16243,492,16072,8,171,
8,500,circuito_aleatorio_0009.tfc,500,14322,490,14191,10,131,
8,550,circuito_aleatorio_0000.tfc,550,16823,542,16761,8,62,
8,550,circuito_aleatorio_0001.tfc,550,16300,534,16139,16,161,
8,550,circuito_aleatorio_0002.tfc,550,18838,538,18450,12,388,
8,550,circuito_aleatorio_0003.tfc,550,18548,540,18391,10,157,
8,550,circuito_aleatorio_0004.tfc,550,16463,538,16316,12,147,
8,550,circuito_aleatorio_0005.tfc,550,17152,537,16948,13,204,
8,550,circuito_aleatorio_0006.tfc,550,17771,541,17603,9,168,
8,550,circuito_aleatorio_0007.tfc,550,18034,540,17865,10,169,
8,550,circuito_aleatorio_0008.tfc,550,15734,542,15599,8,135,
8,550,circuito_aleatorio_0009.tfc,550,16483,538,16340,12,143,
8,600,circuito_aleatorio_0000.tfc,600,18272,587,18175,13,97,
8,600,circuito_aleatorio_0001.tfc,600,17868,586,17671,14,197,
8,600,circuito_aleatorio_0002.tfc,600,21174,589,20847,11,327,
8,600,circuito_aleatorio_0003.tfc,600,19383,593,19206,7,177,
8,600,circuito_aleatorio_0004.tfc,600,17335,583,17143,17,192,
8,600,circuito_aleatorio_0005.tfc,600,20291,591,20075,9,216,
8,600,circuito_aleatorio_0006.tfc,600,18380,586,18215,14,165,
8,600,circuito_aleatorio_0007.tfc,600,18205,591,18019,9,186,
8,600,circuito_aleatorio_0008.tfc,600,18413,588,18316,12,97,
8,600,circuito_aleatorio_0009.tfc,600,16225,591,15945,9,280,
8,650,circuito_aleatorio_0000.tfc,650,19681,635,19574,15,107,
8,650,circuito_aleatorio_0001.tfc,650,20280,636,20040,14,240,
8,650,circuito_aleatorio_0002.tfc,650,22446,637,22098,13,348,
8,650,circuito_aleatorio_0003.tfc,650,19558,636,19413,14,145,
8,650,circuito_aleatorio_0004.tfc,650,20445,636,20186,14,259,
8,650,circuito_aleatorio_0005.tfc,650,21182,639,20981,11,201,
8,650,circuito_aleatorio_0006.tfc,650,20425,640,20237,10,188,
8,650,circuito_aleatorio_0007.tfc,650,19171,639,19032,11,139,
8,650,circuito_aleatorio_0008.tfc,650,18156,639,17902,11,254,
8,650,circuito_aleatorio_0009.tfc,650,18958,632,18702,18,256,
8,700,circuito_aleatorio_0000.tfc,700,21347,684,21235,16,112,
8,700,circuito_aleatorio_0001.tfc,700,22152,686,21916,14,236,
8,700,circuito_aleatorio_0002.tfc,700,23801,686,23428,14,373,
8,700,circuito_aleatorio_0003.tfc,700,21227,686,20993,14,234,
8,700,circuito_aleatorio_0004.tfc,700,22328,686,22127,14,201,
8,700,circuito_aleatorio_0005.tfc,700,21848,686,21632,14,216,
8,700,circuito_aleatorio_0006.tfc,700,21474,690,21267,10,207,
8,700,circuito_aleatorio_0007.tfc,700,20289,686,20134,14,155,
8,700,circuito_aleatorio_0008.tfc,700,20346,682,19964,18,382,
8,700,circuito_aleatorio_0009.tfc,700,20916,686,20681,14,235,
8,750,circuito_aleatorio_0000.tfc,750,23352,734,23232,16,120,
8,750,circuito_aleatorio_0001.tfc,750,23555,733,23275,17,280,
8,750,circuito_aleatorio_0002.tfc,750,25026,737,24640,13,386,
8,750,circuito_aleatorio_0003.tfc,750,22099,733,21894,17,205,
8,750,circuito_aleatorio_0004.tfc,750,25058,735,24781,15,277,
8,750,circuito_aleatorio_0005.tfc,750,23627,738,23425,12,202,
8,750,circuito_aleatorio_0006.tfc,750,22303,736,22137,14,166,
8,750,circuito_aleatorio_0007.tfc,750,20526,738,20231,12,295,
8,750,circuito_aleatorio_0008.tfc,750,23003,728,22635,22,368,
8,750,circuito_aleatorio_0009.tfc,750,21046,729,20759,21,287,
8,800,circuito_aleatorio_0000.tfc,800,24575,783,24430,17,145,
8,800,circuito_aleatorio_0001.tfc,800,25318,783,25006,17,312,
8,800,circuito_aleatorio_0002.tfc,800,26804,788,26462,12,342,
8,800,circuito_aleatorio_0003.tfc,800,24171,779,23953,21,218,
8,800,circuito_aleatorio_0004.tfc,800,25606,785,25324,15,282,
8,800,circuito_aleatorio_0005.tfc,800,24434,787,24175,13,259,
8,800,circuito_aleatorio_0006.tfc,800,23558,785,23382,15,176,
8,800,circuito_aleatorio_0007.tfc,800,23403,782,23026,18,377,
8,800,circuito_aleatorio_0008.tfc,800,23408,776,23074,24,334,
8,800,circuito_aleatorio_0009.tfc,800,22910,789,22671,11,239,
8,850,circuito_aleatorio_0000.tfc,850,26122,833,25960,17,162,
8,850,circuito_aleatorio_0001.tfc,850,27406,830,26958,20,448,
8,850,circuito_aleatorio_0002.tfc,850,27085,832,26860,18,225,
8,850,circuito_aleatorio_0003.tfc,850,26514,833,26201,17,313,
8,850,circuito_aleatorio_0004.tfc,850,27989,835,27766,15,223,
8,850,circuito_aleatorio_0005.tfc,850,25195,836,24960,14,235,
8,850,circuito_aleatorio_0006.tfc,850,23941,837,23629,13,312,
8,850,circuito_aleatorio_0007.tfc,850,25716,825,25322,25,394,
8,850,circuito_aleatorio_0008.tfc,850,23927,830,23628,20,299,
8,850,circuito_aleatorio_0009.tfc,850,26419,833,26043,17,376,
8,900,circuito_aleatorio_0000.tfc,900,27601,881,27417,19,184,
8,900,circuito_aleatorio_0001.tfc,900,29713,881,29276,19,437,
8,900,circuito_aleatorio_0002.tfc,900,28051,881,27795,19,256,
8,900,circuito_aleatorio_0003.tfc,900,28958,886,28629,14,329,
8,900,circuito_aleatorio_0004.tfc,900,28394,882,28131,18,263,
8,900,circuito_aleatorio_0005.tfc,900,26604,883,26419,17,185,
8,900,circuito_aleatorio_0006.tfc,900,25491,879,25030,21,461,
8,900,circuito_aleatorio_0007.tfc,900,26465,876,26136,24,329,
8,900,circuito_aleatorio_0008.tfc,900,27026,881,26582,19,444,
8,900,circuito_aleatorio_0009.tfc,900,27941,887,27648,13,293,
8,950,circuito_aleatorio_0000.tfc,950,29064,931,28880,19,184,
8,950,circuito_aleatorio_0001.tfc,950,31926,928,31432,22,494,
8,950,circuito_aleatorio_0002.tfc,950,28759,929,28463,21,296,
8,950,circuito_aleatorio_0003.tfc,950,30718,933,30414,17,304,
8,950,circuito_aleatorio_0004.tfc,950,28851,934,28569,16,282,
8,950,circuito_aleatorio_0005.tfc,950,28075,934,27804,16,271,
8,950,circuito_aleatorio_0006.tfc,950,27838,925,27472,25,366,
8,950,circuito_aleatorio_0007.tfc,950,27074,927,26660,23,414,
8,950,circuito_aleatorio_0008.tfc,950,29269,931,28867,19,402,
8,950,circuito_aleatorio_0009.tfc,950,31103,938,30730,12,373,
8,1000,circuito_aleatorio_0000.tfc,1000,30268,979,30073,21,195,
8,1000,circuito_aleatorio_0001.tfc,1000,34070,979,33570,21,500,
8,1000,circuito_aleatorio_0002.tfc,1000,29694,980,29411,20,283,
8,1000,circuito_aleatorio_0003.tfc,1000,32442,981,32134,19,308,
8,1000,circuito_aleatorio_0004.tfc,1000,30565,982,30263,18,302,
8,1000,circuito_aleatorio_0005.tfc,1000,28507,984,28173,16,334,
8,1000,circuito_aleatorio_0006.tfc,1000,30182,974,29766,26,416,
8,1000,circuito_aleatorio_0007.tfc,1000,28459,978,28121,22,338,
8,1000,circuito_aleatorio_0008.tfc,1000,32057,979,31559,21,498,
8,1000,circuito_aleatorio_0009.tfc,1000,32602,984,32225,16,377,
9,10,circuito_aleatorio_0000.tfc,10,363,10,363,0,0,
9,10,circuito_aleatorio_0001.tfc,10,331,10,331,0,0,
9,10,circuito_aleatorio_0002.tfc,10,460,10,460,0,0,
9,10,circuito_aleatorio_0003.tfc,10,482,10,482,0,0,
9,10,circuito_aleatorio_0004.tfc,10,304,10,304,0,0,
9,10,circuito_aleatorio_0005.tfc,10,280,10,280,0,0,
9,10,circuito_aleatorio_0006.tfc,10,502,10,502,0,0,
9,10,circuito_aleatorio_0007.tfc,10,552,10,552,0,0,
9,10,circuito_aleatorio_0008.tfc,10,578,10,578,0,0,
9,10,circuito_aleatorio_0009.tfc,10,306,10,306,0,0,
9,50,circuito_aleatorio_0000.tfc,50,1940,50,1940,0,0,
9,50,circuito_aleatorio_0001.tfc,50,2218,50,2218,0,0,
9,50,circuito_aleatorio_0002.tfc,50,1972,50,1972,0,0,
9,50,circuito_aleatorio_0003.tfc,50,2095,48,2086,2,9,
9,50,circuito_aleatorio_0004.tfc,50,2938,50,2938,0,0,
9,50,circuito_aleatorio_0005.tfc,50,1870,50,1868,0,2,
9,50,circuito_aleatorio_0006.tfc,50,2513,50,2497,0,16,
9,50,circuito_aleatorio_0007.tfc,50,2471,50,2471,0,0,
9,50,circuito_aleatorio_0008.tfc,50,2388,50,2388,0,0,
9,50,circuito_aleatorio_0009.tfc,50,3080,50,3080,0,0,
9,100,circuito_aleatorio_0000.tfc,100,4158,100,4158,0,0,
9,100,circuito_aleatorio_0001.tfc,100,4067,98,4058,2,9,
9,100,circuito_aleatorio_0002.tfc,100,4808,100,4806,0,2,
9,100,circuito_aleatorio_0003.tfc,100,4984,100,4968,0,16,
9,100,circuito_aleatorio_0004.tfc,100,5468,100,5468,0,0,
9,100,circuito_aleatorio_0005.tfc,100,5124,98,5110,2,14,
9,100,circuito_aleatorio_0006.tfc,100,4707,99,4694,1,13,
9,100,circuito_aleatorio_0007.tfc,100,4867,98,4842,2,25,
9,100,circuito_aleatorio_0008.tfc,100,3967,100,3962,0,5,
9,100,circuito_aleatorio_0009.tfc,100,4450,100,4449,0,1,
9,150,circuito_aleatorio_0000.tfc,150,6130,150,6130,0,0,
9,150,circuito_aleatorio_0001.tfc,150,6903,148,6892,2,11,
9,150,circuito_aleatorio_0002.tfc,150,7372,150,7356,0,16,
9,150,circuito_aleatorio_0003.tfc,150,8204,148,8190,2,14,
9,150,circuito_aleatorio_0004.tfc,150,7159,149,7130,1,29,
9,150,circuito_aleatorio_0005.tfc,150,6382,148,6368,2,14,
9,150,circuito_aleatorio_0006.tfc,150,6668,149,6662,1,6,
9,150,circuito_aleatorio_0007.tfc,150,8496,150,8488,0,8,
9,150,circuito_aleatorio_0008.tfc,150,7699,149,7686,1,13,
9,150,circuito_aleatorio_0009.tfc,150,7848,149,7845,1,3,
9,200,circuito_aleatorio_0000.tfc,200,8225,198,8216,2,9,
9,200,circuito_aleatorio_0001.tfc,200,9792,200,9774,0,18,
9,200,circuito_aleatorio_0002.tfc,200,10592,198,10578,2,14,
9,200,circuito_aleatorio_0003.tfc,200,9574,197,9536,3,38,
9,200,circuito_aleatorio_0004.tfc,200,8417,200,8411,0,6,
9,200,circuito_aleatorio_0005.tfc,200,10714,199,10701,1,13,
9,200,circuito_aleatorio_0006.tfc,200,9524,199,9511,1,13,
9,200,circuito_aleatorio_0007.tfc,200,11185,197,11097,3,88,
9,200,circuito_aleatorio_0008.tfc,200,10805,197,10667,3,138,
9,200,circuito_aleatorio_0009.tfc,200,9470,199,9373,1,97,
9,250,circuito_aleatorio_0000.tfc,250,11163,248,11154,2,9,
9,250,circuito_aleatorio_0001.tfc,250,12322,250,12304,0,18,
9,250,circuito_aleatorio_0002.tfc,250,12283,247,12240,3,43,
9,250,circuito_aleatorio_0003.tfc,250,10832,248,10817,2,15,
9,250,circuito_aleatorio_0004.tfc,250,13572,249,13559,1,13,
9,250,circuito_aleatorio_0005.tfc,250,12689,248,12673,2,16,
9,250,circuito_aleatorio_0006.tfc,250,13597,247,13440,3,157,
9,250,circuito_aleatorio_0007.tfc,250,11840,247,11677,3,163,
9,250,circuito_aleatorio_0008.tfc,250,10827,245,10624,5,203,
9,250,circuito_aleatorio_0009.tfc,250,11980,248,11831,2,149,
9,300,circuito_aleatorio_0000.tfc,300,13033,298,13022,2,11,
9,300,circuito_aleatorio_0001.tfc,300,15576,298,15546,2,30,
9,300,circuito_aleatorio_0002.tfc,300,13541,297,13498,3,43,
9,300,circuito_aleatorio_0003.tfc,300,15164,299,15150,1,14,
9,300,circuito_aleatorio_0004.tfc,300,15547,298,15531,2,16,
9,300,circuito_aleatorio_0005.tfc,300,15967,295,15744,5,223,
9,300,circuito_aleatorio_0006.tfc,300,14344,294,14152,6,192,
9,300,circuito_aleatorio_0007.tfc,300,13090,298,12867,2,223,
9,300,circuito_aleatorio_0008.tfc,300,13486,300,13408,0,78,
9,300,circuito_aleatorio_0009.tfc,300,15546,300,15446,0,100,
9,350,circuito_aleatorio_0000.tfc,350,15546,348,15519,2,27,
9,350,circuito_aleatorio_0001.tfc,350,17770,347,17743,3,27,
9,350,circuito_aleatorio_0002.tfc,350,15502,347,15466,3,36,
9,350,circuito_aleatorio_0003.tfc,350,18020,349,17999,1,21,
9,350,circuito_aleatorio_0004.tfc,350,19620,346,19460,4,160,
9,350,circuito_aleatorio_0005.tfc,350,16714,342,16456,8,258,
9,350,circuito_aleatorio_0006.tfc,350,15643,348,15386,2,257,
9,350,circuito_aleatorio_0007.tfc,350,16452,350,16328,0,124,
9,350,circuito_aleatorio_0008.tfc,350,17527,349,17494,1,33,
9,350,circuito_aleatorio_0009.tfc,350,16468,348,16436,2,32,
9,400,circuito_aleatorio_0000.tfc,400,18017,398,17990,2,27,
9,400,circuito_aleatorio_0001.tfc,400,20166,395,20114,5,52,
9,400,circuito_aleatorio_0002.tfc,400,19131,399,19112,1,19,
9,400,circuito_aleatorio_0003.tfc,400,20709,396,20608,4,101,
9,400,circuito_aleatorio_0004.tfc,400,20275,396,20040,4,235,
9,400,circuito_aleatorio_0005.tfc,400,17964,393,17646,7,318,
9,400,circuito_aleatorio_0006.tfc,400,19005,400,18847,0,158,
9,400,circuito_aleatorio_0007.tfc,400,20150,399,20117,1,33,
9,400,circuito_aleatorio_0008.tfc,400,18274,398,18234,2,40,
9,400,circuito_aleatorio_0009.tfc,400,21151,399,21069,1,82,
9,450,circuito_aleatorio_0000.tfc,450,20405,448,20378,2,27,
9,450,circuito_aleatorio_0001.tfc,450,21745,445,21688,5,57,
9,450,circuito_aleatorio_0002.tfc,450,22863,448,22836,2,27,
9,450,circuito_aleatorio_0003.tfc,450,23815,444,23589,6,226,
9,450,circuito_aleatorio_0004.tfc,450,20297,444,19997,6,300,
9,450,circuito_aleatorio_0005.tfc,450,20623,448,20430,2,193,
9,450,circuito_aleatorio_0006.tfc,450,23046,449,22933,1,113,
9,450,circuito_aleatorio_0007.tfc,450,20897,448,20857,2,40,
9,450,circuito_aleatorio_0008.tfc,450,23069,449,22987,1,82,
9,450,circuito_aleatorio_0009.tfc,450,20521,444,20361,6,160,
9,500,circuito_aleatorio_0000.tfc,500,23485,498,23458,2,27,
9,500,circuito_aleatorio_0001.tfc,500,23115,495,23057,5,58,
9,500,circuito_aleatorio_0002.tfc,500,26261,497,26232,3,29,
9,500,circuito_aleatorio_0003.tfc,500,25437,494,25117,6,320,
9,500,circuito_aleatorio_0004.tfc,500,22807,493,22455,7,352,
9,500,circuito_aleatorio_0005.tfc,500,24189,500,24045,0,144,
9,500,circuito_aleatorio_0006.tfc,500,23968,497,23923,3,45,
9,500,circuito_aleatorio_0007.tfc,500,25580,499,25490,1,90,
9,500,circuito_aleatorio_0008.tfc,500,22439,494,22279,6,160,
9,500,circuito_aleatorio_0009.tfc,500,21480,498,21348,2,132,
9,550,circuito_aleatorio_0000.tfc,550,25903,547,25870,3,33,
9,550,circuito_aleatorio_0001.tfc,550,25669,545,25612,5,57,
9,550,circuito_aleatorio_0002.tfc,550,29659,545,29546,5,113,
9,550,circuito_aleatorio_0003.tfc,550,25934,542,25580,8,354,
9,550,circuito_aleatorio_0004.tfc,550,24817,548,24528,2,289,
9,550,circuito_aleatorio_0005.tfc,550,28582,548,28480,2,102,
9,550,circuito_aleatorio_0006.tfc,550,27257,549,27143,1,114,
9,550,circuito_aleatorio_0007.tfc,550,24626,543,24479,7,147,
9,550,circuito_aleatorio_0008.tfc,550,24412,548,24273,2,139,
9,550,circuito_aleatorio_0009.tfc,550,23889,546,23771,4,118,
9,600,circuito_aleatorio_0000.tfc,600,28609,596,28568,4,41,
9,600,circuito_aleatorio_0001.tfc,600,28705,596,28648,4,57,
9,600,circuito_aleatorio_0002.tfc,600,31514,593,31275,7,239,
9,600,circuito_aleatorio_0003.tfc,600,27434,592,27019,8,415,
9,600,circuito_aleatorio_0004.tfc,600,29032,600,28854,0,178,
9,600,circuito_aleatorio_0005.tfc,600,28397,597,28344,3,53,
9,600,circuito_aleatorio_0006.tfc,600,29434,596,29331,4,103,
9,600,circuito_aleatorio_0007.tfc,600,27528,595,27307,5,221,
9,600,circuito_aleatorio_0008.tfc,600,25665,596,25504,4,161,
9,600,circuito_aleatorio_0009.tfc,600,27345,597,27289,3,56,
9,650,circuito_aleatorio_0000.tfc,650,31292,646,31251,4,41,
9,650,circuito_aleatorio_0001.tfc,650,31739,645,31669,5,70,
9,650,circuito_aleatorio_0002.tfc,650,32682,644,32440,6,242,
9,650,circuito_aleatorio_0003.tfc,650,29476,642,29011,8,465,
9,650,circuito_aleatorio_0004.tfc,650,32623,648,32493,2,130,
9,650,circuito_aleatorio_0005.tfc,650,32428,649,32314,1,114,
9,650,circuito_aleatorio_0006.tfc,650,29328,642,29120,8,208,
9,650,circuito_aleatorio_0007.tfc,650,27766,648,27645,2,121,
9,650,circuito_aleatorio_0008.tfc,650,28880,644,28755,6,125,
9,650,circuito_aleatorio_0009.tfc,650,28640,643,28518,7,122,
9,700,circuito_aleatorio_0000.tfc,700,33316,695,33262,5,54,
9,700,circuito_aleatorio_0001.tfc,700,33522,696,33465,4,57,
9,700,circuito_aleatorio_0002.tfc,700,36334,688,35916,12,418,
9,700,circuito_aleatorio_0003.tfc,700,32095,698,31714,2,381,
9,700,circuito_aleatorio_0004.tfc,700,33995,697,33930,3,65,
9,700,circuito_aleatorio_0005.tfc,700,33863,696,33752,4,111,
9,700,circuito_aleatorio_0006.tfc,700,31353,695,31119,5,234,
9,700,circuito_aleatorio_0007.tfc,700,30511,696,30362,4,149,
9,700,circuito_aleatorio_0008.tfc,700,31210,695,31118,5,92,
9,700,circuito_aleatorio_0009.tfc,700,31771,694,31601,6,170,
9,750,circuito_aleatorio_0000.tfc,750,35768,745,35698,5,70,
9,750,circuito_aleatorio_0001.tfc,750,37093,745,37049,5,44,
9,750,circuito_aleatorio_0002.tfc,750,36264,739,35741,11,523,
9,750,circuito_aleatorio_0003.tfc,750,36169,748,35876,2,293,
9,750,circuito_aleatorio_0004.tfc,750,37652,747,37532,3,120,
9,750,circuito_aleatorio_0005.tfc,750,34335,743,34160,7,175,
9,750,circuito_aleatorio_0006.tfc,750,32001,747,31835,3,166,
9,750,circuito_aleatorio_0007.tfc,750,34381,744,34248,6,133,
9,750,circuito_aleatorio_0008.tfc,750,33031,744,32889,6,142,
9,750,circuito_aleatorio_0009.tfc,750,34715,745,34626,5,89,
9,800,circuito_aleatorio_0000.tfc,800,38183,793,38104,7,79,
9,800,circuito_aleatorio_0001.tfc,800,39840,795,39720,5,120,
9,800,circuito_aleatorio_0002.tfc,800,38239,789,37686,11,553,
9,800,circuito_aleatorio_0003.tfc,800,39155,799,38964,1,191,
9,800,circuito_aleatorio_0004.tfc,800,39425,797,39303,3,122,
9,800,circuito_aleatorio_0005.tfc,800,35811,792,35569,8,242,
9,800,circuito_aleatorio_0006.tfc,800,34336,796,34174,4,162,
9,800,circuito_aleatorio_0007.tfc,800,35930,794,35834,6,96,
9,800,circuito_aleatorio_0008.tfc,800,37053,792,36874,8,179,
9,800,circuito_aleatorio_0009.tfc,800,39347,798,39283,2,64,
9,850,circuito_aleatorio_0000.tfc,850,40319,843,40237,7,82,
9,850,circuito_aleatorio_0001.tfc,850,43164,844,43039,6,125,
9,850,circuito_aleatorio_0002.tfc,850,39700,840,39089,10,611,
9,850,circuito_aleatorio_0003.tfc,850,41592,848,41454,2,138,
9,850,circuito_aleatorio_0004.tfc,850,40921,844,40694,6,227,
9,850,circuito_aleatorio_0005.tfc,850,37352,846,37162,4,190,
9,850,circuito_aleatorio_0006.tfc,850,38445,843,38302,7,143,
9,850,circuito_aleatorio_0007.tfc,850,37968,843,37789,7,179,
9,850,circuito_aleatorio_0008.tfc,850,39648,845,39543,5,105,
9,850,circuito_aleatorio_0009.tfc,850,41276,847,41190,3,86,
9,900,circuito_aleatorio_0000.tfc,900,42150,893,42066,7,84,
9,900,circuito_aleatorio_0001.tfc,900,46678,892,46425,8,253,
9,900,circuito_aleatorio_0002.tfc,900,40920,892,40427,8,493,
9,900,circuito_aleatorio_0003.tfc,900,43943,897,43790,3,153,
9,900,circuito_aleatorio_0004.tfc,900,43590,893,43348,7,242,
9,900,circuito_aleatorio_0005.tfc,900,39037,894,38794,6,243,
9,900,circuito_aleatorio_0006.tfc,900,39881,895,39788,5,93,
9,900,circuito_aleatorio_0007.tfc,900,41773,891,41590,9,183,
9,900,circuito_aleatorio_0008.tfc,900,44429,897,44352,3,77,
9,900,circuito_aleatorio_0009.tfc,900,43303,899,42861,1,442,
9,950,circuito_aleatorio_0000.tfc,950,44338,943,44254,7,84,
9,950,circuito_aleatorio_0001.tfc,950,49093,942,48824,8,269,
9,950,circuito_aleatorio_0002.tfc,950,44247,942,43690,8,557,
9,950,circuito_aleatorio_0003.tfc,950,47497,947,47349,3,148,
9,950,circuito_aleatorio_0004.tfc,950,43711,942,43467,8,244,
9,950,circuito_aleatorio_0005.tfc,950,39911,942,39713,8,198,
9,950,circuito_aleatorio_0006.tfc,950,42558,943,42395,7,163,
9,950,circuito_aleatorio_0007.tfc,950,45642,945,45521,5,121,
9,950,circuito_aleatorio_0008.tfc,950,46520,947,46290,3,230,
9,950,circuito_aleatorio_0009.tfc,950,44911,948,44545,2,366,
9,1000,circuito_aleatorio_0000.tfc,1000,46600,993,46515,7,85,
9,1000,circuito_aleatorio_0001.tfc,1000,51698,991,51349,9,349,
9,1000,circuito_aleatorio_0002.tfc,1000,46996,993,46500,7,496,
9,1000,circuito_aleatorio_0003.tfc,1000,49548,996,49413,4,135,
9,1000,circuito_aleatorio_0004.tfc,1000,43919,992,43627,8,292,
9,1000,circuito_aleatorio_0005.tfc,1000,44902,993,44735,7,167,
9,1000,circuito_aleatorio_0006.tfc,1000,44307,993,44113,7,194,
9,1000,circuito_aleatorio_0007.tfc,1000,49349,995,49272,5,77,
9,1000,circuito_aleatorio_0008.tfc,1000,48385,998,47930,2,455,
9,1000,circuito_aleatorio_0009.tfc,1000,46985,997,46773,3,212,
10,10,circuito_aleatorio_0000.tfc,10,466,10,466,0,0,
10,10,circuito_aleatorio_0001.tfc,10,466,10,466,0,0,
10,10,circuito_aleatorio_0002.tfc,10,528,10,528,0,0,
10,10,circuito_aleatorio_0003.tfc,10,916,10,916,0,0,
10,10,circuito_aleatorio_0004.tfc,10,324,10,324,0,0,
10,10,circuito_aleatorio_0005.tfc,10,652,10,652,0,0,
10,10,circuito_aleatorio_0006.tfc,10,922,10,922,0,0,
10,10,circuito_aleatorio_0007.tfc,10,754,10,754,0,0,
10,10,circuito_aleatorio_0008.tfc,10,554,10,554,0,0,
10,10,circuito_aleatorio_0009.tfc,10,820,10,820,0,0,
10,50,circuito_aleatorio_0000.tfc,50,2700,50,2700,0,0,
10,50,circuito_aleatorio_0001.tfc,50,3702,50,3702,0,0,
10,50,circuito_aleatorio_0002.tfc,50,2652,49,2639,1,13,
10,50,circuito_aleatorio_0003.tfc,50,4522,50,4518,0,4,
10,50,circuito_aleatorio_0004.tfc,50,2811,49,2790,1,21,
10,50,circuito_aleatorio_0005.tfc,50,3148,50,3148,0,0,
10,50,circuito_aleatorio_0006.tfc,50,3738,50,3738,0,0,
10,50,circuito_aleatorio_0007.tfc,50,3384,49,3295,1,89,
10,50,circuito_aleatorio_0008.tfc,50,5302,50,5302,0,0,
10,50,circuito_aleatorio_0009.tfc,50,3078,50,3078,0,0,
10,100,circuito_aleatorio_0000.tfc,100,6402,100,6402,0,0,
10,100,circuito_aleatorio_0001.tfc,100,7174,99,7157,1,17,
10,100,circuito_aleatorio_0002.tfc,100,5959,99,5938,1,21,
10,100,circuito_aleatorio_0003.tfc,100,7122,99,7033,1,89,
10,100,circuito_aleatorio_0004.tfc,100,8380,100,8380,0,0,
10,100,circuito_aleatorio_0005.tfc,100,7644,100,7580,0,64,
10,100,circuito_aleatorio_0006.tfc,100,7086,100,7086,0,0,
10,100,circuito_aleatorio_0007.tfc,100,5796,100,5796,0,0,
10,100,circuito_aleatorio_0008.tfc,100,6124,100,6124,0,0,
10,100,circuito_aleatorio_0009.tfc,100,7788,100,7748,0,40,
10,150,circuito_aleatorio_0000.tfc,150,9054,149,9041,1,13,
10,150,circuito_aleatorio_0001.tfc,150,10481,149,10456,1,25,
10,150,circuito_aleatorio_0002.tfc,150,12424,149,12335,1,89,
10,150,circuito_aleatorio_0003.tfc,150,10722,150,10658,0,64,
10,150,circuito_aleatorio_0004.tfc,150,10524,150,10524,0,0,
10,150,circuito_aleatorio_0005.tfc,150,8482,150,8482,0,0,
10,150,circuito_aleatorio_0006.tfc,150,13839,150,13799,0,40,
10,150,circuito_aleatorio_0007.tfc,150,12126,148,12124,2,2,
10,150,circuito_aleatorio_0008.tfc,150,12123,150,12095,0,28,
10,150,circuito_aleatorio_0009.tfc,150,14597,150,14565,0,32,
10,200,circuito_aleatorio_0000.tfc,200,13576,199,13559,1,17,
10,200,circuito_aleatorio_0001.tfc,200,13081,198,12971,2,110,
10,200,circuito_aleatorio_0002.tfc,200,16024,200,15960,0,64,
10,200,circuito_aleatorio_0003.tfc,200,12882,200,12882,0,0,
10,200,circuito_aleatorio_0004.tfc,200,13912,200,13872,0,40,
10,200,circuito_aleatorio_0005.tfc,200,18177,198,18175,2,2,
10,200,circuito_aleatorio_0006.tfc,200,17066,200,17038,0,28,
10,200,circuito_aleatorio_0007.tfc,200,17785,200,17753,0,32,
10,200,circuito_aleatorio_0008.tfc,200,14988,200,14952,0,36,
10,200,circuito_aleatorio_0009.tfc,200,12075,200,12043,0,32,
10,250,circuito_aleatorio_0000.tfc,250,16387,248,16349,2,38,
10,250,circuito_aleatorio_0001.tfc,250,18650,249,18561,1,89,
10,250,circuito_aleatorio_0002.tfc,250,18168,250,18104,0,64,
10,250,circuito_aleatorio_0003.tfc,250,16270,250,16230,0,40,
10,250,circuito_aleatorio_0004.tfc,250,22292,248,22290,2,2,
10,250,circuito_aleatorio_0005.tfc,250,22605,250,22545,0,60,
10,250,circuito_aleatorio_0006.tfc,250,19137,250,19101,0,36,
10,250,circuito_aleatorio_0007.tfc,250,16057,250,16025,0,32,
10,250,circuito_aleatorio_0008.tfc,250,18502,249,18503,1,-1,
10,250,circuito_aleatorio_0009.tfc,250,18927,248,18809,2,118,
10,300,circuito_aleatorio_0000.tfc,300,19535,298,19497,2,38,
10,300,circuito_aleatorio_0001.tfc,300,23146,299,22993,1,153,
10,300,circuito_aleatorio_0002.tfc,300,19006,300,19006,0,0,
10,300,circuito_aleatorio_0003.tfc,300,25965,298,25923,2,42,
10,300,circuito_aleatorio_0004.tfc,300,26720,300,26660,0,60,
10,300,circuito_aleatorio_0005.tfc,300,23119,300,23083,0,36,
10,300,circuito_aleatorio_0006.tfc,300,19276,300,19244,0,32,
10,300,circuito_aleatorio_0007.tfc,300,22008,297,21923,3,85,
10,300,circuito_aleatorio_0008.tfc,300,25009,300,24977,0,32,
10,300,circuito_aleatorio_0009.tfc,300,23024,300,22999,0,25,
10,350,circuito_aleatorio_0000.tfc,350,23273,348,23235,2,38,
10,350,circuito_aleatorio_0001.tfc,350,26494,349,26341,1,153,
10,350,circuito_aleatorio_0002.tfc,350,25759,350,25719,0,40,
10,350,circuito_aleatorio_0003.tfc,350,29192,348,29162,2,30,
10,350,circuito_aleatorio_0004.tfc,350,28791,350,28723,0,68,
10,350,circuito_aleatorio_0005.tfc,350,23258,350,23226,0,32,
10,350,circuito_aleatorio_0006.tfc,350,25233,347,25148,3,85,
10,350,circuito_aleatorio_0007.tfc,350,29747,350,29715,0,32,
10,350,circuito_aleatorio_0008.tfc,350,24565,350,24538,0,27,
10,350,circuito_aleatorio_0009.tfc,350,28288,350,28224,0,64,
10,400,circuito_aleatorio_0000.tfc,400,26657,397,26530,3,127,
10,400,circuito_aleatorio_0001.tfc,400,28906,400,28842,0,64,
10,400,circuito_aleatorio_0002.tfc,400,32089,398,32047,2,42,
10,400,circuito_aleatorio_0003.tfc,400,34851,400,34791,0,60,
10,400,circuito_aleatorio_0004.tfc,400,27063,400,26995,0,68,
10,400,circuito_aleatorio_0005.tfc,400,29209,397,29124,3,85,
10,400,circuito_aleatorio_0006.tfc,400,32972,400,32940,0,32,
10,400,circuito_aleatorio_0007.tfc,400,29059,400,29032,0,27,
10,400,circuito_aleatorio_0008.tfc,400,30468,399,30311,1,157,
10,400,circuito_aleatorio_0009.tfc,400,27050,399,26985,1,65,
10,450,circuito_aleatorio_0000.tfc,450,31959,447,31832,3,127,
10,450,circuito_aleatorio_0001.tfc,450,29728,450,29664,0,64,
10,450,circuito_aleatorio_0002.tfc,450,38088,448,38018,2,70,
10,450,circuito_aleatorio_0003.tfc,450,37716,450,37648,0,68,
10,450,circuito_aleatorio_0004.tfc,450,30577,449,30546,1,31,
10,450,circuito_aleatorio_0005.tfc,450,35716,448,35598,2,118,
10,450,circuito_aleatorio_0006.tfc,450,32528,450,32501,0,27,
10,450,circuito_aleatorio_0007.tfc,450,34962,449,34741,1,221,
10,450,circuito_aleatorio_0008.tfc,450,30925,449,30860,1,65,
10,450,circuito_aleatorio_0009.tfc,450,29290,450,29268,0,22,
10,500,circuito_aleatorio_0000.tfc,500,35037,497,34910,3,127,
10,500,circuito_aleatorio_0001.tfc,500,34438,500,34334,0,104,
10,500,circuito_aleatorio_0002.tfc,500,44897,498,44835,2,62,
10,500,circuito_aleatorio_0003.tfc,500,35194,500,35126,0,68,
10,500,circuito_aleatorio_0004.tfc,500,37429,497,37312,3,117,
10,500,circuito_aleatorio_0005.tfc,500,39813,500,39788,0,25,
10,500,circuito_aleatorio_0006.tfc,500,37792,500,37726,0,66,
10,500,circuito_aleatorio_0007.tfc,500,33724,499,33531,1,193,
10,500,circuito_aleatorio_0008.tfc,500,33165,500,33143,0,22,
10,500,circuito_aleatorio_0009.tfc,500,33786,500,33734,0,52,
10,550,circuito_aleatorio_0000.tfc,550,38933,547,38774,3,159,
10,550,circuito_aleatorio_0001.tfc,550,40782,548,40708,2,74,
10,550,circuito_aleatorio_0002.tfc,550,46220,550,46156,0,64,
10,550,circuito_aleatorio_0003.tfc,550,38015,550,37951,0,64,
10,550,circuito_aleatorio_0004.tfc,550,43826,547,43709,3,117,
10,550,circuito_aleatorio_0005.tfc,550,42212,550,42121,0,91,
10,550,circuito_aleatorio_0006.tfc,550,38659,548,38446,2,213,
10,550,circuito_aleatorio_0007.tfc,550,36438,550,36407,0,31,
10,550,circuito_aleatorio_0008.tfc,550,36962,550,36910,0,52,
10,550,circuito_aleatorio_0009.tfc,550,36738,548,36608,2,130,
10,600,circuito_aleatorio_0000.tfc,600,42681,597,42490,3,191,
10,600,circuito_aleatorio_0001.tfc,600,44971,598,44929,2,42,
10,600,circuito_aleatorio_0002.tfc,600,49839,600,49743,0,96,
10,600,circuito_aleatorio_0003.tfc,600,41284,597,41167,3,117,
10,600,circuito_aleatorio_0004.tfc,600,48033,600,47976,0,57,
10,600,circuito_aleatorio_0005.tfc,600,44466,599,44243,1,223,
10,600,circuito_aleatorio_0006.tfc,600,41889,599,41818,1,71,
10,600,circuito_aleatorio_0007.tfc,600,37562,600,37514,0,48,
10,600,circuito_aleatorio_0008.tfc,600,43271,598,43119,2,152,
10,600,circuito_aleatorio_0009.tfc,600,39402,598,39345,2,57,
10,650,circuito_aleatorio_0000.tfc,650,46107,647,45916,3,191,
10,650,circuito_aleatorio_0001.tfc,650,50032,648,49990,2,42,
10,650,circuito_aleatorio_0002.tfc,650,49858,650,49730,0,128,
10,650,circuito_aleatorio_0003.tfc,650,48523,647,48406,3,117,
10,650,circuito_aleatorio_0004.tfc,650,49910,650,49819,0,91,
10,650,circuito_aleatorio_0005.tfc,650,47313,648,47091,2,222,
10,650,circuito_aleatorio_0006.tfc,650,42802,650,42780,0,22,
10,650,circuito_aleatorio_0007.tfc,650,45036,648,44916,2,120,
10,650,circuito_aleatorio_0008.tfc,650,43116,648,43010,2,106,
10,650,circuito_aleatorio_0009.tfc,650,49196,648,49046,2,150,
10,700,circuito_aleatorio_0000.tfc,700,49767,697,49576,3,191,
10,700,circuito_aleatorio_0001.tfc,700,54951,698,54881,2,70,
10,700,circuito_aleatorio_0002.tfc,700,52049,700,51949,0,100,
10,700,circuito_aleatorio_0003.tfc,700,54980,697,54863,3,117,
10,700,circuito_aleatorio_0004.tfc,700,52853,700,52762,0,91,
10,700,circuito_aleatorio_0005.tfc,700,48563,699,48364,1,199,
10,700,circuito_aleatorio_0006.tfc,700,45490,700,45422,0,68,
10,700,circuito_aleatorio_0007.tfc,700,47721,697,47555,3,166,
10,700,circuito_aleatorio_0008.tfc,700,51545,699,51429,1,116,
10,700,circuito_aleatorio_0009.tfc,700,50700,698,50639,2,61,
10,750,circuito_aleatorio_0000.tfc,750,53205,747,53014,3,191,
10,750,circuito_aleatorio_0001.tfc,750,61167,748,61065,2,102,
10,750,circuito_aleatorio_0002.tfc,750,53696,749,53629,1,67,
10,750,circuito_aleatorio_0003.tfc,750,58740,748,58597,2,143,
10,750,circuito_aleatorio_0004.tfc,750,54523,749,54291,1,232,
10,750,circuito_aleatorio_0005.tfc,750,50158,749,50080,1,78,
10,750,circuito_aleatorio_0006.tfc,750,52599,748,52479,2,120,
10,750,circuito_aleatorio_0007.tfc,750,49310,748,49189,2,121,
10,750,circuito_aleatorio_0008.tfc,750,56483,748,56345,2,138,
10,750,circuito_aleatorio_0009.tfc,750,58037,748,57927,2,110,
10,800,circuito_aleatorio_0000.tfc,800,55563,797,55372,3,191,
10,800,circuito_aleatorio_0001.tfc,800,66940,798,66838,2,102,
10,800,circuito_aleatorio_0002.tfc,800,56272,797,56119,3,153,
10,800,circuito_aleatorio_0003.tfc,800,62031,800,61972,0,59,
10,800,circuito_aleatorio_0004.tfc,800,57518,798,57296,2,222,
10,800,circuito_aleatorio_0005.tfc,800,52401,800,52347,0,54,
10,800,circuito_aleatorio_0006.tfc,800,55649,797,55463,3,186,
10,800,circuito_aleatorio_0007.tfc,800,57307,797,57181,3,126,
10,800,circuito_aleatorio_0008.tfc,800,61962,798,61843,2,119,
10,800,circuito_aleatorio_0009.tfc,800,57479,799,57414,1,65,
10,850,circuito_aleatorio_0000.tfc,850,58615,847,58424,3,191,
10,850,circuito_aleatorio_0001.tfc,850,71286,848,71148,2,138,
10,850,circuito_aleatorio_0002.tfc,850,61174,847,61025,3,149,
10,850,circuito_aleatorio_0003.tfc,850,66851,850,66760,0,91,
10,850,circuito_aleatorio_0004.tfc,850,58219,848,57991,2,228,
10,850,circuito_aleatorio_0005.tfc,850,55720,850,55636,0,84,
10,850,circuito_aleatorio_0006.tfc,850,57618,846,57445,4,173,
10,850,circuito_aleatorio_0007.tfc,850,63746,848,63608,2,138,
10,850,circuito_aleatorio_0008.tfc,850,66113,847,65980,3,133,
10,850,circuito_aleatorio_0009.tfc,850,58616,848,58581,2,35,
10,900,circuito_aleatorio_0000.tfc,900,61687,897,61496,3,191,
10,900,circuito_aleatorio_0001.tfc,900,75804,898,75666,2,138,
10,900,circuito_aleatorio_0002.tfc,900,66293,897,66144,3,149,
10,900,circuito_aleatorio_0003.tfc,900,67490,899,67242,1,248,
10,900,circuito_aleatorio_0004.tfc,900,60215,899,60128,1,87,
10,900,circuito_aleatorio_0005.tfc,900,62507,898,62323,2,184,
10,900,circuito_aleatorio_0006.tfc,900,63923,898,63773,2,150,
10,900,circuito_aleatorio_0007.tfc,900,67724,896,67595,4,129,
10,900,circuito_aleatorio_0008.tfc,900,64784,898,64711,2,73,
10,900,circuito_aleatorio_0009.tfc,900,65129,897,65099,3,30,
10,950,circuito_aleatorio_0000.tfc,950,65935,947,65744,3,191,
10,950,circuito_aleatorio_0001.tfc,950,77899,948,77729,2,170,
10,950,circuito_aleatorio_0002.tfc,950,72043,947,71901,3,142,
10,950,circuito_aleatorio_0003.tfc,950,69449,949,69199,1,250,
10,950,circuito_aleatorio_0004.tfc,950,61244,949,61152,1,92,
10,950,circuito_aleatorio_0005.tfc,950,66715,947,66529,3,186,
10,950,circuito_aleatorio_0006.tfc,950,68631,947,68470,3,161,
10,950,circuito_aleatorio_0007.tfc,950,73746,947,73615,3,131,
10,950,circuito_aleatorio_0008.tfc,950,66157,948,66120,2,37,
10,950,circuito_aleatorio_0009.tfc,950,72839,947,72799,3,40,
10,1000,circuito_aleatorio_0000.tfc,1000,69475,997,69244,3,231,
10,1000,circuito_aleatorio_0001.tfc,1000,80091,998,79961,2,130,
10,1000,circuito_aleatorio_0002.tfc,1000,77242,997,77100,3,142,
10,1000,circuito_aleatorio_0003.tfc,1000,71516,998,71228,2,288,
10,1000,circuito_aleatorio_0004.tfc,1000,66951,1000,66877,0,74,
10,1000,circuito_aleatorio_0005.tfc,1000,68123,996,67934,4,189,
10,1000,circuito_aleatorio_0006.tfc,1000,75221,998,75067,2,154,
10,1000,circuito_aleatorio_0007.tfc,1000,74503,997,74370,3,133,
10,1000,circuito_aleatorio_0008.tfc,1000,72434,996,72396,4,38,
10,1000,circuito_aleatorio_0009.tfc,1000,75111,998,74837,2,274,
11,10,circuito_aleatorio_0000.tfc,10,682,10,682,0,0,
11,10,circuito_aleatorio_0001.tfc,10,1074,10,1074,0,0,
11,10,circuito_aleatorio_0002.tfc,10,770,10,770,0,0,
11,10,circuito_aleatorio_0003.tfc,10,946,10,946,0,0,
11,10,circuito_aleatorio_0004.tfc,10,532,10,532,0,0,
11,10,circuito_aleatorio_0005.tfc,10,1306,10,1302,0,4,
11,10,circuito_aleatorio_0006.tfc,10,1234,10,1234,0,0,
11,10,circuito_aleatorio_0007.tfc,10,578,10,578,0,0,
11,10,circuito_aleatorio_0008.tfc,10,1210,10,1210,0,0,
11,10,circuito_aleatorio_0009.tfc,10,996,10,996,0,0,
11,50,circuito_aleatorio_0000.tfc,50,4004,50,4004,0,0,
11,50,circuito_aleatorio_0001.tfc,50,5324,50,5320,0,4,
11,50,circuito_aleatorio_0002.tfc,50,3961,50,3961,0,0,
11,50,circuito_aleatorio_0003.tfc,50,6501,50,6501,0,0,
11,50,circuito_aleatorio_0004.tfc,50,3459,50,3443,0,16,
11,50,circuito_aleatorio_0005.tfc,50,6927,50,6895,0,32,
11,50,circuito_aleatorio_0006.tfc,50,4910,50,4910,0,0,
11,50,circuito_aleatorio_0007.tfc,50,7513,50,7513,0,0,
11,50,circuito_aleatorio_0008.tfc,50,4615,50,4615,0,0,
11,50,circuito_aleatorio_0009.tfc,50,5545,50,5545,0,0,
11,100,circuito_aleatorio_0000.tfc,100,9328,100,9324,0,4,
11,100,circuito_aleatorio_0001.tfc,100,10462,100,10462,0,0,
11,100,circuito_aleatorio_0002.tfc,100,10386,100,10338,0,48,
11,100,circuito_aleatorio_0003.tfc,100,12423,100,12423,0,0,
11,100,circuito_aleatorio_0004.tfc,100,10160,100,10160,0,0,
11,100,circuito_aleatorio_0005.tfc,100,11304,99,11051,1,253,
11,100,circuito_aleatorio_0006.tfc,100,8963,100,8963,0,0,
11,100,circuito_aleatorio_0007.tfc,100,9451,99,9418,1,33,
11,100,circuito_aleatorio_0008.tfc,100,12256,99,12251,1,5,
11,100,circuito_aleatorio_0009.tfc,100,16165,100,16165,0,0,
11,150,circuito_aleatorio_0000.tfc,150,13289,150,13285,0,4,
11,150,circuito_aleatorio_0001.tfc,150,16887,150,16839,0,48,
11,150,circuito_aleatorio_0002.tfc,150,17038,150,17038,0,0,
11,150,circuito_aleatorio_0003.tfc,150,16849,149,16596,1,253,
11,150,circuito_aleatorio_0004.tfc,150,12697,149,12668,1,29,
11,150,circuito_aleatorio_0005.tfc,150,17973,149,17964,1,9,
11,150,circuito_aleatorio_0006.tfc,150,22094,150,22094,0,0,
11,150,circuito_aleatorio_0007.tfc,150,19532,150,19530,0,2,
11,150,circuito_aleatorio_0008.tfc,150,19648,150,19648,0,0,
11,150,circuito_aleatorio_0009.tfc,150,18269,150,18269,0,0,
11,200,circuito_aleatorio_0000.tfc,200,19790,200,19786,0,4,
11,200,circuito_aleatorio_0001.tfc,200,22809,200,22761,0,48,
11,200,circuito_aleatorio_0002.tfc,200,21464,199,21211,1,253,
11,200,circuito_aleatorio_0003.tfc,200,18414,199,18381,1,33,
11,200,circuito_aleatorio_0004.tfc,200,28421,199,28416,1,5,
11,200,circuito_aleatorio_0005.tfc,200,25461,200,25459,0,2,
11,200,circuito_aleatorio_0006.tfc,200,26254,200,26254,0,0,
11,200,circuito_aleatorio_0007.tfc,200,24426,200,24410,0,16,
11,200,circuito_aleatorio_0008.tfc,200,19552,200,19520,0,32,
11,200,circuito_aleatorio_0009.tfc,200,24681,200,24681,0,0,
11,250,circuito_aleatorio_0000.tfc,250,23249,250,23229,0,20,
11,250,circuito_aleatorio_0001.tfc,250,29510,250,29478,0,32,
11,250,circuito_aleatorio_0002.tfc,250,24001,248,23719,2,282,
11,250,circuito_aleatorio_0003.tfc,250,34138,249,34129,1,9,
11,250,circuito_aleatorio_0004.tfc,250,32195,250,32193,0,2,
11,250,circuito_aleatorio_0005.tfc,250,31183,250,31183,0,0,
11,250,circuito_aleatorio_0006.tfc,250,27645,250,27597,0,48,
11,250,circuito_aleatorio_0007.tfc,250,29351,250,29351,0,0,
11,250,circuito_aleatorio_0008.tfc,250,28241,250,28237,0,4,
11,250,circuito_aleatorio_0009.tfc,250,30453,250,30453,0,0,
11,300,circuito_aleatorio_0000.tfc,300,30176,300,30124,0,52,
11,300,circuito_aleatorio_0001.tfc,300,33887,299,33634,1,253,
11,300,circuito_aleatorio_0002.tfc,300,30670,298,30632,2,38,
11,300,circuito_aleatorio_0003.tfc,300,41626,300,41624,0,2,
11,300,circuito_aleatorio_0004.tfc,300,37917,300,37917,0,0,
11,300,circuito_aleatorio_0005.tfc,300,32315,300,32267,0,48,
11,300,circuito_aleatorio_0006.tfc,300,35111,300,35107,0,4,
11,300,circuito_aleatorio_0007.tfc,300,34346,300,34346,0,0,
11,300,circuito_aleatorio_0008.tfc,300,34126,300,34126,0,0,
11,300,circuito_aleatorio_0009.tfc,300,37199,300,37199,0,0,
11,350,circuito_aleatorio_0000.tfc,350,35086,350,35034,0,52,
11,350,circuito_aleatorio_0001.tfc,350,37940,349,37687,1,253,
11,350,circuito_aleatorio_0002.tfc,350,43801,348,43763,2,38,
11,350,circuito_aleatorio_0003.tfc,350,45786,350,45784,0,2,
11,350,circuito_aleatorio_0004.tfc,350,39308,350,39260,0,48,
11,350,circuito_aleatorio_0005.tfc,350,39781,350,39777,0,4,
11,350,circuito_aleatorio_0006.tfc,350,41144,350,41144,0,0,
11,350,circuito_aleatorio_0007.tfc,350,38492,350,38492,0,0,
11,350,circuito_aleatorio_0008.tfc,350,41433,350,41433,0,0,
11,350,circuito_aleatorio_0009.tfc,350,34135,350,34135,0,0,
11,400,circuito_aleatorio_0000.tfc,400,42599,400,42547,0,52,
11,400,circuito_aleatorio_0001.tfc,400,39878,398,39592,2,286,
11,400,circuito_aleatorio_0002.tfc,400,53882,399,53875,1,7,
11,400,circuito_aleatorio_0003.tfc,400,50680,400,50664,0,16,
11,400,circuito_aleatorio_0004.tfc,400,44233,400,44201,0,32,
11,400,circuito_aleatorio_0005.tfc,400,44776,400,44772,0,4,
11,400,circuito_aleatorio_0006.tfc,400,45290,400,45290,0,0,
11,400,circuito_aleatorio_0007.tfc,400,46820,400,46820,0,0,
11,400,circuito_aleatorio_0008.tfc,400,39027,400,39011,0,16,
11,400,circuito_aleatorio_0009.tfc,400,37395,400,37331,0,64,
11,450,circuito_aleatorio_0000.tfc,450,47214,450,47162,0,52,
11,450,circuito_aleatorio_0001.tfc,450,47519,447,47228,3,291,
11,450,circuito_aleatorio_0002.tfc,450,61274,450,61272,0,2,
11,450,circuito_aleatorio_0003.tfc,450,50584,450,50536,0,48,
11,450,circuito_aleatorio_0004.tfc,450,52922,450,52918,0,4,
11,450,circuito_aleatorio_0005.tfc,450,50661,450,50661,0,0,
11,450,circuito_aleatorio_0006.tfc,450,52597,450,52597,0,0,
11,450,circuito_aleatorio_0007.tfc,450,44414,450,44398,0,16,
11,450,circuito_aleatorio_0008.tfc,450,41959,450,41895,0,64,
11,450,circuito_aleatorio_0009.tfc,450,44987,450,44908,0,79,
11,500,circuito_aleatorio_0000.tfc,500,52759,500,52707,0,52,
11,500,circuito_aleatorio_0001.tfc,500,58139,497,57848,3,291,
11,500,circuito_aleatorio_0002.tfc,500,63378,500,63376,0,2,
11,500,circuito_aleatorio_0003.tfc,500,56996,500,56948,0,48,
11,500,circuito_aleatorio_0004.tfc,500,58694,500,58690,0,4,
11,500,circuito_aleatorio_0005.tfc,500,57407,500,57407,0,0,
11,500,circuito_aleatorio_0006.tfc,500,49533,500,49533,0,0,
11,500,circuito_aleatorio_0007.tfc,500,47674,500,47594,0,80,
11,500,circuito_aleatorio_0008.tfc,500,49551,500,49472,0,79,
11,500,circuito_aleatorio_0009.tfc,500,49331,499,49307,1,24,
11,550,circuito_aleatorio_0000.tfc,550,59269,550,59217,0,52,
11,550,circuito_aleatorio_0001.tfc,550,62767,547,62476,3,291,
11,550,circuito_aleatorio_0002.tfc,550,71223,550,71173,0,50,
11,550,circuito_aleatorio_0003.tfc,550,59043,550,59039,0,4,
11,550,circuito_aleatorio_0004.tfc,550,63032,550,63032,0,0,
11,550,circuito_aleatorio_0005.tfc,550,61424,550,61424,0,0,
11,550,circuito_aleatorio_0006.tfc,550,55049,550,55033,0,16,
11,550,circuito_aleatorio_0007.tfc,550,51916,550,51773,0,143,
11,550,circuito_aleatorio_0008.tfc,550,53877,549,53853,1,24,
11,550,circuito_aleatorio_0009.tfc,550,55054,550,55030,0,24,
11,600,circuito_aleatorio_0000.tfc,600,64063,599,63758,1,305,
11,600,circuito_aleatorio_0001.tfc,600,72296,598,72256,2,40,
11,600,circuito_aleatorio_0002.tfc,600,70232,600,70184,0,48,
11,600,circuito_aleatorio_0003.tfc,600,69457,600,69453,0,4,
11,600,circuito_aleatorio_0004.tfc,600,71325,600,71325,0,0,
11,600,circuito_aleatorio_0005.tfc,600,59812,600,59796,0,16,
11,600,circuito_aleatorio_0006.tfc,600,54498,600,54374,0,124,
11,600,circuito_aleatorio_0007.tfc,600,62761,599,62734,1,27,
11,600,circuito_aleatorio_0008.tfc,600,59070,600,59030,0,40,
11,600,circuito_aleatorio_0009.tfc,600,64364,599,64335,1,29,
11,650,circuito_aleatorio_0000.tfc,650,69243,649,68938,1,305,
11,650,circuito_aleatorio_0001.tfc,650,80313,648,80273,2,40,
11,650,circuito_aleatorio_0002.tfc,650,76330,650,76282,0,48,
11,650,circuito_aleatorio_0003.tfc,650,74068,650,74064,0,4,
11,650,circuito_aleatorio_0004.tfc,650,72508,650,72508,0,0,
11,650,circuito_aleatorio_0005.tfc,650,63545,650,63529,0,16,
11,650,circuito_aleatorio_0006.tfc,650,61771,649,61620,1,151,
11,650,circuito_aleatorio_0007.tfc,650,64148,650,64132,0,16,
11,650,circuito_aleatorio_0008.tfc,650,72368,649,72315,1,53,
11,650,circuito_aleatorio_0009.tfc,650,74469,649,74406,1,63,
11,700,circuito_aleatorio_0000.tfc,700,73026,699,72721,1,305,
11,700,circuito_aleatorio_0001.tfc,700,89587,698,89547,2,40,
11,700,circuito_aleatorio_0002.tfc,700,79089,700,79037,0,52,
11,700,circuito_aleatorio_0003.tfc,700,79636,700,79636,0,0,
11,700,circuito_aleatorio_0004.tfc,700,75568,700,75568,0,0,
11,700,circuito_aleatorio_0005.tfc,700,64777,700,64637,0,140,
11,700,circuito_aleatorio_0006.tfc,700,72563,699,72520,1,43,
11,700,circuito_aleatorio_0007.tfc,700,68733,700,68709,0,24,
11,700,circuito_aleatorio_0008.tfc,700,80765,699,80672,1,93,
11,700,circuito_aleatorio_0009.tfc,700,80116,698,80052,2,64,
11,750,circuito_aleatorio_0000.tfc,750,76760,748,76426,2,334,
11,750,circuito_aleatorio_0001.tfc,750,97516,749,97505,1,11,
11,750,circuito_aleatorio_0002.tfc,750,85237,750,85185,0,52,
11,750,circuito_aleatorio_0003.tfc,750,87860,750,87860,0,0,
11,750,circuito_aleatorio_0004.tfc,750,75512,750,75496,0,16,
11,750,circuito_aleatorio_0005.tfc,750,71246,750,71103,0,143,
11,750,circuito_aleatorio_0006.tfc,750,72539,749,72515,1,24,
11,750,circuito_aleatorio_0007.tfc,750,81208,749,81155,1,53,
11,750,circuito_aleatorio_0008.tfc,750,85718,749,85651,1,67,
11,750,circuito_aleatorio_0009.tfc,750,86198,746,86086,4,112,
11,800,circuito_aleatorio_0000.tfc,800,82477,798,82139,2,338,
11,800,circuito_aleatorio_0001.tfc,800,104562,799,104539,1,23,
11,800,circuito_aleatorio_0002.tfc,800,89009,800,88973,0,36,
11,800,circuito_aleatorio_0003.tfc,800,92110,800,92110,0,0,
11,800,circuito_aleatorio_0004.tfc,800,76422,800,76342,0,80,
11,800,circuito_aleatorio_0005.tfc,800,79864,799,79777,1,87,
11,800,circuito_aleatorio_0006.tfc,800,78535,800,78495,0,40,
11,800,circuito_aleatorio_0007.tfc,800,93187,798,93095,2,92,
11,800,circuito_aleatorio_0008.tfc,800,89180,797,89071,3,109,
11,800,circuito_aleatorio_0009.tfc,800,88548,799,88543,1,5,
11,850,circuito_aleatorio_0000.tfc,850,88274,847,87931,3,343,
11,850,circuito_aleatorio_0001.tfc,850,109483,850,109433,0,50,
11,850,circuito_aleatorio_0002.tfc,850,97511,850,97507,0,4,
11,850,circuito_aleatorio_0003.tfc,850,92357,850,92357,0,0,
11,850,circuito_aleatorio_0004.tfc,850,79327,850,79184,0,143,
11,850,circuito_aleatorio_0005.tfc,850,86762,849,86722,1,40,
11,850,circuito_aleatorio_0006.tfc,850,90193,849,90140,1,53,
11,850,circuito_aleatorio_0007.tfc,850,95464,849,95397,1,67,
11,850,circuito_aleatorio_0008.tfc,850,94766,846,94654,4,112,
11,850,circuito_aleatorio_0009.tfc,850,96795,850,96761,0,34,
11,900,circuito_aleatorio_0000.tfc,900,94733,897,94390,3,343,
11,900,circuito_aleatorio_0001.tfc,900,111858,900,111808,0,50,
11,900,circuito_aleatorio_0002.tfc,900,103583,900,103579,0,4,
11,900,circuito_aleatorio_0003.tfc,900,97011,900,96995,0,16,
11,900,circuito_aleatorio_0004.tfc,900,86946,900,86803,0,143,
11,900,circuito_aleatorio_0005.tfc,900,89383,899,89335,1,48,
11,900,circuito_aleatorio_0006.tfc,900,100230,899,100137,1,93,
11,900,circuito_aleatorio_0007.tfc,900,101602,896,101494,4,108,
11,900,circuito_aleatorio_0008.tfc,900,99765,899,99760,1,5,
11,900,circuito_aleatorio_0009.tfc,900,98180,900,98142,0,38,
11,950,circuito_aleatorio_0000.tfc,950,104000,947,103657,3,343,
11,950,circuito_aleatorio_0001.tfc,950,114047,950,113997,0,50,
11,950,circuito_aleatorio_0002.tfc,950,107206,950,107202,0,4,
11,950,circuito_aleatorio_0003.tfc,950,102226,950,102210,0,16,
11,950,circuito_aleatorio_0004.tfc,950,92543,949,92392,1,151,
11,950,circuito_aleatorio_0005.tfc,950,97026,950,96986,0,40,
11,950,circuito_aleatorio_0006.tfc,950,106768,948,106672,2,96,
11,950,circuito_aleatorio_0007.tfc,950,104587,946,104475,4,112,
11,950,circuito_aleatorio_0008.tfc,950,107685,950,107651,0,34,
11,950,circuito_aleatorio_0009.tfc,950,107967,949,107764,1,203,
11,1000,circuito_aleatorio_0000.tfc,1000,110898,997,110555,3,343,
11,1000,circuito_aleatorio_0001.tfc,1000,120374,1000,120324,0,50,
11,1000,circuito_aleatorio_0002.tfc,1000,116101,1000,116097,0,4,
11,1000,circuito_aleatorio_0003.tfc,1000,97207,1000,97127,0,80,
11,1000,circuito_aleatorio_0004.tfc,1000,98882,999,98779,1,103,
11,1000,circuito_aleatorio_0005.tfc,1000,104416,999,104363,1,53,
11,1000,circuito_aleatorio_0006.tfc,1000,115982,998,115854,2,128,
11,1000,circuito_aleatorio_0007.tfc,1000,110034,997,109985,3,49,
11,1000,circuito_aleatorio_0008.tfc,1000,109397,1000,109359,0,38,
11,1000,circuito_aleatorio_0009.tfc,1000,114385,998,114179,2,206,
12,10,circuito_aleatorio_0000.tfc,10,1290,10,1290,0,0,
12,10,circuito_aleatorio_0001.tfc,10,1362,10,1362,0,0,
12,10,circuito_aleatorio_0002.tfc,10,1450,10,1450,0,0,
12,10,circuito_aleatorio_0003.tfc,10,578,10,578,0,0,
12,10,circuito_aleatorio_0004.tfc,10,986,10,986,0,0,
12,10,circuito_aleatorio_0005.tfc,10,1426,10,1426,0,0,
12,10,circuito_aleatorio_0006.tfc,10,1426,10,1426,0,0,
12,10,circuito_aleatorio_0007.tfc,10,1490,10,1490,0,0,
12,10,circuito_aleatorio_0008.tfc,10,1522,10,1522,0,0,
12,10,circuito_aleatorio_0009.tfc,10,1058,10,1058,0,0,
12,50,circuito_aleatorio_0000.tfc,50,5666,50,5666,0,0,
12,50,circuito_aleatorio_0001.tfc,50,6922,50,6922,0,0,
12,50,circuito_aleatorio_0002.tfc,50,6566,50,6566,0,0,
12,50,circuito_aleatorio_0003.tfc,50,8820,50,8820,0,0,
12,50,circuito_aleatorio_0004.tfc,50,7791,50,7791,0,0,
12,50,circuito_aleatorio_0005.tfc,50,6908,50,6908,0,0,
12,50,circuito_aleatorio_0006.tfc,50,12100,50,12100,0,0,
12,50,circuito_aleatorio_0007.tfc,50,9096,50,9096,0,0,
12,50,circuito_aleatorio_0008.tfc,50,10016,50,10016,0,0,
12,50,circuito_aleatorio_0009.tfc,50,9112,50,9112,0,0,
12,100,circuito_aleatorio_0000.tfc,100,12588,100,12588,0,0,
12,100,circuito_aleatorio_0001.tfc,100,15386,100,15386,0,0,
12,100,circuito_aleatorio_0002.tfc,100,14699,100,14699,0,0,
12,100,circuito_aleatorio_0003.tfc,100,21196,100,21196,0,0,
12,100,circuito_aleatorio_0004.tfc,100,19128,100,19128,0,0,
12,100,circuito_aleatorio_0005.tfc,100,17780,99,17751,1,29,
12,100,circuito_aleatorio_0006.tfc,100,13199,100,13199,0,0,
12,100,circuito_aleatorio_0007.tfc,100,17954,100,17954,0,0,
12,100,circuito_aleatorio_0008.tfc,100,22109,99,22108,1,1,
12,100,circuito_aleatorio_0009.tfc,100,18016,100,18016,0,0,
12,150,circuito_aleatorio_0000.tfc,150,19154,150,19154,0,0,
12,150,circuito_aleatorio_0001.tfc,150,23519,150,23519,0,0,
12,150,circuito_aleatorio_0002.tfc,150,31212,150,31212,0,0,
12,150,circuito_aleatorio_0003.tfc,150,26892,149,26863,1,29,
12,150,circuito_aleatorio_0004.tfc,150,21941,150,21941,0,0,
12,150,circuito_aleatorio_0005.tfc,150,31321,149,31320,1,1,
12,150,circuito_aleatorio_0006.tfc,150,29285,150,29285,0,0,
12,150,circuito_aleatorio_0007.tfc,150,29674,150,29674,0,0,
12,150,circuito_aleatorio_0008.tfc,150,28081,150,28065,0,16,
12,150,circuito_aleatorio_0009.tfc,150,26911,150,26774,0,137,
12,200,circuito_aleatorio_0000.tfc,200,27974,200,27974,0,0,
12,200,circuito_aleatorio_0001.tfc,200,35895,200,35895,0,0,
12,200,circuito_aleatorio_0002.tfc,200,36908,199,36879,1,29,
12,200,circuito_aleatorio_0003.tfc,200,31153,200,31153,0,0,
12,200,circuito_aleatorio_0004.tfc,200,40125,199,40124,1,1,
12,200,circuito_aleatorio_0005.tfc,200,40943,200,40943,0,0,
12,200,circuito_aleatorio_0006.tfc,200,37557,200,37532,0,25,
12,200,circuito_aleatorio_0007.tfc,200,30174,200,30046,0,128,
12,200,circuito_aleatorio_0008.tfc,200,34162,200,34162,0,0,
12,200,circuito_aleatorio_0009.tfc,200,32049,200,32049,0,0,
12,250,circuito_aleatorio_0000.tfc,250,35765,250,35765,0,0,
12,250,circuito_aleatorio_0001.tfc,250,47232,250,47232,0,0,
12,250,circuito_aleatorio_0002.tfc,250,39721,249,39692,1,29,
12,250,circuito_aleatorio_0003.tfc,250,49337,249,49336,1,1,
12,250,circuito_aleatorio_0004.tfc,250,50213,250,50197,0,16,
12,250,circuito_aleatorio_0005.tfc,250,45722,250,45585,0,137,
12,250,circuito_aleatorio_0006.tfc,250,37685,250,37685,0,0,
12,250,circuito_aleatorio_0007.tfc,250,41265,250,41265,0,0,
12,250,circuito_aleatorio_0008.tfc,250,46147,250,46147,0,0,
12,250,circuito_aleatorio_0009.tfc,250,40749,250,40749,0,0,
12,300,circuito_aleatorio_0000.tfc,300,42673,300,42673,0,0,
12,300,circuito_aleatorio_0001.tfc,300,58104,299,58075,1,29,
12,300,circuito_aleatorio_0002.tfc,300,53262,299,53261,1,1,
12,300,circuito_aleatorio_0003.tfc,300,58959,300,58959,0,0,
12,300,circuito_aleatorio_0004.tfc,300,54992,300,54839,0,153,
12,300,circuito_aleatorio_0005.tfc,300,46901,300,46901,0,0,
12,300,circuito_aleatorio_0006.tfc,300,50636,300,50636,0,0,
12,300,circuito_aleatorio_0007.tfc,300,53782,300,53782,0,0,
12,300,circuito_aleatorio_0008.tfc,300,51903,300,51903,0,0,
12,300,circuito_aleatorio_0009.tfc,300,46509,299,46496,1,13,
12,350,circuito_aleatorio_0000.tfc,350,54773,350,54773,0,0,
12,350,circuito_aleatorio_0001.tfc,350,59203,349,59174,1,29,
12,350,circuito_aleatorio_0002.tfc,350,69348,349,69347,1,1,
12,350,circuito_aleatorio_0003.tfc,350,67231,350,67206,0,25,
12,350,circuito_aleatorio_0004.tfc,350,55120,350,54992,0,128,
12,350,circuito_aleatorio_0005.tfc,350,59852,350,59852,0,0,
12,350,circuito_aleatorio_0006.tfc,350,60927,350,60927,0,0,
12,350,circuito_aleatorio_0007.tfc,350,62184,350,62184,0,0,
12,350,circuito_aleatorio_0008.tfc,350,55702,349,55689,1,13,
12,350,circuito_aleatorio_0009.tfc,350,55720,350,55720,0,0,
12,400,circuito_aleatorio_0000.tfc,400,63869,400,63869,0,0,
12,400,circuito_aleatorio_0001.tfc,400,68061,399,68032,1,29,
12,400,circuito_aleatorio_0002.tfc,400,81068,399,81067,1,1,
12,400,circuito_aleatorio_0003.tfc,400,67731,400,67578,0,153,
12,400,circuito_aleatorio_0004.tfc,400,66211,400,66211,0,0,
12,400,circuito_aleatorio_0005.tfc,400,72369,400,72369,0,0,
12,400,circuito_aleatorio_0006.tfc,400,69329,400,69329,0,0,
12,400,circuito_aleatorio_0007.tfc,400,64266,399,64253,1,13,
12,400,circuito_aleatorio_0008.tfc,400,60014,400,60014,0,0,
12,400,circuito_aleatorio_0009.tfc,400,55168,399,55155,1,13,
12,450,circuito_aleatorio_0000.tfc,450,73885,450,73885,0,0,
12,450,circuito_aleatorio_0001.tfc,450,80154,448,80124,2,30,
12,450,circuito_aleatorio_0002.tfc,450,87040,450,87024,0,16,
12,450,circuito_aleatorio_0003.tfc,450,73812,450,73675,0,137,
12,450,circuito_aleatorio_0004.tfc,450,78196,450,78196,0,0,
12,450,circuito_aleatorio_0005.tfc,450,78125,450,78125,0,0,
12,450,circuito_aleatorio_0006.tfc,450,73128,449,73115,1,13,
12,450,circuito_aleatorio_0007.tfc,450,68578,450,68578,0,0,
12,450,circuito_aleatorio_0008.tfc,450,62498,449,62485,1,13,
12,450,circuito_aleatorio_0009.tfc,450,66334,450,66334,0,0,
12,500,circuito_aleatorio_0000.tfc,500,82997,500,82997,0,0,
12,500,circuito_aleatorio_0001.tfc,500,89058,498,89028,2,30,
12,500,circuito_aleatorio_0002.tfc,500,95935,500,95782,0,153,
12,500,circuito_aleatorio_0003.tfc,500,78950,500,78950,0,0,
12,500,circuito_aleatorio_0004.tfc,500,86896,500,86896,0,0,
12,500,circuito_aleatorio_0005.tfc,500,83885,499,83872,1,13,
12,500,circuito_aleatorio_0006.tfc,500,82339,500,82339,0,0,
12,500,circuito_aleatorio_0007.tfc,500,68026,499,68013,1,13,
12,500,circuito_aleatorio_0008.tfc,500,73664,500,73664,0,0,
12,500,circuito_aleatorio_0009.tfc,500,77241,499,77204,1,37,
12,550,circuito_aleatorio_0000.tfc,550,90201,549,90172,1,29,
12,550,circuito_aleatorio_0001.tfc,550,101459,549,101458,1,1,
12,550,circuito_aleatorio_0002.tfc,550,96560,550,96407,0,153,
12,550,circuito_aleatorio_0003.tfc,550,94631,550,94631,0,0,
12,550,circuito_aleatorio_0004.tfc,550,96215,550,96215,0,0,
12,550,circuito_aleatorio_0005.tfc,550,89873,549,89860,1,13,
12,550,circuito_aleatorio_0006.tfc,550,76581,549,76568,1,13,
12,550,circuito_aleatorio_0007.tfc,550,84498,550,84498,0,0,
12,550,circuito_aleatorio_0008.tfc,550,81974,550,81958,0,16,
12,550,circuito_aleatorio_0009.tfc,550,88535,549,88514,1,21,
12,600,circuito_aleatorio_0000.tfc,600,100777,599,100748,1,29,
12,600,circuito_aleatorio_0001.tfc,600,112221,599,112220,1,1,
12,600,circuito_aleatorio_0002.tfc,600,101893,600,101740,0,153,
12,600,circuito_aleatorio_0003.tfc,600,104418,600,104418,0,0,
12,600,circuito_aleatorio_0004.tfc,600,98412,599,98399,1,13,
12,600,circuito_aleatorio_0005.tfc,600,95197,600,95197,0,0,
12,600,circuito_aleatorio_0006.tfc,600,82403,599,82390,1,13,
12,600,circuito_aleatorio_0007.tfc,600,88903,600,88887,0,16,
12,600,circuito_aleatorio_0008.tfc,600,102193,599,102172,1,21,
12,600,circuito_aleatorio_0009.tfc,600,109107,600,109091,0,16,
12,650,circuito_aleatorio_0000.tfc,650,107322,649,107293,1,29,
12,650,circuito_aleatorio_0001.tfc,650,125392,649,125375,1,17,
12,650,circuito_aleatorio_0002.tfc,650,108404,650,108267,0,137,
12,650,circuito_aleatorio_0003.tfc,650,106298,650,106298,0,0,
12,650,circuito_aleatorio_0004.tfc,650,113126,649,113113,1,13,
12,650,circuito_aleatorio_0005.tfc,650,91822,649,91809,1,13,
12,650,circuito_aleatorio_0006.tfc,650,96591,650,96591,0,0,
12,650,circuito_aleatorio_0007.tfc,650,104111,649,104074,1,37,
12,650,circuito_aleatorio_0008.tfc,650,115303,650,115287,0,16,
12,650,circuito_aleatorio_0009.tfc,650,114972,650,114972,0,0,
12,700,circuito_aleatorio_0000.tfc,700,113976,699,113947,1,29,
12,700,circuito_aleatorio_0001.tfc,700,136579,699,136553,1,26,
12,700,circuito_aleatorio_0002.tfc,700,114972,700,114844,0,128,
12,700,circuito_aleatorio_0003.tfc,700,123111,700,123111,0,0,
12,700,circuito_aleatorio_0004.tfc,700,111422,699,111409,1,13,
12,700,circuito_aleatorio_0005.tfc,700,95261,699,95248,1,13,
12,700,circuito_aleatorio_0006.tfc,700,105919,700,105903,0,16,
12,700,circuito_aleatorio_0007.tfc,700,118216,699,118195,1,21,
12,700,circuito_aleatorio_0008.tfc,700,123974,700,123958,0,16,
12,700,circuito_aleatorio_0009.tfc,700,116208,699,116187,1,21,
12,750,circuito_aleatorio_0000.tfc,750,122718,749,122689,1,29,
12,750,circuito_aleatorio_0001.tfc,750,145272,749,145118,1,154,
12,750,circuito_aleatorio_0002.tfc,750,125097,750,125097,0,0,
12,750,circuito_aleatorio_0003.tfc,750,124634,749,124621,1,13,
12,750,circuito_aleatorio_0004.tfc,750,113994,749,113981,1,13,
12,750,circuito_aleatorio_0005.tfc,750,110035,750,110035,0,0,
12,750,circuito_aleatorio_0006.tfc,750,118559,749,118522,1,37,
12,750,circuito_aleatorio_0007.tfc,750,135215,750,135199,0,16,
12,750,circuito_aleatorio_0008.tfc,750,127746,750,127746,0,0,
12,750,circuito_aleatorio_0009.tfc,750,127104,749,127083,1,21,
12,800,circuito_aleatorio_0000.tfc,800,131930,799,131901,1,29,
12,800,circuito_aleatorio_0001.tfc,800,148799,799,148645,1,154,
12,800,circuito_aleatorio_0002.tfc,800,138580,800,138580,0,0,
12,800,circuito_aleatorio_0003.tfc,800,133595,799,133582,1,13,
12,800,circuito_aleatorio_0004.tfc,800,115182,799,115169,1,13,
12,800,circuito_aleatorio_0005.tfc,800,116138,800,116122,0,16,
12,800,circuito_aleatorio_0006.tfc,800,135232,799,135211,1,21,
12,800,circuito_aleatorio_0007.tfc,800,144442,800,144426,0,16,
12,800,circuito_aleatorio_0008.tfc,800,128597,799,128576,1,21,
12,800,circuito_aleatorio_0009.tfc,800,138373,800,138373,0,0,
12,850,circuito_aleatorio_0000.tfc,850,143663,849,143634,1,29,
12,850,circuito_aleatorio_0001.tfc,850,154337,849,154183,1,154,
12,850,circuito_aleatorio_0002.tfc,850,142798,850,142798,0,0,
12,850,circuito_aleatorio_0003.tfc,850,145600,849,145587,1,13,
12,850,circuito_aleatorio_0004.tfc,850,118199,849,118186,1,13,
12,850,circuito_aleatorio_0005.tfc,850,128180,849,128143,1,37,
12,850,circuito_aleatorio_0006.tfc,850,155772,850,155756,0,16,
12,850,circuito_aleatorio_0007.tfc,850,142054,850,142054,0,0,
12,850,circuito_aleatorio_0008.tfc,850,143895,849,143874,1,21,
12,850,circuito_aleatorio_0009.tfc,850,145190,850,145150,0,40,
12,900,circuito_aleatorio_0000.tfc,900,154039,898,154009,2,30,
12,900,circuito_aleatorio_0001.tfc,900,160852,900,160699,0,153,
12,900,circuito_aleatorio_0002.tfc,900,156321,900,156321,0,0,
12,900,circuito_aleatorio_0003.tfc,900,141706,899,141693,1,13,
12,900,circuito_aleatorio_0004.tfc,900,128832,899,128819,1,13,
12,900,circuito_aleatorio_0005.tfc,900,144667,899,144630,1,37,
12,900,circuito_aleatorio_0006.tfc,900,157013,900,156997,0,16,
12,900,circuito_aleatorio_0007.tfc,900,149065,899,149044,1,21,
12,900,circuito_aleatorio_0008.tfc,900,155264,900,155232,0,32,
12,900,circuito_aleatorio_0009.tfc,900,155112,900,155004,0,108,
12,950,circuito_aleatorio_0000.tfc,950,165326,948,165296,2,30,
12,950,circuito_aleatorio_0001.tfc,950,165620,950,165467,0,153,
12,950,circuito_aleatorio_0002.tfc,950,165928,950,165928,0,0,
12,950,circuito_aleatorio_0003.tfc,950,141318,948,141292,2,26,
12,950,circuito_aleatorio_0004.tfc,950,138378,950,138362,0,16,
12,950,circuito_aleatorio_0005.tfc,950,162895,949,162858,1,37,
12,950,circuito_aleatorio_0006.tfc,950,166222,950,166222,0,0,
12,950,circuito_aleatorio_0007.tfc,950,161641,949,161620,1,21,
12,950,circuito_aleatorio_0008.tfc,950,161810,950,161770,0,40,
12,950,circuito_aleatorio_0009.tfc,950,158540,949,158315,1,225,
12,1000,circuito_aleatorio_0000.tfc,1000,172055,998,172025,2,30,
12,1000,circuito_aleatorio_0001.tfc,1000,174885,1000,174732,0,153,
12,1000,circuito_aleatorio_0002.tfc,1000,170781,999,170768,1,13,
12,1000,circuito_aleatorio_0003.tfc,1000,150365,999,150352,1,13,
12,1000,circuito_aleatorio_0004.tfc,1000,150905,999,150868,1,37,
12,1000,circuito_aleatorio_0005.tfc,1000,176533,1000,176517,0,16,
12,1000,circuito_aleatorio_0006.tfc,1000,164114,999,164093,1,21,
12,1000,circuito_aleatorio_0007.tfc,1000,171230,1000,171230,0,0,
12,1000,circuito_aleatorio_0008.tfc,1000,172003,1000,171863,0,140,
12,1000,circuito_aleatorio_0009.tfc,1000,165803,999,165678,1,125,
13,10,circuito_aleatorio_0000.tfc,10,1586,10,1586,0,0,
13,10,circuito_aleatorio_0001.tfc,10,1898,10,1898,0,0,
13,10,circuito_aleatorio_0002.tfc,10,2274,10,2274,0,0,
13,10,circuito_aleatorio_0003.tfc,10,1464,10,1464,0,0,
13,10,circuito_aleatorio_0004.tfc,10,1682,10,1682,0,0,
13,10,circuito_aleatorio_0005.tfc,10,2594,10,2594,0,0,
13,10,circuito_aleatorio_0006.tfc,10,2740,10,2740,0,0,
13,10,circuito_aleatorio_0007.tfc,10,1554,10,1554,0,0,
13,10,circuito_aleatorio_0008.tfc,10,1394,10,1394,0,0,
13,10,circuito_aleatorio_0009.tfc,10,1570,10,1570,0,0,
13,50,circuito_aleatorio_0000.tfc,50,8904,50,8904,0,0,
13,50,circuito_aleatorio_0001.tfc,50,9852,50,9852,0,0,
13,50,circuito_aleatorio_0002.tfc,50,13998,50,13998,0,0,
13,50,circuito_aleatorio_0003.tfc,50,8666,50,8666,0,0,
13,50,circuito_aleatorio_0004.tfc,50,16258,50,16258,0,0,
13,50,circuito_aleatorio_0005.tfc,50,13606,50,13606,0,0,
13,50,circuito_aleatorio_0006.tfc,50,16392,50,16392,0,0,
13,50,circuito_aleatorio_0007.tfc,50,12640,50,12640,0,0,
13,50,circuito_aleatorio_0008.tfc,50,15014,50,15014,0,0,
13,50,circuito_aleatorio_0009.tfc,50,12434,50,12434,0,0,
13,100,circuito_aleatorio_0000.tfc,100,18756,100,18756,0,0,
13,100,circuito_aleatorio_0001.tfc,100,22664,100,22664,0,0,
13,100,circuito_aleatorio_0002.tfc,100,29864,100,29864,0,0,
13,100,circuito_aleatorio_0003.tfc,100,29032,100,29032,0,0,
13,100,circuito_aleatorio_0004.tfc,100,27448,100,27448,0,0,
13,100,circuito_aleatorio_0005.tfc,100,26178,100,26178,0,0,
13,100,circuito_aleatorio_0006.tfc,100,21920,100,21920,0,0,
13,100,circuito_aleatorio_0007.tfc,100,32442,100,32442,0,0,
13,100,circuito_aleatorio_0008.tfc,100,31862,100,31862,0,0,
13,100,circuito_aleatorio_0009.tfc,100,33632,100,33632,0,0,
13,150,circuito_aleatorio_0000.tfc,150,32754,150,32754,0,0,
13,150,circuito_aleatorio_0001.tfc,150,38530,150,38530,0,0,
13,150,circuito_aleatorio_0002.tfc,150,44046,150,44046,0,0,
13,150,circuito_aleatorio_0003.tfc,150,38612,150,38612,0,0,
13,150,circuito_aleatorio_0004.tfc,150,35818,150,35818,0,0,
13,150,circuito_aleatorio_0005.tfc,150,50406,150,50406,0,0,
13,150,circuito_aleatorio_0006.tfc,150,49108,150,49108,0,0,
13,150,circuito_aleatorio_0007.tfc,150,43096,150,43096,0,0,
13,150,circuito_aleatorio_0008.tfc,150,40540,150,40540,0,0,
13,150,circuito_aleatorio_0009.tfc,150,28022,150,28022,0,0,
13,200,circuito_aleatorio_0000.tfc,200,41420,200,41420,0,0,
13,200,circuito_aleatorio_0001.tfc,200,58896,200,58896,0,0,
13,200,circuito_aleatorio_0002.tfc,200,53626,200,53626,0,0,
13,200,circuito_aleatorio_0003.tfc,200,54362,200,54362,0,0,
13,200,circuito_aleatorio_0004.tfc,200,65494,200,65494,0,0,
13,200,circuito_aleatorio_0005.tfc,200,58572,200,58572,0,0,
13,200,circuito_aleatorio_0006.tfc,200,51822,200,51822,0,0,
13,200,circuito_aleatorio_0007.tfc,200,41102,200,41102,0,0,
13,200,circuito_aleatorio_0008.tfc,200,51212,200,51212,0,0,
13,200,circuito_aleatorio_0009.tfc,200,58316,200,58300,0,16,
13,250,circuito_aleatorio_0000.tfc,250,57678,250,57678,0,0,
13,250,circuito_aleatorio_0001.tfc,250,70086,250,70086,0,0,
13,250,circuito_aleatorio_0002.tfc,250,61996,250,61996,0,0,
13,250,circuito_aleatorio_0003.tfc,250,84038,250,84038,0,0,
13,250,circuito_aleatorio_0004.tfc,250,68992,250,68992,0,0,
13,250,circuito_aleatorio_0005.tfc,250,58142,250,58142,0,0,
13,250,circuito_aleatorio_0006.tfc,250,61560,250,61560,0,0,
13,250,circuito_aleatorio_0007.tfc,250,72330,250,72314,0,16,
13,250,circuito_aleatorio_0008.tfc,250,64345,250,64345,0,0,
13,250,circuito_aleatorio_0009.tfc,250,65694,250,65694,0,0,
13,300,circuito_aleatorio_0000.tfc,300,71284,300,71284,0,0,
13,300,circuito_aleatorio_0001.tfc,300,82658,300,82658,0,0,
13,300,circuito_aleatorio_0002.tfc,300,86224,300,86224,0,0,
13,300,circuito_aleatorio_0003.tfc,300,92204,300,92204,0,0,
13,300,circuito_aleatorio_0004.tfc,300,68562,300,68562,0,0,
13,300,circuito_aleatorio_0005.tfc,300,75574,300,75574,0,0,
13,300,circuito_aleatorio_0006.tfc,300,85158,300,85142,0,16,
13,300,circuito_aleatorio_0007.tfc,300,70453,300,70453,0,0,
13,300,circuito_aleatorio_0008.tfc,300,76796,300,76796,0,0,
13,300,circuito_aleatorio_0009.tfc,300,71005,300,71005,0,0,
13,350,circuito_aleatorio_0000.tfc,350,87676,350,87676,0,0,
13,350,circuito_aleatorio_0001.tfc,350,88186,350,88186,0,0,
13,350,circuito_aleatorio_0002.tfc,350,113412,350,113412,0,0,
13,350,circuito_aleatorio_0003.tfc,350,94918,350,94918,0,0,
13,350,circuito_aleatorio_0004.tfc,350,78300,350,78300,0,0,
13,350,circuito_aleatorio_0005.tfc,350,99172,350,99156,0,16,
13,350,circuito_aleatorio_0006.tfc,350,84989,350,84989,0,0,
13,350,circuito_aleatorio_0007.tfc,350,84910,350,84910,0,0,
13,350,circuito_aleatorio_0008.tfc,350,81925,350,81925,0,0,
13,350,circuito_aleatorio_0009.tfc,350,68389,350,68389,0,0,
13,400,circuito_aleatorio_0000.tfc,400,100316,400,100316,0,0,
13,400,circuito_aleatorio_0001.tfc,400,107988,400,107988,0,0,
13,400,circuito_aleatorio_0002.tfc,400,124066,400,124066,0,0,
13,400,circuito_aleatorio_0003.tfc,400,92924,400,92924,0,0,
13,400,circuito_aleatorio_0004.tfc,400,109528,400,109512,0,16,
13,400,circuito_aleatorio_0005.tfc,400,97295,400,97295,0,0,
13,400,circuito_aleatorio_0006.tfc,400,99446,400,99446,0,0,
13,400,circuito_aleatorio_0007.tfc,400,92017,400,92017,0,0,
13,400,circuito_aleatorio_0008.tfc,400,84706,400,84706,0,0,
13,400,circuito_aleatorio_0009.tfc,400,93066,400,93066,0,0,
13,450,circuito_aleatorio_0000.tfc,450,115330,450,115330,0,0,
13,450,circuito_aleatorio_0001.tfc,450,124836,450,124836,0,0,
13,450,circuito_aleatorio_0002.tfc,450,132744,450,132744,0,0,
13,450,circuito_aleatorio_0003.tfc,450,103596,450,103596,0,0,
13,450,circuito_aleatorio_0004.tfc,450,122661,450,122645,0,16,
13,450,circuito_aleatorio_0005.tfc,450,109746,450,109746,0,0,
13,450,circuito_aleatorio_0006.tfc,450,104575,450,104575,0,0,
13,450,circuito_aleatorio_0007.tfc,450,94798,450,94798,0,0,
13,450,circuito_aleatorio_0008.tfc,450,106824,450,106824,0,0,
13,450,circuito_aleatorio_0009.tfc,450,99618,450,99618,0,0,
13,500,circuito_aleatorio_0000.tfc,500,127764,500,127764,0,0,
13,500,circuito_aleatorio_0001.tfc,500,146034,500,146034,0,0,
13,500,circuito_aleatorio_0002.tfc,500,127134,500,127134,0,0,
13,500,circuito_aleatorio_0003.tfc,500,133890,500,133874,0,16,
13,500,circuito_aleatorio_0004.tfc,500,130039,500,130039,0,0,
13,500,circuito_aleatorio_0005.tfc,500,115057,500,115057,0,0,
13,500,circuito_aleatorio_0006.tfc,500,101959,500,101959,0,0,
13,500,circuito_aleatorio_0007.tfc,500,119475,500,119475,0,0,
13,500,circuito_aleatorio_0008.tfc,500,113376,500,113376,0,0,
13,500,circuito_aleatorio_0009.tfc,500,115193,500,115193,0,0,
13,550,circuito_aleatorio_0000.tfc,550,145014,550,145014,0,0,
13,550,circuito_aleatorio_0001.tfc,550,160422,550,160422,0,0,
13,550,circuito_aleatorio_0002.tfc,550,131508,550,131508,0,0,
13,550,circuito_aleatorio_0003.tfc,550,152814,550,152798,0,16,
13,550,circuito_aleatorio_0004.tfc,550,128456,550,128456,0,0,
13,550,circuito_aleatorio_0005.tfc,550,126910,550,126910,0,0,
13,550,circuito_aleatorio_0006.tfc,550,115394,550,115394,0,0,
13,550,circuito_aleatorio_0007.tfc,550,125428,550,125428,0,0,
13,550,circuito_aleatorio_0008.tfc,550,135690,550,135690,0,0,
13,550,circuito_aleatorio_0009.tfc,550,145515,549,145516,1,-1,
13,600,circuito_aleatorio_0000.tfc,600,153942,600,153942,0,0,
13,600,circuito_aleatorio_0001.tfc,600,178428,600,178428,0,0,
13,600,circuito_aleatorio_0002.tfc,600,144136,600,144136,0,0,
13,600,circuito_aleatorio_0003.tfc,600,155611,600,155595,0,16,
13,600,circuito_aleatorio_0004.tfc,600,147801,600,147801,0,0,
13,600,circuito_aleatorio_0005.tfc,600,128368,600,128368,0,0,
13,600,circuito_aleatorio_0006.tfc,600,138888,600,138888,0,0,
13,600,circuito_aleatorio_0007.tfc,600,136218,600,136218,0,0,
13,600,circuito_aleatorio_0008.tfc,600,158690,599,158691,1,-1,
13,600,circuito_aleatorio_0009.tfc,600,151319,600,151287,0,32,
13,650,circuito_aleatorio_0000.tfc,650,165566,650,165566,0,0,
13,650,circuito_aleatorio_0001.tfc,650,189212,650,189212,0,0,
13,650,circuito_aleatorio_0002.tfc,650,162896,650,162880,0,16,
13,650,circuito_aleatorio_0003.tfc,650,170619,650,170619,0,0,
13,650,circuito_aleatorio_0004.tfc,650,145107,650,145107,0,0,
13,650,circuito_aleatorio_0005.tfc,650,141666,650,141666,0,0,
13,650,circuito_aleatorio_0006.tfc,650,155892,650,155892,0,0,
13,650,circuito_aleatorio_0007.tfc,650,152682,650,152682,0,0,
13,650,circuito_aleatorio_0008.tfc,650,174204,649,174173,1,31,
13,650,circuito_aleatorio_0009.tfc,650,154917,650,154917,0,0,
13,700,circuito_aleatorio_0000.tfc,700,175862,700,175862,0,0,
13,700,circuito_aleatorio_0001.tfc,700,208330,700,208330,0,0,
13,700,circuito_aleatorio_0002.tfc,700,177472,700,177456,0,16,
13,700,circuito_aleatorio_0003.tfc,700,169899,700,169899,0,0,
13,700,circuito_aleatorio_0004.tfc,700,150314,700,150314,0,0,
13,700,circuito_aleatorio_0005.tfc,700,165297,700,165297,0,0,
13,700,circuito_aleatorio_0006.tfc,700,164914,700,164914,0,0,
13,700,circuito_aleatorio_0007.tfc,700,179122,699,179123,1,-1,
13,700,circuito_aleatorio_0008.tfc,700,173832,700,173800,0,32,
13,700,circuito_aleatorio_0009.tfc,700,181894,700,181894,0,0,
13,750,circuito_aleatorio_0000.tfc,750,189760,750,189760,0,0,
13,750,circuito_aleatorio_0001.tfc,750,211172,750,211172,0,0,
13,750,circuito_aleatorio_0002.tfc,750,198235,750,198219,0,16,
13,750,circuito_aleatorio_0003.tfc,750,180751,750,180751,0,0,
13,750,circuito_aleatorio_0004.tfc,750,159860,750,159860,0,0,
13,750,circuito_aleatorio_0005.tfc,750,174950,750,174950,0,0,
13,750,circuito_aleatorio_0006.tfc,750,180848,750,180848,0,0,
13,750,circuito_aleatorio_0007.tfc,750,197825,749,197794,1,31,
13,750,circuito_aleatorio_0008.tfc,750,190236,750,190236,0,0,
13,750,circuito_aleatorio_0009.tfc,750,186606,750,186606,0,0,
13,800,circuito_aleatorio_0000.tfc,800,208304,800,208304,0,0,
13,800,circuito_aleatorio_0001.tfc,800,216990,800,216990,0,0,
13,800,circuito_aleatorio_0002.tfc,800,206823,800,206807,0,16,
13,800,circuito_aleatorio_0003.tfc,800,191463,800,191463,0,0,
13,800,circuito_aleatorio_0004.tfc,800,177772,800,177772,0,0,
13,800,circuito_aleatorio_0005.tfc,800,182040,800,182040,0,0,
13,800,circuito_aleatorio_0006.tfc,800,207818,799,207819,1,-1,
13,800,circuito_aleatorio_0007.tfc,800,198635,800,198603,0,32,
13,800,circuito_aleatorio_0008.tfc,800,206840,800,206840,0,0,
13,800,circuito_aleatorio_0009.tfc,800,213216,800,213216,0,0,
13,850,circuito_aleatorio_0000.tfc,850,228338,850,228338,0,0,
13,850,circuito_aleatorio_0001.tfc,850,221374,850,221374,0,0,
13,850,circuito_aleatorio_0002.tfc,850,226561,850,226545,0,16,
13,850,circuito_aleatorio_0003.tfc,850,188243,850,188243,0,0,
13,850,circuito_aleatorio_0004.tfc,850,193032,850,193032,0,0,
13,850,circuito_aleatorio_0005.tfc,850,201020,850,201020,0,0,
13,850,circuito_aleatorio_0006.tfc,850,225659,849,225628,1,31,
13,850,circuito_aleatorio_0007.tfc,850,215144,850,215144,0,0,
13,850,circuito_aleatorio_0008.tfc,850,213599,850,213599,0,0,
13,850,circuito_aleatorio_0009.tfc,850,221101,850,221101,0,0,
13,900,circuito_aleatorio_0000.tfc,900,240166,900,240166,0,0,
13,900,circuito_aleatorio_0001.tfc,900,236340,900,236340,0,0,
13,900,circuito_aleatorio_0002.tfc,900,232407,900,232391,0,16,
13,900,circuito_aleatorio_0003.tfc,900,199373,900,199373,0,0,
13,900,circuito_aleatorio_0004.tfc,900,206442,900,206442,0,0,
13,900,circuito_aleatorio_0005.tfc,900,227354,899,227355,1,-1,
13,900,circuito_aleatorio_0006.tfc,900,222960,900,222928,0,32,
13,900,circuito_aleatorio_0007.tfc,900,231643,900,231643,0,0,
13,900,circuito_aleatorio_0008.tfc,900,239039,900,239039,0,0,
13,900,circuito_aleatorio_0009.tfc,900,228363,899,228318,1,45,
13,950,circuito_aleatorio_0000.tfc,950,254864,950,254864,0,0,
13,950,circuito_aleatorio_0001.tfc,950,251012,950,251012,0,0,
13,950,circuito_aleatorio_0002.tfc,950,236281,950,236265,0,16,
13,950,circuito_aleatorio_0003.tfc,950,208095,950,208095,0,0,
13,950,circuito_aleatorio_0004.tfc,950,225071,950,225071,0,0,
13,950,circuito_aleatorio_0005.tfc,950,245745,949,245714,1,31,
13,950,circuito_aleatorio_0006.tfc,950,239015,950,239015,0,0,
13,950,circuito_aleatorio_0007.tfc,950,241165,950,241165,0,0,
13,950,circuito_aleatorio_0008.tfc,950,244611,950,244611,0,0,
13,950,circuito_aleatorio_0009.tfc,950,244149,949,244104,1,45,
13,1000,circuito_aleatorio_0000.tfc,1000,273798,1000,273798,0,0,
13,1000,circuito_aleatorio_0001.tfc,1000,261024,1000,261008,0,16,
13,1000,circuito_aleatorio_0002.tfc,1000,245096,1000,245096,0,0,
13,1000,circuito_aleatorio_0003.tfc,1000,221434,1000,221434,0,0,
13,1000,circuito_aleatorio_0004.tfc,1000,228569,1000,228569,0,0,
13,1000,circuito_aleatorio_0005.tfc,1000,263480,999,263449,1,31,
13,1000,circuito_aleatorio_0006.tfc,1000,253535,1000,253535,0,0,
13,1000,circuito_aleatorio_0007.tfc,1000,262965,1000,262965,0,0,
13,1000,circuito_aleatorio_0008.tfc,1000,254186,999,254141,1,45,
13,1000,circuito_aleatorio_0009.tfc,1000,255902,1000,255902,0,0,
14,10,circuito_aleatorio_0000.tfc,10,1922,10,1922,0,0,
14,10,circuito_aleatorio_0001.tfc,10,2770,10,2770,0,0,
14,10,circuito_aleatorio_0002.tfc,10,4002,10,4002,0,0,
14,10,circuito_aleatorio_0003.tfc,10,1650,10,1650,0,0,
14,10,circuito_aleatorio_0004.tfc,10,3970,10,3970,0,0,
14,10,circuito_aleatorio_0005.tfc,10,3138,10,3138,0,0,
14,10,circuito_aleatorio_0006.tfc,10,6226,10,6226,0,0,
14,10,circuito_aleatorio_0007.tfc,10,2418,10,2418,0,0,
14,10,circuito_aleatorio_0008.tfc,10,1634,10,1634,0,0,
14,10,circuito_aleatorio_0009.tfc,10,1866,10,1866,0,0,
14,50,circuito_aleatorio_0000.tfc,50,14314,50,14314,0,0,
14,50,circuito_aleatorio_0001.tfc,50,15282,50,15282,0,0,
14,50,circuito_aleatorio_0002.tfc,50,19012,50,19012,0,0,
14,50,circuito_aleatorio_0003.tfc,50,12658,50,12658,0,0,
14,50,circuito_aleatorio_0004.tfc,50,20238,50,20238,0,0,
14,50,circuito_aleatorio_0005.tfc,50,21626,50,21626,0,0,
14,50,circuito_aleatorio_0006.tfc,50,19367,50,19367,0,0,
14,50,circuito_aleatorio_0007.tfc,50,23018,50,23018,0,0,
14,50,circuito_aleatorio_0008.tfc,50,13418,50,13418,0,0,
14,50,circuito_aleatorio_0009.tfc,50,17022,50,17022,0,0,
14,100,circuito_aleatorio_0000.tfc,100,29596,100,29596,0,0,
14,100,circuito_aleatorio_0001.tfc,100,31670,100,31670,0,0,
14,100,circuito_aleatorio_0002.tfc,100,41864,100,41864,0,0,
14,100,circuito_aleatorio_0003.tfc,100,42385,100,42385,0,0,
14,100,circuito_aleatorio_0004.tfc,100,30440,100,30440,0,0,
14,100,circuito_aleatorio_0005.tfc,100,30122,100,30122,0,0,
14,100,circuito_aleatorio_0006.tfc,100,47195,100,47131,0,64,
14,100,circuito_aleatorio_0007.tfc,100,58011,100,58011,0,0,
14,100,circuito_aleatorio_0008.tfc,100,50364,100,50364,0,0,
14,100,circuito_aleatorio_0009.tfc,100,39152,100,39152,0,0,
14,150,circuito_aleatorio_0000.tfc,150,48608,150,48608,0,0,
14,150,circuito_aleatorio_0001.tfc,150,54522,150,54522,0,0,
14,150,circuito_aleatorio_0002.tfc,150,55803,150,55803,0,0,
14,150,circuito_aleatorio_0003.tfc,150,47144,150,47144,0,0,
14,150,circuito_aleatorio_0004.tfc,150,74986,150,74922,0,64,
14,150,circuito_aleatorio_0005.tfc,150,80584,150,80584,0,0,
14,150,circuito_aleatorio_0006.tfc,150,61914,150,61914,0,0,
14,150,circuito_aleatorio_0007.tfc,150,55420,150,55420,0,0,
14,150,circuito_aleatorio_0008.tfc,150,54918,150,54918,0,0,
14,150,circuito_aleatorio_0009.tfc,150,55775,150,55775,0,0,
14,200,circuito_aleatorio_0000.tfc,200,61266,200,61266,0,0,
14,200,circuito_aleatorio_0001.tfc,200,84249,200,84249,0,0,
14,200,circuito_aleatorio_0002.tfc,200,60562,200,60562,0,0,
14,200,circuito_aleatorio_0003.tfc,200,105206,200,105142,0,64,
14,200,circuito_aleatorio_0004.tfc,200,89516,200,89516,0,0,
14,200,circuito_aleatorio_0005.tfc,200,78182,200,78182,0,0,
14,200,circuito_aleatorio_0006.tfc,200,71097,200,71097,0,0,
14,200,circuito_aleatorio_0007.tfc,200,68307,200,68307,0,0,
14,200,circuito_aleatorio_0008.tfc,200,75459,200,75459,0,0,
14,200,circuito_aleatorio_0009.tfc,200,87202,200,87202,0,0,
14,250,circuito_aleatorio_0000.tfc,250,81504,250,81504,0,0,
14,250,circuito_aleatorio_0001.tfc,250,94451,250,94451,0,0,
14,250,circuito_aleatorio_0002.tfc,250,105108,250,105044,0,64,
14,250,circuito_aleatorio_0003.tfc,250,119736,250,119736,0,0,
14,250,circuito_aleatorio_0004.tfc,250,105410,250,105410,0,0,
14,250,circuito_aleatorio_0005.tfc,250,83465,250,83465,0,0,
14,250,circuito_aleatorio_0006.tfc,250,86723,250,86723,0,0,
14,250,circuito_aleatorio_0007.tfc,250,104649,250,104649,0,0,
14,250,circuito_aleatorio_0008.tfc,250,87680,250,87680,0,0,
14,250,circuito_aleatorio_0009.tfc,250,91754,250,91754,0,0,
14,300,circuito_aleatorio_0000.tfc,300,103130,300,103130,0,0,
14,300,circuito_aleatorio_0001.tfc,300,102947,300,102947,0,0,
14,300,circuito_aleatorio_0002.tfc,300,155570,300,155506,0,64,
14,300,circuito_aleatorio_0003.tfc,300,117334,300,117334,0,0,
14,300,circuito_aleatorio_0004.tfc,300,110693,300,110693,0,0,
14,300,circuito_aleatorio_0005.tfc,300,104170,300,104170,0,0,
14,300,circuito_aleatorio_0006.tfc,300,123298,300,123298,0,0,
14,300,circuito_aleatorio_0007.tfc,300,112374,300,112374,0,0,
14,300,circuito_aleatorio_0008.tfc,300,93596,300,93596,0,0,
14,300,circuito_aleatorio_0009.tfc,300,101124,300,101124,0,0,
14,350,circuito_aleatorio_0000.tfc,350,122497,350,122497,0,0,
14,350,circuito_aleatorio_0001.tfc,350,130775,350,130711,0,64,
14,350,circuito_aleatorio_0002.tfc,350,170289,350,170289,0,0,
14,350,circuito_aleatorio_0003.tfc,350,126517,350,126517,0,0,
14,350,circuito_aleatorio_0004.tfc,350,126319,350,126319,0,0,
14,350,circuito_aleatorio_0005.tfc,350,140745,350,140745,0,0,
14,350,circuito_aleatorio_0006.tfc,350,126640,350,126640,0,0,
14,350,circuito_aleatorio_0007.tfc,350,117430,350,117430,0,0,
14,350,circuito_aleatorio_0008.tfc,350,105103,350,105103,0,0,
14,350,circuito_aleatorio_0009.tfc,350,122969,350,122969,0,0,
14,400,circuito_aleatorio_0000.tfc,400,145515,400,145515,0,0,
14,400,circuito_aleatorio_0001.tfc,400,165768,400,165704,0,64,
14,400,circuito_aleatorio_0002.tfc,400,167698,400,167698,0,0,
14,400,circuito_aleatorio_0003.tfc,400,139404,400,139404,0,0,
14,400,circuito_aleatorio_0004.tfc,400,162661,400,162661,0,0,
14,400,circuito_aleatorio_0005.tfc,400,148470,400,148470,0,0,
14,400,circuito_aleatorio_0006.tfc,400,131696,400,131696,0,0,
14,400,circuito_aleatorio_0007.tfc,400,121042,400,121042,0,0,
14,400,circuito_aleatorio_0008.tfc,400,146990,400,146990,0,0,
14,400,circuito_aleatorio_0009.tfc,400,121666,400,121666,0,0,
14,450,circuito_aleatorio_0000.tfc,450,158933,450,158933,0,0,
14,450,circuito_aleatorio_0001.tfc,450,202714,450,202650,0,64,
14,450,circuito_aleatorio_0002.tfc,450,172252,450,172252,0,0,
14,450,circuito_aleatorio_0003.tfc,450,159945,450,159945,0,0,
14,450,circuito_aleatorio_0004.tfc,450,174882,450,174882,0,0,
14,450,circuito_aleatorio_0005.tfc,450,154386,450,154386,0,0,
14,450,circuito_aleatorio_0006.tfc,450,143203,450,143203,0,0,
14,450,circuito_aleatorio_0007.tfc,450,162929,450,162929,0,0,
14,450,circuito_aleatorio_0008.tfc,450,138028,450,138028,0,0,
14,450,circuito_aleatorio_0009.tfc,450,177273,450,177269,0,4,
14,500,circuito_aleatorio_0000.tfc,500,175955,500,175955,0,0,
14,500,circuito_aleatorio_0001.tfc,500,224844,500,224780,0,64,
14,500,circuito_aleatorio_0002.tfc,500,188875,500,188875,0,0,
14,500,circuito_aleatorio_0003.tfc,500,191372,500,191372,0,0,
14,500,circuito_aleatorio_0004.tfc,500,179434,500,179434,0,0,
14,500,circuito_aleatorio_0005.tfc,500,163756,500,163756,0,0,
14,500,circuito_aleatorio_0006.tfc,500,165048,500,165048,0,0,
14,500,circuito_aleatorio_0007.tfc,500,161626,500,161626,0,0,
14,500,circuito_aleatorio_0008.tfc,500,193635,500,193631,0,4,
14,500,circuito_aleatorio_0009.tfc,500,190772,500,190772,0,0,
14,550,circuito_aleatorio_0000.tfc,550,189571,550,189571,0,0,
14,550,circuito_aleatorio_0001.tfc,550,256016,550,255952,0,64,
14,550,circuito_aleatorio_0002.tfc,550,190732,550,190732,0,0,
14,550,circuito_aleatorio_0003.tfc,550,211965,550,211965,0,0,
14,550,circuito_aleatorio_0004.tfc,550,193010,550,193010,0,0,
14,550,circuito_aleatorio_0005.tfc,550,171106,550,171106,0,0,
14,550,circuito_aleatorio_0006.tfc,550,194308,550,194308,0,0,
14,550,circuito_aleatorio_0007.tfc,550,203099,550,203095,0,4,
14,550,circuito_aleatorio_0008.tfc,550,201594,550,201594,0,0,
14,550,circuito_aleatorio_0009.tfc,550,215215,550,215215,0,0,
14,600,circuito_aleatorio_0000.tfc,600,206077,600,206077,0,0,
14,600,circuito_aleatorio_0001.tfc,600,272904,600,272840,0,64,
14,600,circuito_aleatorio_0002.tfc,600,214863,600,214863,0,0,
14,600,circuito_aleatorio_0003.tfc,600,235672,600,235672,0,0,
14,600,circuito_aleatorio_0004.tfc,600,194720,600,194720,0,0,
14,600,circuito_aleatorio_0005.tfc,600,205008,600,205008,0,0,
14,600,circuito_aleatorio_0006.tfc,600,204692,600,204688,0,4,
14,600,circuito_aleatorio_0007.tfc,600,221871,600,221871,0,0,
14,600,circuito_aleatorio_0008.tfc,600,227684,600,227684,0,0,
14,600,circuito_aleatorio_0009.tfc,600,204986,600,204954,0,32,
14,650,circuito_aleatorio_0000.tfc,650,227774,650,227710,0,64,
14,650,circuito_aleatorio_0001.tfc,650,294639,650,294639,0,0,
14,650,circuito_aleatorio_0002.tfc,650,238379,650,238379,0,0,
14,650,circuito_aleatorio_0003.tfc,650,232834,650,232834,0,0,
14,650,circuito_aleatorio_0004.tfc,650,202306,650,202306,0,0,
14,650,circuito_aleatorio_0005.tfc,650,229556,650,229556,0,0,
14,650,circuito_aleatorio_0006.tfc,650,235709,650,235705,0,4,
14,650,circuito_aleatorio_0007.tfc,650,244562,650,244562,0,0,
14,650,circuito_aleatorio_0008.tfc,650,233793,650,233793,0,0,
14,650,circuito_aleatorio_0009.tfc,650,250742,650,250582,0,160,
14,700,circuito_aleatorio_0000.tfc,700,253272,700,253208,0,64,
14,700,circuito_aleatorio_0001.tfc,700,296806,700,296806,0,0,
14,700,circuito_aleatorio_0002.tfc,700,267064,700,267064,0,0,
14,700,circuito_aleatorio_0003.tfc,700,244070,700,244070,0,0,
14,700,circuito_aleatorio_0004.tfc,700,228072,700,228072,0,0,
14,700,circuito_aleatorio_0005.tfc,700,244652,700,244648,0,4,
14,700,circuito_aleatorio_0006.tfc,700,257683,700,257683,0,0,
14,700,circuito_aleatorio_0007.tfc,700,263063,700,263063,0,0,
14,700,circuito_aleatorio_0008.tfc,700,256468,700,256308,0,160,
14,700,circuito_aleatorio_0009.tfc,700,248979,700,248979,0,0,
14,750,circuito_aleatorio_0000.tfc,750,281063,750,280999,0,64,
14,750,circuito_aleatorio_0001.tfc,750,308611,750,308611,0,0,
14,750,circuito_aleatorio_0002.tfc,750,279052,750,279052,0,0,
14,750,circuito_aleatorio_0003.tfc,750,255510,750,255510,0,0,
14,750,circuito_aleatorio_0004.tfc,750,256544,750,256544,0,0,
14,750,circuito_aleatorio_0005.tfc,750,263765,750,263761,0,4,
14,750,circuito_aleatorio_0006.tfc,750,285790,750,285790,0,0,
14,750,circuito_aleatorio_0007.tfc,750,258142,750,258110,0,32,
14,750,circuito_aleatorio_0008.tfc,750,292337,750,292209,0,128,
14,750,circuito_aleatorio_0009.tfc,750,295632,750,295632,0,0,
14,800,circuito_aleatorio_0000.tfc,800,311283,800,311219,0,64,
14,800,circuito_aleatorio_0001.tfc,800,307102,800,307102,0,0,
14,800,circuito_aleatorio_0002.tfc,800,311131,800,311131,0,0,
14,800,circuito_aleatorio_0003.tfc,800,252738,800,252738,0,0,
14,800,circuito_aleatorio_0004.tfc,800,268656,800,268656,0,0,
14,800,circuito_aleatorio_0005.tfc,800,304897,800,304893,0,4,
14,800,circuito_aleatorio_0006.tfc,800,298875,800,298875,0,0,
14,800,circuito_aleatorio_0007.tfc,800,301346,800,301186,0,160,
14,800,circuito_aleatorio_0008.tfc,800,304509,800,304509,0,0,
14,800,circuito_aleatorio_0009.tfc,800,318023,800,318023,0,0,
14,850,circuito_aleatorio_0000.tfc,850,332017,850,331953,0,64,
14,850,circuito_aleatorio_0001.tfc,850,318544,850,318544,0,0,
14,850,circuito_aleatorio_0002.tfc,850,325277,850,325277,0,0,
14,850,circuito_aleatorio_0003.tfc,850,279276,850,279276,0,0,
14,850,circuito_aleatorio_0004.tfc,850,296867,850,296863,0,4,
14,850,circuito_aleatorio_0005.tfc,850,318290,850,318290,0,0,
14,850,circuito_aleatorio_0006.tfc,850,304041,850,304009,0,32,
14,850,circuito_aleatorio_0007.tfc,850,320601,850,320473,0,128,
14,850,circuito_aleatorio_0008.tfc,850,337251,850,337251,0,0,
14,850,circuito_aleatorio_0009.tfc,850,336529,850,336529,0,0,
14,900,circuito_aleatorio_0000.tfc,900,361647,900,361583,0,64,
14,900,circuito_aleatorio_0001.tfc,900,332197,900,332197,0,0,
14,900,circuito_aleatorio_0002.tfc,900,329268,900,329268,0,0,
14,900,circuito_aleatorio_0003.tfc,900,306132,900,306132,0,0,
14,900,circuito_aleatorio_0004.tfc,900,315301,900,315297,0,4,
14,900,circuito_aleatorio_0005.tfc,900,338946,900,338946,0,0,
14,900,circuito_aleatorio_0006.tfc,900,327659,900,327499,0,160,
14,900,circuito_aleatorio_0007.tfc,900,349387,900,349387,0,0,
14,900,circuito_aleatorio_0008.tfc,900,352527,900,352527,0,0,
14,900,circuito_aleatorio_0009.tfc,900,334130,900,334121,0,9,
14,950,circuito_aleatorio_0000.tfc,950,383025,950,382961,0,64,
14,950,circuito_aleatorio_0001.tfc,950,358057,950,358057,0,0,
14,950,circuito_aleatorio_0002.tfc,950,338946,950,338946,0,0,
14,950,circuito_aleatorio_0003.tfc,950,310914,950,310914,0,0,
14,950,circuito_aleatorio_0004.tfc,950,344117,950,344113,0,4,
14,950,circuito_aleatorio_0005.tfc,950,359859,950,359859,0,0,
14,950,circuito_aleatorio_0006.tfc,950,346292,950,346132,0,160,
14,950,circuito_aleatorio_0007.tfc,950,376544,950,376544,0,0,
14,950,circuito_aleatorio_0008.tfc,950,365429,950,365429,0,0,
14,950,circuito_aleatorio_0009.tfc,950,380193,950,380184,0,9,
14,1000,circuito_aleatorio_0000.tfc,1000,400799,1000,400735,0,64,
14,1000,circuito_aleatorio_0001.tfc,1000,380247,1000,380247,0,0,
14,1000,circuito_aleatorio_0002.tfc,1000,343190,1000,343190,0,0,
14,1000,circuito_aleatorio_0003.tfc,1000,326674,1000,326674,0,0,
14,1000,circuito_aleatorio_0004.tfc,1000,384407,1000,384403,0,4,
14,1000,circuito_aleatorio_0005.tfc,1000,353160,1000,353128,0,32,
14,1000,circuito_aleatorio_0006.tfc,1000,371652,1000,371524,0,128,
14,1000,circuito_aleatorio_0007.tfc,1000,418431,1000,418431,0,0,
14,1000,circuito_aleatorio_0008.tfc,1000,368634,1000,368625,0,9,
14,1000,circuito_aleatorio_0009.tfc,1000,403927,1000,403927,0,0,
15,10,circuito_aleatorio_0000.tfc,10,2978,10,2978,0,0,
15,10,circuito_aleatorio_0001.tfc,10,2882,10,2882,0,0,
15,10,circuito_aleatorio_0002.tfc,10,4482,10,4482,0,0,
15,10,circuito_aleatorio_0003.tfc,10,6763,10,6763,0,0,
15,10,circuito_aleatorio_0004.tfc,10,6578,10,6578,0,0,
15,10,circuito_aleatorio_0005.tfc,10,3138,10,3138,0,0,
15,10,circuito_aleatorio_0006.tfc,10,3882,10,3882,0,0,
15,10,circuito_aleatorio_0007.tfc,10,2530,10,2530,0,0,
15,10,circuito_aleatorio_0008.tfc,10,3442,10,3442,0,0,
15,10,circuito_aleatorio_0009.tfc,10,2276,10,2276,0,0,
15,50,circuito_aleatorio_0000.tfc,50,23683,50,23683,0,0,
15,50,circuito_aleatorio_0001.tfc,50,15268,-,-,-,-,
