Nome TFC,GC Original,QC Original,GC Otimizado,QC Otimizado,Diff GC,Diff QC,Observações
circuito_aleatorio_0000.tfc,100,2616,95,2585,5,31,
circuito_aleatorio_0001.tfc,100,2360,100,2341,0,19,
circuito_aleatorio_0002.tfc,100,3608,99,3604,1,4,
circuito_aleatorio_0003.tfc,100,3049,98,3054,2,-5,
circuito_aleatorio_0004.tfc,100,3096,100,3086,0,10,
circuito_aleatorio_0005.tfc,100,3543,95,3508,5,35,
circuito_aleatorio_0006.tfc,100,3075,97,3060,3,15,
circuito_aleatorio_0007.tfc,100,3228,99,3195,1,33,
circuito_aleatorio_0008.tfc,100,3026,98,2987,2,39,
circuito_aleatorio_0009.tfc,100,2667,98,2656,2,11,
