Nome TFC,GC Original,QC Original,GC Otimizado,QC Otimizado,Diff GC,Diff QC,Observações
circuito_aleatorio_0000.tfc,950,29064,931,28880,19,184,
circuito_aleatorio_0001.tfc,950,31926,928,31432,22,494,
circuito_aleatorio_0002.tfc,950,28759,929,28463,21,296,
circuito_aleatorio_0003.tfc,950,30718,933,30414,17,304,
circuito_aleatorio_0004.tfc,950,28851,934,28569,16,282,
circuito_aleatorio_0005.tfc,950,28075,934,27804,16,271,
circuito_aleatorio_0006.tfc,950,27838,925,27472,25,366,
circuito_aleatorio_0007.tfc,950,27074,927,26660,23,414,
circuito_aleatorio_0008.tfc,950,29269,931,28867,19,402,
circuito_aleatorio_0009.tfc,950,31103,938,30730,12,373,
