Nome TFC,Qtd. Portas,Qtd. Subcircuitos,Tamanho Médio das Janelas,Maior Janela,Menor Janela,Observacao
benchmark_aleatorio_otimos_regras/n8_p950/2024-07-25/benchmark_2024-07-25_circuito_aleatorio_0000.tfc,931,1,931.0,931,931,
benchmark_aleatorio_otimos_regras/n8_p950/2024-07-25/benchmark_2024-07-25_circuito_aleatorio_0001.tfc,928,1,928.0,928,928,
benchmark_aleatorio_otimos_regras/n8_p950/2024-07-25/benchmark_2024-07-25_circuito_aleatorio_0002.tfc,929,1,929.0,929,929,
benchmark_aleatorio_otimos_regras/n8_p950/2024-07-25/benchmark_2024-07-25_circuito_aleatorio_0003.tfc,933,1,933.0,933,933,
benchmark_aleatorio_otimos_regras/n8_p950/2024-07-25/benchmark_2024-07-25_circuito_aleatorio_0004.tfc,934,1,934.0,934,934,
benchmark_aleatorio_otimos_regras/n8_p950/2024-07-25/benchmark_2024-07-25_circuito_aleatorio_0005.tfc,934,1,934.0,934,934,
benchmark_aleatorio_otimos_regras/n8_p950/2024-07-25/benchmark_2024-07-25_circuito_aleatorio_0006.tfc,925,1,925.0,925,925,
benchmark_aleatorio_otimos_regras/n8_p950/2024-07-25/benchmark_2024-07-25_circuito_aleatorio_0007.tfc,927,1,927.0,927,927,
benchmark_aleatorio_otimos_regras/n8_p950/2024-07-25/benchmark_2024-07-25_circuito_aleatorio_0008.tfc,931,1,931.0,931,931,
benchmark_aleatorio_otimos_regras/n8_p950/2024-07-25/benchmark_2024-07-25_circuito_aleatorio_0009.tfc,938,1,938.0,938,938,
