Nome TFC,GC Original,QC Original,GC Otimizado,QC Otimizado,Diff GC,Diff QC,Observações
circuito_aleatorio_0000.tfc,700,33316,695,33262,5,54,
circuito_aleatorio_0001.tfc,700,33522,696,33465,4,57,
circuito_aleatorio_0002.tfc,700,36334,688,35916,12,418,
circuito_aleatorio_0003.tfc,700,32095,698,31714,2,381,
circuito_aleatorio_0004.tfc,700,33995,697,33930,3,65,
circuito_aleatorio_0005.tfc,700,33863,696,33752,4,111,
circuito_aleatorio_0006.tfc,700,31353,695,31119,5,234,
circuito_aleatorio_0007.tfc,700,30511,696,30362,4,149,
circuito_aleatorio_0008.tfc,700,31210,695,31118,5,92,
circuito_aleatorio_0009.tfc,700,31771,694,31601,6,170,
