Nome TFC,Qtd. Portas,Qtd. Subcircuitos,Tamanho Médio das Janelas,Maior Janela,Menor Janela,Observacao
benchmark_aleatorio_otimos_regras/n9_p700/2024-07-26/benchmark_2024-07-26_circuito_aleatorio_0000.tfc,695,1,695.0,695,695,
benchmark_aleatorio_otimos_regras/n9_p700/2024-07-26/benchmark_2024-07-26_circuito_aleatorio_0001.tfc,696,1,696.0,696,696,
benchmark_aleatorio_otimos_regras/n9_p700/2024-07-26/benchmark_2024-07-26_circuito_aleatorio_0002.tfc,688,1,688.0,688,688,
benchmark_aleatorio_otimos_regras/n9_p700/2024-07-26/benchmark_2024-07-26_circuito_aleatorio_0003.tfc,698,1,698.0,698,698,
benchmark_aleatorio_otimos_regras/n9_p700/2024-07-26/benchmark_2024-07-26_circuito_aleatorio_0004.tfc,697,1,697.0,697,697,
benchmark_aleatorio_otimos_regras/n9_p700/2024-07-26/benchmark_2024-07-26_circuito_aleatorio_0005.tfc,696,1,696.0,696,696,
benchmark_aleatorio_otimos_regras/n9_p700/2024-07-26/benchmark_2024-07-26_circuito_aleatorio_0006.tfc,695,1,695.0,695,695,
benchmark_aleatorio_otimos_regras/n9_p700/2024-07-26/benchmark_2024-07-26_circuito_aleatorio_0007.tfc,696,1,696.0,696,696,
benchmark_aleatorio_otimos_regras/n9_p700/2024-07-26/benchmark_2024-07-26_circuito_aleatorio_0008.tfc,695,1,695.0,695,695,
benchmark_aleatorio_otimos_regras/n9_p700/2024-07-26/benchmark_2024-07-26_circuito_aleatorio_0009.tfc,694,1,694.0,694,694,
