Nome TFC,GC Original,QC Original,GC Otimizado,QC Otimizado,Diff GC,Diff QC,Observações
circuito_aleatorio_0000.tfc,950,44338,943,44254,7,84,
circuito_aleatorio_0001.tfc,950,49093,942,48824,8,269,
circuito_aleatorio_0002.tfc,950,44247,942,43690,8,557,
circuito_aleatorio_0003.tfc,950,47497,947,47349,3,148,
circuito_aleatorio_0004.tfc,950,43711,942,43467,8,244,
circuito_aleatorio_0005.tfc,950,39911,942,39713,8,198,
circuito_aleatorio_0006.tfc,950,42558,943,42395,7,163,
circuito_aleatorio_0007.tfc,950,45642,945,45521,5,121,
circuito_aleatorio_0008.tfc,950,46520,947,46290,3,230,
circuito_aleatorio_0009.tfc,950,44911,948,44545,2,366,
