Nome TFC,Qtd. Portas,Qtd. Subcircuitos,Tamanho Médio das Janelas,Maior Janela,Menor Janela,Observacao
benchmark_aleatorio_otimos_regras/n9_p950/2024-07-26/benchmark_2024-07-26_circuito_aleatorio_0000.tfc,943,1,943.0,943,943,
benchmark_aleatorio_otimos_regras/n9_p950/2024-07-26/benchmark_2024-07-26_circuito_aleatorio_0001.tfc,942,1,942.0,942,942,
benchmark_aleatorio_otimos_regras/n9_p950/2024-07-26/benchmark_2024-07-26_circuito_aleatorio_0002.tfc,942,1,942.0,942,942,
benchmark_aleatorio_otimos_regras/n9_p950/2024-07-26/benchmark_2024-07-26_circuito_aleatorio_0003.tfc,947,1,947.0,947,947,
benchmark_aleatorio_otimos_regras/n9_p950/2024-07-26/benchmark_2024-07-26_circuito_aleatorio_0004.tfc,942,1,942.0,942,942,
benchmark_aleatorio_otimos_regras/n9_p950/2024-07-26/benchmark_2024-07-26_circuito_aleatorio_0005.tfc,942,1,942.0,942,942,
benchmark_aleatorio_otimos_regras/n9_p950/2024-07-26/benchmark_2024-07-26_circuito_aleatorio_0006.tfc,943,1,943.0,943,943,
benchmark_aleatorio_otimos_regras/n9_p950/2024-07-26/benchmark_2024-07-26_circuito_aleatorio_0007.tfc,945,1,945.0,945,945,
benchmark_aleatorio_otimos_regras/n9_p950/2024-07-26/benchmark_2024-07-26_circuito_aleatorio_0008.tfc,947,1,947.0,947,947,
benchmark_aleatorio_otimos_regras/n9_p950/2024-07-26/benchmark_2024-07-26_circuito_aleatorio_0009.tfc,948,1,948.0,948,948,
