Nome TFC,GC Original,QC Original,GC Otimizado,QC Otimizado,Diff GC,Diff QC,Observações
circuito_aleatorio_0000.tfc,300,13033,298,13022,2,11,
circuito_aleatorio_0001.tfc,300,15576,298,15546,2,30,
circuito_aleatorio_0002.tfc,300,13541,297,13498,3,43,
circuito_aleatorio_0003.tfc,300,15164,299,15150,1,14,
circuito_aleatorio_0004.tfc,300,15547,298,15531,2,16,
circuito_aleatorio_0005.tfc,300,15967,295,15744,5,223,
circuito_aleatorio_0006.tfc,300,14344,294,14152,6,192,
circuito_aleatorio_0007.tfc,300,13090,298,12867,2,223,
circuito_aleatorio_0008.tfc,300,13486,300,13408,0,78,
circuito_aleatorio_0009.tfc,300,15546,300,15446,0,100,
