Nome TFC,Qtd. Portas,Qtd. Subcircuitos,Tamanho Médio das Janelas,Maior Janela,Menor Janela,Observacao
benchmark_aleatorio_otimos_regras/n9_p300/2024-07-25/benchmark_2024-07-25_circuito_aleatorio_0000.tfc,298,1,298.0,298,298,
benchmark_aleatorio_otimos_regras/n9_p300/2024-07-25/benchmark_2024-07-25_circuito_aleatorio_0001.tfc,298,1,298.0,298,298,
benchmark_aleatorio_otimos_regras/n9_p300/2024-07-25/benchmark_2024-07-25_circuito_aleatorio_0002.tfc,297,1,297.0,297,297,
benchmark_aleatorio_otimos_regras/n9_p300/2024-07-25/benchmark_2024-07-25_circuito_aleatorio_0003.tfc,299,1,299.0,299,299,
benchmark_aleatorio_otimos_regras/n9_p300/2024-07-25/benchmark_2024-07-25_circuito_aleatorio_0004.tfc,298,1,298.0,298,298,
benchmark_aleatorio_otimos_regras/n9_p300/2024-07-25/benchmark_2024-07-25_circuito_aleatorio_0005.tfc,295,1,295.0,295,295,
benchmark_aleatorio_otimos_regras/n9_p300/2024-07-25/benchmark_2024-07-25_circuito_aleatorio_0006.tfc,294,1,294.0,294,294,
benchmark_aleatorio_otimos_regras/n9_p300/2024-07-25/benchmark_2024-07-25_circuito_aleatorio_0007.tfc,298,1,298.0,298,298,
benchmark_aleatorio_otimos_regras/n9_p300/2024-07-25/benchmark_2024-07-25_circuito_aleatorio_0008.tfc,300,1,300.0,300,300,
benchmark_aleatorio_otimos_regras/n9_p300/2024-07-25/benchmark_2024-07-25_circuito_aleatorio_0009.tfc,300,1,300.0,300,300,
