Nome TFC,GC Original,QC Original,GC Otimizado,QC Otimizado,Diff GC,Diff QC,Observações
circuito_aleatorio_0000.tfc,900,27601,881,27417,19,184,
circuito_aleatorio_0001.tfc,900,29713,881,29276,19,437,
circuito_aleatorio_0002.tfc,900,28051,881,27795,19,256,
circuito_aleatorio_0003.tfc,900,28958,886,28629,14,329,
circuito_aleatorio_0004.tfc,900,28394,882,28131,18,263,
circuito_aleatorio_0005.tfc,900,26604,883,26419,17,185,
circuito_aleatorio_0006.tfc,900,25491,879,25030,21,461,
circuito_aleatorio_0007.tfc,900,26465,876,26136,24,329,
circuito_aleatorio_0008.tfc,900,27026,881,26582,19,444,
circuito_aleatorio_0009.tfc,900,27941,887,27648,13,293,
