Nome TFC,Qtd. Portas,Qtd. Subcircuitos,Tamanho Médio das Janelas,Maior Janela,Menor Janela,Observacao
benchmark_aleatorio_otimos_regras/n8_p900/2024-07-25/benchmark_2024-07-25_circuito_aleatorio_0000.tfc,881,1,881.0,881,881,
benchmark_aleatorio_otimos_regras/n8_p900/2024-07-25/benchmark_2024-07-25_circuito_aleatorio_0001.tfc,881,1,881.0,881,881,
benchmark_aleatorio_otimos_regras/n8_p900/2024-07-25/benchmark_2024-07-25_circuito_aleatorio_0002.tfc,881,1,881.0,881,881,
benchmark_aleatorio_otimos_regras/n8_p900/2024-07-25/benchmark_2024-07-25_circuito_aleatorio_0003.tfc,886,1,886.0,886,886,
benchmark_aleatorio_otimos_regras/n8_p900/2024-07-25/benchmark_2024-07-25_circuito_aleatorio_0004.tfc,882,1,882.0,882,882,
benchmark_aleatorio_otimos_regras/n8_p900/2024-07-25/benchmark_2024-07-25_circuito_aleatorio_0005.tfc,883,1,883.0,883,883,
benchmark_aleatorio_otimos_regras/n8_p900/2024-07-25/benchmark_2024-07-25_circuito_aleatorio_0006.tfc,879,1,879.0,879,879,
benchmark_aleatorio_otimos_regras/n8_p900/2024-07-25/benchmark_2024-07-25_circuito_aleatorio_0007.tfc,876,1,876.0,876,876,
benchmark_aleatorio_otimos_regras/n8_p900/2024-07-25/benchmark_2024-07-25_circuito_aleatorio_0008.tfc,881,1,881.0,881,881,
benchmark_aleatorio_otimos_regras/n8_p900/2024-07-25/benchmark_2024-07-25_circuito_aleatorio_0009.tfc,887,1,887.0,887,887,
