Nome TFC,GC Original,QC Original,GC Otimizado,QC Otimizado,Diff GC,Diff QC,Observações
circuito_aleatorio_0000.tfc,950,65935,947,65744,3,191,
circuito_aleatorio_0001.tfc,950,77899,948,77729,2,170,
circuito_aleatorio_0002.tfc,950,72043,947,71901,3,142,
circuito_aleatorio_0003.tfc,950,69449,949,69199,1,250,
circuito_aleatorio_0004.tfc,950,61244,949,61152,1,92,
circuito_aleatorio_0005.tfc,950,66715,947,66529,3,186,
circuito_aleatorio_0006.tfc,950,68631,947,68470,3,161,
circuito_aleatorio_0007.tfc,950,73746,947,73615,3,131,
circuito_aleatorio_0008.tfc,950,66157,948,66120,2,37,
circuito_aleatorio_0009.tfc,950,72839,947,72799,3,40,
