Nome TFC,Qtd. Portas,Qtd. Subcircuitos,Tamanho Médio das Janelas,Maior Janela,Menor Janela,Observacao
benchmark_aleatorio_otimos_regras/n10_p950/2024-07-26/benchmark_2024-07-26_circuito_aleatorio_0000.tfc,947,1,947.0,947,947,
benchmark_aleatorio_otimos_regras/n10_p950/2024-07-26/benchmark_2024-07-26_circuito_aleatorio_0001.tfc,948,1,948.0,948,948,
benchmark_aleatorio_otimos_regras/n10_p950/2024-07-26/benchmark_2024-07-26_circuito_aleatorio_0002.tfc,947,1,947.0,947,947,
benchmark_aleatorio_otimos_regras/n10_p950/2024-07-26/benchmark_2024-07-26_circuito_aleatorio_0003.tfc,949,1,949.0,949,949,
benchmark_aleatorio_otimos_regras/n10_p950/2024-07-26/benchmark_2024-07-26_circuito_aleatorio_0004.tfc,949,1,949.0,949,949,
benchmark_aleatorio_otimos_regras/n10_p950/2024-07-26/benchmark_2024-07-26_circuito_aleatorio_0005.tfc,947,1,947.0,947,947,
benchmark_aleatorio_otimos_regras/n10_p950/2024-07-26/benchmark_2024-07-26_circuito_aleatorio_0006.tfc,947,1,947.0,947,947,
benchmark_aleatorio_otimos_regras/n10_p950/2024-07-26/benchmark_2024-07-26_circuito_aleatorio_0007.tfc,947,1,947.0,947,947,
benchmark_aleatorio_otimos_regras/n10_p950/2024-07-26/benchmark_2024-07-26_circuito_aleatorio_0008.tfc,948,1,948.0,948,948,
benchmark_aleatorio_otimos_regras/n10_p950/2024-07-26/benchmark_2024-07-26_circuito_aleatorio_0009.tfc,947,1,947.0,947,947,
