Nome TFC,GC Original,QC Original,GC Otimizado,QC Otimizado,Diff GC,Diff QC,Observações
circuito_aleatorio_0000.tfc,400,26657,397,26530,3,127,
circuito_aleatorio_0001.tfc,400,28906,400,28842,0,64,
circuito_aleatorio_0002.tfc,400,32089,398,32047,2,42,
circuito_aleatorio_0003.tfc,400,34851,400,34791,0,60,
circuito_aleatorio_0004.tfc,400,27063,400,26995,0,68,
circuito_aleatorio_0005.tfc,400,29209,397,29124,3,85,
circuito_aleatorio_0006.tfc,400,32972,400,32940,0,32,
circuito_aleatorio_0007.tfc,400,29059,400,29032,0,27,
circuito_aleatorio_0008.tfc,400,30468,399,30311,1,157,
circuito_aleatorio_0009.tfc,400,27050,399,26985,1,65,
