Nome TFC,GC Original,QC Original,GC Otimizado,QC Otimizado,Diff GC,Diff QC,Observações
circuito_aleatorio_0000.tfc,550,38933,547,38774,3,159,
circuito_aleatorio_0001.tfc,550,40782,548,40708,2,74,
circuito_aleatorio_0002.tfc,550,46220,550,46156,0,64,
circuito_aleatorio_0003.tfc,550,38015,550,37951,0,64,
circuito_aleatorio_0004.tfc,550,43826,547,43709,3,117,
circuito_aleatorio_0005.tfc,550,42212,550,42121,0,91,
circuito_aleatorio_0006.tfc,550,38659,548,38446,2,213,
circuito_aleatorio_0007.tfc,550,36438,550,36407,0,31,
circuito_aleatorio_0008.tfc,550,36962,550,36910,0,52,
circuito_aleatorio_0009.tfc,550,36738,548,36608,2,130,
