Nome TFC,Qtd. Portas,Qtd. Subcircuitos,Tamanho Médio das Janelas,Maior Janela,Menor Janela,Observacao
benchmark_aleatorio_otimos_regras/n10_p550/circuito_aleatorio_0000.tfc,550,1,550.0,550,550,
benchmark_aleatorio_otimos_regras/n10_p550/circuito_aleatorio_0001.tfc,550,1,550.0,550,550,
benchmark_aleatorio_otimos_regras/n10_p550/circuito_aleatorio_0002.tfc,550,1,550.0,550,550,
benchmark_aleatorio_otimos_regras/n10_p550/circuito_aleatorio_0003.tfc,550,1,550.0,550,550,
benchmark_aleatorio_otimos_regras/n10_p550/circuito_aleatorio_0004.tfc,550,1,550.0,550,550,
benchmark_aleatorio_otimos_regras/n10_p550/circuito_aleatorio_0005.tfc,550,1,550.0,550,550,
benchmark_aleatorio_otimos_regras/n10_p550/circuito_aleatorio_0006.tfc,550,1,550.0,550,550,
benchmark_aleatorio_otimos_regras/n10_p550/circuito_aleatorio_0007.tfc,550,1,550.0,550,550,
benchmark_aleatorio_otimos_regras/n10_p550/circuito_aleatorio_0008.tfc,550,1,550.0,550,550,
benchmark_aleatorio_otimos_regras/n10_p550/circuito_aleatorio_0009.tfc,550,1,550.0,550,550,
