Nome TFC,Qtd. Portas,Qtd. Subcircuitos,Tamanho Médio das Janelas,Maior Janela,Menor Janela,Observacao
benchmark_aleatorio_otimos_regras/n10_p550/2024-07-26/benchmark_2024-07-26_circuito_aleatorio_0000.tfc,547,1,547.0,547,547,
benchmark_aleatorio_otimos_regras/n10_p550/2024-07-26/benchmark_2024-07-26_circuito_aleatorio_0001.tfc,548,1,548.0,548,548,
benchmark_aleatorio_otimos_regras/n10_p550/2024-07-26/benchmark_2024-07-26_circuito_aleatorio_0002.tfc,550,1,550.0,550,550,
benchmark_aleatorio_otimos_regras/n10_p550/2024-07-26/benchmark_2024-07-26_circuito_aleatorio_0003.tfc,550,1,550.0,550,550,
benchmark_aleatorio_otimos_regras/n10_p550/2024-07-26/benchmark_2024-07-26_circuito_aleatorio_0004.tfc,547,1,547.0,547,547,
benchmark_aleatorio_otimos_regras/n10_p550/2024-07-26/benchmark_2024-07-26_circuito_aleatorio_0005.tfc,550,1,550.0,550,550,
benchmark_aleatorio_otimos_regras/n10_p550/2024-07-26/benchmark_2024-07-26_circuito_aleatorio_0006.tfc,548,1,548.0,548,548,
benchmark_aleatorio_otimos_regras/n10_p550/2024-07-26/benchmark_2024-07-26_circuito_aleatorio_0007.tfc,550,1,550.0,550,550,
benchmark_aleatorio_otimos_regras/n10_p550/2024-07-26/benchmark_2024-07-26_circuito_aleatorio_0008.tfc,550,1,550.0,550,550,
benchmark_aleatorio_otimos_regras/n10_p550/2024-07-26/benchmark_2024-07-26_circuito_aleatorio_0009.tfc,548,1,548.0,548,548,
