Nome TFC,GC Original,QC Original,GC Otimizado,QC Otimizado,Diff GC,Diff QC,Observações
circuito_aleatorio_0000.tfc,400,11633,392,11581,8,52,
circuito_aleatorio_0001.tfc,400,12942,391,12849,9,93,
circuito_aleatorio_0002.tfc,400,11565,390,11416,10,149,
circuito_aleatorio_0003.tfc,400,13753,393,13590,7,163,
circuito_aleatorio_0004.tfc,400,14445,392,14207,8,238,
circuito_aleatorio_0005.tfc,400,12359,397,12268,3,91,
circuito_aleatorio_0006.tfc,400,11830,388,11674,12,156,
circuito_aleatorio_0007.tfc,400,12341,391,12279,9,62,
circuito_aleatorio_0008.tfc,400,13455,395,13265,5,190,
circuito_aleatorio_0009.tfc,400,12151,390,12059,10,92,
