Nome TFC,Qtd. Portas,Qtd. Subcircuitos,Tamanho Médio das Janelas,Maior Janela,Menor Janela,Observacao
benchmark_aleatorio_otimos_regras/n8_p400/2024-07-25/benchmark_2024-07-25_circuito_aleatorio_0000.tfc,392,1,392.0,392,392,
benchmark_aleatorio_otimos_regras/n8_p400/2024-07-25/benchmark_2024-07-25_circuito_aleatorio_0001.tfc,391,1,391.0,391,391,
benchmark_aleatorio_otimos_regras/n8_p400/2024-07-25/benchmark_2024-07-25_circuito_aleatorio_0002.tfc,390,1,390.0,390,390,
benchmark_aleatorio_otimos_regras/n8_p400/2024-07-25/benchmark_2024-07-25_circuito_aleatorio_0003.tfc,393,1,393.0,393,393,
benchmark_aleatorio_otimos_regras/n8_p400/2024-07-25/benchmark_2024-07-25_circuito_aleatorio_0004.tfc,392,1,392.0,392,392,
benchmark_aleatorio_otimos_regras/n8_p400/2024-07-25/benchmark_2024-07-25_circuito_aleatorio_0005.tfc,397,1,397.0,397,397,
benchmark_aleatorio_otimos_regras/n8_p400/2024-07-25/benchmark_2024-07-25_circuito_aleatorio_0006.tfc,388,1,388.0,388,388,
benchmark_aleatorio_otimos_regras/n8_p400/2024-07-25/benchmark_2024-07-25_circuito_aleatorio_0007.tfc,391,1,391.0,391,391,
benchmark_aleatorio_otimos_regras/n8_p400/2024-07-25/benchmark_2024-07-25_circuito_aleatorio_0008.tfc,395,1,395.0,395,395,
benchmark_aleatorio_otimos_regras/n8_p400/2024-07-25/benchmark_2024-07-25_circuito_aleatorio_0009.tfc,390,1,390.0,390,390,
