Nome TFC,GC Original,QC Original,GC Otimizado,QC Otimizado,Diff GC,Diff QC,Observações
circuito_aleatorio_0000.tfc,850,88274,847,87931,3,343,
circuito_aleatorio_0001.tfc,850,109483,850,109433,0,50,
circuito_aleatorio_0002.tfc,850,97511,850,97507,0,4,
circuito_aleatorio_0003.tfc,850,92357,850,92357,0,0,
circuito_aleatorio_0004.tfc,850,79327,850,79184,0,143,
circuito_aleatorio_0005.tfc,850,86762,849,86722,1,40,
circuito_aleatorio_0006.tfc,850,90193,849,90140,1,53,
circuito_aleatorio_0007.tfc,850,95464,849,95397,1,67,
circuito_aleatorio_0008.tfc,850,94766,846,94654,4,112,
circuito_aleatorio_0009.tfc,850,96795,850,96761,0,34,
