Nome TFC,Qtd. Portas,Qtd. Subcircuitos,Tamanho Médio das Janelas,Maior Janela,Menor Janela,Observacao
benchmark_aleatorio_otimos_regras/n11_p850/circuito_aleatorio_0000.tfc,850,1,850.0,850,850,
benchmark_aleatorio_otimos_regras/n11_p850/circuito_aleatorio_0001.tfc,850,1,850.0,850,850,
benchmark_aleatorio_otimos_regras/n11_p850/circuito_aleatorio_0002.tfc,850,1,850.0,850,850,
benchmark_aleatorio_otimos_regras/n11_p850/circuito_aleatorio_0003.tfc,850,1,850.0,850,850,
benchmark_aleatorio_otimos_regras/n11_p850/circuito_aleatorio_0004.tfc,850,1,850.0,850,850,
benchmark_aleatorio_otimos_regras/n11_p850/circuito_aleatorio_0005.tfc,850,1,850.0,850,850,
benchmark_aleatorio_otimos_regras/n11_p850/circuito_aleatorio_0006.tfc,850,1,850.0,850,850,
benchmark_aleatorio_otimos_regras/n11_p850/circuito_aleatorio_0007.tfc,850,1,850.0,850,850,
benchmark_aleatorio_otimos_regras/n11_p850/circuito_aleatorio_0008.tfc,850,1,850.0,850,850,
benchmark_aleatorio_otimos_regras/n11_p850/circuito_aleatorio_0009.tfc,850,1,850.0,850,850,
