Nome TFC,GC Original,QC Original,GC Otimizado,QC Otimizado,Diff GC,Diff QC,Observações
circuito_aleatorio_0000.tfc,100,6402,100,6402,0,0,
circuito_aleatorio_0001.tfc,100,7174,99,7157,1,17,
circuito_aleatorio_0002.tfc,100,5959,99,5938,1,21,
circuito_aleatorio_0003.tfc,100,7122,99,7033,1,89,
circuito_aleatorio_0004.tfc,100,8380,100,8380,0,0,
circuito_aleatorio_0005.tfc,100,7644,100,7580,0,64,
circuito_aleatorio_0006.tfc,100,7086,100,7086,0,0,
circuito_aleatorio_0007.tfc,100,5796,100,5796,0,0,
circuito_aleatorio_0008.tfc,100,6124,100,6124,0,0,
circuito_aleatorio_0009.tfc,100,7788,100,7748,0,40,
