Nome TFC,GC Original,QC Original,GC Otimizado,QC Otimizado,Diff GC,Diff QC,Observações
circuito_aleatorio_0000.tfc,950,254864,950,254864,0,0,
circuito_aleatorio_0001.tfc,950,251012,950,251012,0,0,
circuito_aleatorio_0002.tfc,950,236281,950,236265,0,16,
circuito_aleatorio_0003.tfc,950,208095,950,208095,0,0,
circuito_aleatorio_0004.tfc,950,225071,950,225071,0,0,
circuito_aleatorio_0005.tfc,950,245745,949,245714,1,31,
circuito_aleatorio_0006.tfc,950,239015,950,239015,0,0,
circuito_aleatorio_0007.tfc,950,241165,950,241165,0,0,
circuito_aleatorio_0008.tfc,950,244611,950,244611,0,0,
circuito_aleatorio_0009.tfc,950,244149,949,244104,1,45,
