Nome TFC,GC Original,QC Original,GC Otimizado,QC Otimizado,Diff GC,Diff QC,Observações
circuito_aleatorio_0000.tfc,850,332017,850,331953,0,64,
circuito_aleatorio_0001.tfc,850,318544,850,318544,0,0,
circuito_aleatorio_0002.tfc,850,325277,850,325277,0,0,
circuito_aleatorio_0003.tfc,850,279276,850,279276,0,0,
circuito_aleatorio_0004.tfc,850,296867,850,296863,0,4,
circuito_aleatorio_0005.tfc,850,318290,850,318290,0,0,
circuito_aleatorio_0006.tfc,850,304041,850,304009,0,32,
circuito_aleatorio_0007.tfc,850,320601,850,320473,0,128,
circuito_aleatorio_0008.tfc,850,337251,850,337251,0,0,
circuito_aleatorio_0009.tfc,850,336529,850,336529,0,0,
