Nome TFC,GC Original,QC Original,GC Otimizado,QC Otimizado,Diff GC,Diff QC,Observações
circuito_aleatorio_0000.tfc,100,9328,100,9324,0,4,
circuito_aleatorio_0001.tfc,100,10462,100,10462,0,0,
circuito_aleatorio_0002.tfc,100,10386,100,10338,0,48,
circuito_aleatorio_0003.tfc,100,12423,100,12423,0,0,
circuito_aleatorio_0004.tfc,100,10160,100,10160,0,0,
circuito_aleatorio_0005.tfc,100,11304,99,11051,1,253,
circuito_aleatorio_0006.tfc,100,8963,100,8963,0,0,
circuito_aleatorio_0007.tfc,100,9451,99,9418,1,33,
circuito_aleatorio_0008.tfc,100,12256,99,12251,1,5,
circuito_aleatorio_0009.tfc,100,16165,100,16165,0,0,
