Nome TFC,Qtd. Portas,Qtd. Subcircuitos,Tamanho Médio das Janelas,Maior Janela,Menor Janela,Observacao
benchmark_aleatorio_otimos_regras/n11_p100/circuito_aleatorio_0000.tfc,100,1,100.0,100,100,
benchmark_aleatorio_otimos_regras/n11_p100/circuito_aleatorio_0001.tfc,100,1,100.0,100,100,
benchmark_aleatorio_otimos_regras/n11_p100/circuito_aleatorio_0002.tfc,100,1,100.0,100,100,
benchmark_aleatorio_otimos_regras/n11_p100/circuito_aleatorio_0003.tfc,100,1,100.0,100,100,
benchmark_aleatorio_otimos_regras/n11_p100/circuito_aleatorio_0004.tfc,100,1,100.0,100,100,
benchmark_aleatorio_otimos_regras/n11_p100/circuito_aleatorio_0005.tfc,100,1,100.0,100,100,
benchmark_aleatorio_otimos_regras/n11_p100/circuito_aleatorio_0006.tfc,100,1,100.0,100,100,
benchmark_aleatorio_otimos_regras/n11_p100/circuito_aleatorio_0007.tfc,100,1,100.0,100,100,
benchmark_aleatorio_otimos_regras/n11_p100/circuito_aleatorio_0008.tfc,100,1,100.0,100,100,
benchmark_aleatorio_otimos_regras/n11_p100/circuito_aleatorio_0009.tfc,100,1,100.0,100,100,
