Nome TFC,GC Original,QC Original,GC Otimizado,QC Otimizado,Diff GC,Diff QC,Observações
circuito_aleatorio_0000.tfc,800,131930,799,131901,1,29,
circuito_aleatorio_0001.tfc,800,148799,799,148645,1,154,
circuito_aleatorio_0002.tfc,800,138580,800,138580,0,0,
circuito_aleatorio_0003.tfc,800,133595,799,133582,1,13,
circuito_aleatorio_0004.tfc,800,115182,799,115169,1,13,
circuito_aleatorio_0005.tfc,800,116138,800,116122,0,16,
circuito_aleatorio_0006.tfc,800,135232,799,135211,1,21,
circuito_aleatorio_0007.tfc,800,144442,800,144426,0,16,
circuito_aleatorio_0008.tfc,800,128597,799,128576,1,21,
circuito_aleatorio_0009.tfc,800,138373,800,138373,0,0,
