Nome TFC,GC Original,QC Original,GC Otimizado,QC Otimizado,Diff GC,Diff QC,Observações
circuito_aleatorio_0000.tfc,750,281063,750,280999,0,64,
circuito_aleatorio_0001.tfc,750,308611,750,308611,0,0,
circuito_aleatorio_0002.tfc,750,279052,750,279052,0,0,
circuito_aleatorio_0003.tfc,750,255510,750,255510,0,0,
circuito_aleatorio_0004.tfc,750,256544,750,256544,0,0,
circuito_aleatorio_0005.tfc,750,263765,750,263761,0,4,
circuito_aleatorio_0006.tfc,750,285790,750,285790,0,0,
circuito_aleatorio_0007.tfc,750,258142,750,258110,0,32,
circuito_aleatorio_0008.tfc,750,292337,750,292209,0,128,
circuito_aleatorio_0009.tfc,750,295632,750,295632,0,0,
