Nome TFC,Qtd. Portas,Qtd. Subcircuitos,Tamanho Médio das Janelas,Maior Janela,Menor Janela,Observacao
benchmark_aleatorio_otimos_regras/n14_p750/circuito_aleatorio_0000.tfc,750,1,750.0,750,750,
benchmark_aleatorio_otimos_regras/n14_p750/circuito_aleatorio_0001.tfc,750,1,750.0,750,750,
benchmark_aleatorio_otimos_regras/n14_p750/circuito_aleatorio_0002.tfc,750,1,750.0,750,750,
benchmark_aleatorio_otimos_regras/n14_p750/circuito_aleatorio_0003.tfc,750,1,750.0,750,750,
benchmark_aleatorio_otimos_regras/n14_p750/circuito_aleatorio_0004.tfc,750,1,750.0,750,750,
benchmark_aleatorio_otimos_regras/n14_p750/circuito_aleatorio_0005.tfc,750,1,750.0,750,750,
benchmark_aleatorio_otimos_regras/n14_p750/circuito_aleatorio_0006.tfc,750,1,750.0,750,750,
benchmark_aleatorio_otimos_regras/n14_p750/circuito_aleatorio_0007.tfc,750,1,750.0,750,750,
benchmark_aleatorio_otimos_regras/n14_p750/circuito_aleatorio_0008.tfc,750,1,750.0,750,750,
benchmark_aleatorio_otimos_regras/n14_p750/circuito_aleatorio_0009.tfc,750,1,750.0,750,750,
