Nome TFC,GC Original,QC Original,GC Otimizado,QC Otimizado,Diff GC,Diff QC,Observações
circuito_aleatorio_0000.tfc,300,71284,300,71284,0,0,
circuito_aleatorio_0001.tfc,300,82658,300,82658,0,0,
circuito_aleatorio_0002.tfc,300,86224,300,86224,0,0,
circuito_aleatorio_0003.tfc,300,92204,300,92204,0,0,
circuito_aleatorio_0004.tfc,300,68562,300,68562,0,0,
circuito_aleatorio_0005.tfc,300,75574,300,75574,0,0,
circuito_aleatorio_0006.tfc,300,85158,300,85142,0,16,
circuito_aleatorio_0007.tfc,300,70453,300,70453,0,0,
circuito_aleatorio_0008.tfc,300,76796,300,76796,0,0,
circuito_aleatorio_0009.tfc,300,71005,300,71005,0,0,
