Nome TFC,GC Original,QC Original,GC Otimizado,QC Otimizado,Diff GC,Diff QC,Observações
circuito_aleatorio_0000.tfc,10,2978,10,2978,0,0,
circuito_aleatorio_0001.tfc,10,2882,10,2882,0,0,
circuito_aleatorio_0002.tfc,10,4482,10,4482,0,0,
circuito_aleatorio_0003.tfc,10,6763,10,6763,0,0,
circuito_aleatorio_0004.tfc,10,6578,10,6578,0,0,
circuito_aleatorio_0005.tfc,10,3138,10,3138,0,0,
circuito_aleatorio_0006.tfc,10,3882,10,3882,0,0,
circuito_aleatorio_0007.tfc,10,2530,10,2530,0,0,
circuito_aleatorio_0008.tfc,10,3442,10,3442,0,0,
circuito_aleatorio_0009.tfc,10,2276,10,2276,0,0,
