Nome TFC,GC Original,QC Original,GC Otimizado,QC Otimizado,Diff GC,Diff QC,Observações
circuito_aleatorio_0000.tfc,300,19535,174,88313,126,-68778,
circuito_aleatorio_0001.tfc,300,23146,184,83071,116,-59925,
circuito_aleatorio_0002.tfc,300,19006,187,89727,113,-70721,
circuito_aleatorio_0003.tfc,300,25965,205,87007,95,-61042,
circuito_aleatorio_0004.tfc,300,26720,196,92646,104,-65926,
circuito_aleatorio_0005.tfc,300,23119,230,103898,70,-80779,
circuito_aleatorio_0006.tfc,300,19276,210,89868,90,-70592,
circuito_aleatorio_0007.tfc,300,22008,193,87821,107,-65813,
circuito_aleatorio_0008.tfc,300,25009,212,96600,88,-71591,
circuito_aleatorio_0009.tfc,300,23024,204,93878,96,-70854,
