Nome TFC,Qtd. Portas,Qtd. Subcircuitos,Tamanho Médio das Janelas,Maior Janela,Menor Janela,Observacao
benchmark_aleatorio_reed/n10_p300/2024-07-27/benchmark_2024-07-27_circuito_aleatorio_0000.tfc,174,1,174.0,174,174,
benchmark_aleatorio_reed/n10_p300/2024-07-27/benchmark_2024-07-27_circuito_aleatorio_0001.tfc,184,1,184.0,184,184,
benchmark_aleatorio_reed/n10_p300/2024-07-27/benchmark_2024-07-27_circuito_aleatorio_0002.tfc,187,1,187.0,187,187,
benchmark_aleatorio_reed/n10_p300/2024-07-27/benchmark_2024-07-27_circuito_aleatorio_0003.tfc,205,1,205.0,205,205,
benchmark_aleatorio_reed/n10_p300/2024-07-27/benchmark_2024-07-27_circuito_aleatorio_0004.tfc,196,1,196.0,196,196,
benchmark_aleatorio_reed/n10_p300/2024-07-27/benchmark_2024-07-27_circuito_aleatorio_0005.tfc,230,1,230.0,230,230,
benchmark_aleatorio_reed/n10_p300/2024-07-27/benchmark_2024-07-27_circuito_aleatorio_0006.tfc,210,1,210.0,210,210,
benchmark_aleatorio_reed/n10_p300/2024-07-27/benchmark_2024-07-27_circuito_aleatorio_0007.tfc,193,1,193.0,193,193,
benchmark_aleatorio_reed/n10_p300/2024-07-27/benchmark_2024-07-27_circuito_aleatorio_0008.tfc,212,1,212.0,212,212,
benchmark_aleatorio_reed/n10_p300/2024-07-27/benchmark_2024-07-27_circuito_aleatorio_0009.tfc,204,1,204.0,204,204,
