Nome TFC,GC Original,QC Original,GC Otimizado,QC Otimizado,Diff GC,Diff QC,Observações
circuito_aleatorio_0000.tfc,800,82477,798,82139,2,338,
circuito_aleatorio_0001.tfc,800,104562,799,104539,1,23,
circuito_aleatorio_0002.tfc,800,89009,800,88973,0,36,
circuito_aleatorio_0003.tfc,800,92110,800,92110,0,0,
circuito_aleatorio_0004.tfc,800,76422,800,76342,0,80,
circuito_aleatorio_0005.tfc,800,79864,799,79777,1,87,
circuito_aleatorio_0006.tfc,800,78535,800,78495,0,40,
circuito_aleatorio_0007.tfc,800,93187,798,93095,2,92,
circuito_aleatorio_0008.tfc,800,89180,797,89071,3,109,
circuito_aleatorio_0009.tfc,800,88548,799,88543,1,5,
