Nome TFC,Qtd. Portas,Qtd. Subcircuitos,Tamanho Médio das Janelas,Maior Janela,Menor Janela,Observacao
benchmark_aleatorio_otimos_regras/n11_p800/2024-07-26/benchmark_2024-07-26_circuito_aleatorio_0000.tfc,798,1,798.0,798,798,
benchmark_aleatorio_otimos_regras/n11_p800/2024-07-26/benchmark_2024-07-26_circuito_aleatorio_0001.tfc,799,1,799.0,799,799,
benchmark_aleatorio_otimos_regras/n11_p800/2024-07-26/benchmark_2024-07-26_circuito_aleatorio_0002.tfc,800,1,800.0,800,800,
benchmark_aleatorio_otimos_regras/n11_p800/2024-07-26/benchmark_2024-07-26_circuito_aleatorio_0003.tfc,800,1,800.0,800,800,
benchmark_aleatorio_otimos_regras/n11_p800/2024-07-26/benchmark_2024-07-26_circuito_aleatorio_0004.tfc,800,1,800.0,800,800,
benchmark_aleatorio_otimos_regras/n11_p800/2024-07-26/benchmark_2024-07-26_circuito_aleatorio_0005.tfc,799,1,799.0,799,799,
benchmark_aleatorio_otimos_regras/n11_p800/2024-07-26/benchmark_2024-07-26_circuito_aleatorio_0006.tfc,800,1,800.0,800,800,
benchmark_aleatorio_otimos_regras/n11_p800/2024-07-26/benchmark_2024-07-26_circuito_aleatorio_0007.tfc,798,1,798.0,798,798,
benchmark_aleatorio_otimos_regras/n11_p800/2024-07-26/benchmark_2024-07-26_circuito_aleatorio_0008.tfc,797,1,797.0,797,797,
benchmark_aleatorio_otimos_regras/n11_p800/2024-07-26/benchmark_2024-07-26_circuito_aleatorio_0009.tfc,799,1,799.0,799,799,
