Nome TFC,GC Original,QC Original,GC Otimizado,QC Otimizado,Diff GC,Diff QC,Observações
circuito_aleatorio_0000.tfc,150,9054,199,89397,-49,-80343,
circuito_aleatorio_0001.tfc,150,10481,200,94112,-50,-83631,
circuito_aleatorio_0002.tfc,150,12424,195,83997,-45,-71573,
circuito_aleatorio_0003.tfc,150,10722,207,93783,-57,-83061,
circuito_aleatorio_0004.tfc,150,10524,226,85318,-76,-74794,
circuito_aleatorio_0005.tfc,150,8482,185,93215,-35,-84733,
circuito_aleatorio_0006.tfc,150,13839,193,86727,-43,-72888,
circuito_aleatorio_0007.tfc,150,12126,203,89323,-53,-77197,
circuito_aleatorio_0008.tfc,150,12123,219,95847,-69,-83724,
circuito_aleatorio_0009.tfc,150,14597,212,88646,-62,-74049,
