Nome TFC,Qtd. Portas,Qtd. Subcircuitos,Tamanho Médio das Janelas,Maior Janela,Menor Janela,Observacao
benchmark_aleatorio_reed/n10_p150/2024-07-27/benchmark_2024-07-27_circuito_aleatorio_0000.tfc,199,1,199.0,199,199,
benchmark_aleatorio_reed/n10_p150/2024-07-27/benchmark_2024-07-27_circuito_aleatorio_0001.tfc,200,1,200.0,200,200,
benchmark_aleatorio_reed/n10_p150/2024-07-27/benchmark_2024-07-27_circuito_aleatorio_0002.tfc,195,1,195.0,195,195,
benchmark_aleatorio_reed/n10_p150/2024-07-27/benchmark_2024-07-27_circuito_aleatorio_0003.tfc,207,1,207.0,207,207,
benchmark_aleatorio_reed/n10_p150/2024-07-27/benchmark_2024-07-27_circuito_aleatorio_0004.tfc,226,1,226.0,226,226,
benchmark_aleatorio_reed/n10_p150/2024-07-27/benchmark_2024-07-27_circuito_aleatorio_0005.tfc,185,1,185.0,185,185,
benchmark_aleatorio_reed/n10_p150/2024-07-27/benchmark_2024-07-27_circuito_aleatorio_0006.tfc,193,1,193.0,193,193,
benchmark_aleatorio_reed/n10_p150/2024-07-27/benchmark_2024-07-27_circuito_aleatorio_0007.tfc,203,1,203.0,203,203,
benchmark_aleatorio_reed/n10_p150/2024-07-27/benchmark_2024-07-27_circuito_aleatorio_0008.tfc,219,1,219.0,219,219,
benchmark_aleatorio_reed/n10_p150/2024-07-27/benchmark_2024-07-27_circuito_aleatorio_0009.tfc,212,1,212.0,212,212,
