Nome TFC,Qtd. Portas,Qtd. Subcircuitos,Tamanho Médio das Janelas,Maior Janela,Menor Janela,Observacao
benchmark_aleatorio_reed/n10_p150/circuito_aleatorio_0000.tfc,150,1,150.0,150,150,
benchmark_aleatorio_reed/n10_p150/circuito_aleatorio_0001.tfc,150,1,150.0,150,150,
benchmark_aleatorio_reed/n10_p150/circuito_aleatorio_0002.tfc,150,1,150.0,150,150,
benchmark_aleatorio_reed/n10_p150/circuito_aleatorio_0003.tfc,150,1,150.0,150,150,
benchmark_aleatorio_reed/n10_p150/circuito_aleatorio_0004.tfc,150,1,150.0,150,150,
benchmark_aleatorio_reed/n10_p150/circuito_aleatorio_0005.tfc,150,1,150.0,150,150,
benchmark_aleatorio_reed/n10_p150/circuito_aleatorio_0006.tfc,150,1,150.0,150,150,
benchmark_aleatorio_reed/n10_p150/circuito_aleatorio_0007.tfc,150,1,150.0,150,150,
benchmark_aleatorio_reed/n10_p150/circuito_aleatorio_0008.tfc,150,1,150.0,150,150,
benchmark_aleatorio_reed/n10_p150/circuito_aleatorio_0009.tfc,150,1,150.0,150,150,
