Nome TFC,GC Original,QC Original,GC Otimizado,QC Otimizado,Diff GC,Diff QC,Observações
circuito_aleatorio_0000.tfc,250,81504,250,81504,0,0,
circuito_aleatorio_0001.tfc,250,94451,250,94451,0,0,
circuito_aleatorio_0002.tfc,250,105108,250,105044,0,64,
circuito_aleatorio_0003.tfc,250,119736,250,119736,0,0,
circuito_aleatorio_0004.tfc,250,105410,250,105410,0,0,
circuito_aleatorio_0005.tfc,250,83465,250,83465,0,0,
circuito_aleatorio_0006.tfc,250,86723,250,86723,0,0,
circuito_aleatorio_0007.tfc,250,104649,250,104649,0,0,
circuito_aleatorio_0008.tfc,250,87680,250,87680,0,0,
circuito_aleatorio_0009.tfc,250,91754,250,91754,0,0,
